ISO-10303-21;
HEADER;
/* Generated by software containing ST-Developer
 * from STEP Tools, Inc. (www.steptools.com) 
 */

FILE_DESCRIPTION(
/* description */ (''),
/* implementation_level */ '2;1');

FILE_NAME(
/* name */ 'SC_MM_Inlay.step',
/* time_stamp */ '2026-09-14T21:42:30+02:00',
/* author */ (''),
/* organization */ (''),
/* preprocessor_version */ 'ST-DEVELOPER v20.2',
/* originating_system */ 'Autodesk Translation Framework v15.15.0.0',
/* authorisation */ '');

FILE_SCHEMA (('AUTOMOTIVE_DESIGN { 1 0 10303 214 3 1 1 }'));
ENDSEC;

DATA;
#10=MECHANICAL_DESIGN_GEOMETRIC_PRESENTATION_REPRESENTATION('',(#25),#3172);
#11=ITEM_DEFINED_TRANSFORMATION($,$,#1980,#2106);
#12=ITEM_DEFINED_TRANSFORMATION($,$,#1979,#2107);
#13=ITEM_DEFINED_TRANSFORMATION($,$,#1978,#2108);
#14=(
REPRESENTATION_RELATIONSHIP($,$,#3191,#3190)
REPRESENTATION_RELATIONSHIP_WITH_TRANSFORMATION(#11)
SHAPE_REPRESENTATION_RELATIONSHIP()
);
#15=(
REPRESENTATION_RELATIONSHIP($,$,#3190,#3189)
REPRESENTATION_RELATIONSHIP_WITH_TRANSFORMATION(#12)
SHAPE_REPRESENTATION_RELATIONSHIP()
);
#16=(
REPRESENTATION_RELATIONSHIP($,$,#3189,#3188)
REPRESENTATION_RELATIONSHIP_WITH_TRANSFORMATION(#13)
SHAPE_REPRESENTATION_RELATIONSHIP()
);
#17=CONTEXT_DEPENDENT_SHAPE_REPRESENTATION(#14,#3185);
#18=CONTEXT_DEPENDENT_SHAPE_REPRESENTATION(#15,#3186);
#19=CONTEXT_DEPENDENT_SHAPE_REPRESENTATION(#16,#3187);
#20=NEXT_ASSEMBLY_USAGE_OCCURRENCE('Inlay_MM:1','Inlay_MM:1',
'Inlay_MM:1',#3195,#3196,'Inlay_MM:1');
#21=NEXT_ASSEMBLY_USAGE_OCCURRENCE('Maintenance_Modul_124:1',
'Maintenance_Modul_124:1','Maintenance_Modul_124:1',#3194,#3195,
'Maintenance_Modul_124:1');
#22=NEXT_ASSEMBLY_USAGE_OCCURRENCE('SlotCrate-124:1','SlotCrate-124:1',
'SlotCrate-124:1',#3193,#3194,'SlotCrate-124:1');
#23=SHAPE_REPRESENTATION_RELATIONSHIP('SRR','None',#3191,#24);
#24=ADVANCED_BREP_SHAPE_REPRESENTATION('',(#26),#3171);
#25=STYLED_ITEM('',(#3214),#26);
#26=MANIFOLD_SOLID_BREP('SC_MM_Inlay',#1964);
#27=FACE_BOUND('',#212,.T.);
#28=FACE_BOUND('',#213,.T.);
#29=FACE_BOUND('',#214,.T.);
#30=FACE_BOUND('',#215,.T.);
#31=FACE_BOUND('',#216,.T.);
#32=FACE_BOUND('',#217,.T.);
#33=FACE_BOUND('',#231,.T.);
#34=FACE_BOUND('',#237,.T.);
#35=FACE_BOUND('',#238,.T.);
#36=FACE_BOUND('',#239,.T.);
#37=FACE_BOUND('',#240,.T.);
#38=FACE_BOUND('',#241,.T.);
#39=FACE_BOUND('',#242,.T.);
#40=FACE_BOUND('',#254,.T.);
#41=FACE_BOUND('',#274,.T.);
#42=FACE_BOUND('',#275,.T.);
#43=FACE_BOUND('',#276,.T.);
#44=FACE_BOUND('',#277,.T.);
#45=FACE_BOUND('',#278,.T.);
#46=FACE_BOUND('',#279,.T.);
#47=FACE_BOUND('',#293,.T.);
#48=FACE_BOUND('',#298,.T.);
#49=FACE_BOUND('',#299,.T.);
#50=FACE_BOUND('',#300,.T.);
#51=FACE_BOUND('',#301,.T.);
#52=FACE_BOUND('',#302,.T.);
#53=FACE_BOUND('',#303,.T.);
#54=FACE_BOUND('',#317,.T.);
#55=CIRCLE('',#1986,20.5);
#56=CIRCLE('',#1987,20.5);
#57=CIRCLE('',#1989,20.5);
#58=CIRCLE('',#1990,20.5);
#59=CIRCLE('',#1992,16.);
#60=CIRCLE('',#1993,16.);
#61=CIRCLE('',#1995,20.5);
#62=CIRCLE('',#1996,20.5);
#63=CIRCLE('',#1998,12.5);
#64=CIRCLE('',#1999,12.5);
#65=CIRCLE('',#2001,12.5);
#66=CIRCLE('',#2002,12.5);
#67=CIRCLE('',#2004,16.);
#68=CIRCLE('',#2005,16.);
#69=CIRCLE('',#2007,12.5);
#70=CIRCLE('',#2008,12.5);
#71=CIRCLE('',#2010,15.9999999999999);
#72=CIRCLE('',#2011,15.9999999999999);
#73=CIRCLE('',#2013,16.);
#74=CIRCLE('',#2014,16.);
#75=CIRCLE('',#2016,12.5);
#76=CIRCLE('',#2017,12.5);
#77=CIRCLE('',#2033,3.00156211871639);
#78=CIRCLE('',#2034,3.00156211871653);
#79=CIRCLE('',#2070,3.00156211871639);
#80=CIRCLE('',#2071,3.00156211871653);
#81=CIRCLE('',#2082,3.00156211871653);
#82=CIRCLE('',#2089,3.00156211871639);
#83=CIRCLE('',#2095,3.00156211871653);
#84=CIRCLE('',#2099,3.00156211871639);
#85=CYLINDRICAL_SURFACE('',#1985,20.5);
#86=CYLINDRICAL_SURFACE('',#1988,20.5);
#87=CYLINDRICAL_SURFACE('',#1991,16.);
#88=CYLINDRICAL_SURFACE('',#1994,20.5);
#89=CYLINDRICAL_SURFACE('',#1997,12.5);
#90=CYLINDRICAL_SURFACE('',#2000,12.5);
#91=CYLINDRICAL_SURFACE('',#2003,16.);
#92=CYLINDRICAL_SURFACE('',#2006,12.5);
#93=CYLINDRICAL_SURFACE('',#2009,15.9999999999999);
#94=CYLINDRICAL_SURFACE('',#2012,16.);
#95=CYLINDRICAL_SURFACE('',#2015,12.5);
#96=CYLINDRICAL_SURFACE('',#2081,3.00156211871653);
#97=CYLINDRICAL_SURFACE('',#2088,3.00156211871639);
#98=CYLINDRICAL_SURFACE('',#2094,3.00156211871653);
#99=CYLINDRICAL_SURFACE('',#2098,3.00156211871639);
#100=FACE_OUTER_BOUND('',#195,.T.);
#101=FACE_OUTER_BOUND('',#196,.T.);
#102=FACE_OUTER_BOUND('',#197,.T.);
#103=FACE_OUTER_BOUND('',#198,.T.);
#104=FACE_OUTER_BOUND('',#199,.T.);
#105=FACE_OUTER_BOUND('',#200,.T.);
#106=FACE_OUTER_BOUND('',#201,.T.);
#107=FACE_OUTER_BOUND('',#202,.T.);
#108=FACE_OUTER_BOUND('',#203,.T.);
#109=FACE_OUTER_BOUND('',#204,.T.);
#110=FACE_OUTER_BOUND('',#205,.T.);
#111=FACE_OUTER_BOUND('',#206,.T.);
#112=FACE_OUTER_BOUND('',#207,.T.);
#113=FACE_OUTER_BOUND('',#208,.T.);
#114=FACE_OUTER_BOUND('',#209,.T.);
#115=FACE_OUTER_BOUND('',#210,.T.);
#116=FACE_OUTER_BOUND('',#211,.T.);
#117=FACE_OUTER_BOUND('',#218,.T.);
#118=FACE_OUTER_BOUND('',#219,.T.);
#119=FACE_OUTER_BOUND('',#220,.T.);
#120=FACE_OUTER_BOUND('',#221,.T.);
#121=FACE_OUTER_BOUND('',#222,.T.);
#122=FACE_OUTER_BOUND('',#223,.T.);
#123=FACE_OUTER_BOUND('',#224,.T.);
#124=FACE_OUTER_BOUND('',#225,.T.);
#125=FACE_OUTER_BOUND('',#226,.T.);
#126=FACE_OUTER_BOUND('',#227,.T.);
#127=FACE_OUTER_BOUND('',#228,.T.);
#128=FACE_OUTER_BOUND('',#229,.T.);
#129=FACE_OUTER_BOUND('',#230,.T.);
#130=FACE_OUTER_BOUND('',#232,.T.);
#131=FACE_OUTER_BOUND('',#233,.T.);
#132=FACE_OUTER_BOUND('',#234,.T.);
#133=FACE_OUTER_BOUND('',#235,.T.);
#134=FACE_OUTER_BOUND('',#236,.T.);
#135=FACE_OUTER_BOUND('',#243,.T.);
#136=FACE_OUTER_BOUND('',#244,.T.);
#137=FACE_OUTER_BOUND('',#245,.T.);
#138=FACE_OUTER_BOUND('',#246,.T.);
#139=FACE_OUTER_BOUND('',#247,.T.);
#140=FACE_OUTER_BOUND('',#248,.T.);
#141=FACE_OUTER_BOUND('',#249,.T.);
#142=FACE_OUTER_BOUND('',#250,.T.);
#143=FACE_OUTER_BOUND('',#251,.T.);
#144=FACE_OUTER_BOUND('',#252,.T.);
#145=FACE_OUTER_BOUND('',#253,.T.);
#146=FACE_OUTER_BOUND('',#255,.T.);
#147=FACE_OUTER_BOUND('',#256,.T.);
#148=FACE_OUTER_BOUND('',#257,.T.);
#149=FACE_OUTER_BOUND('',#258,.T.);
#150=FACE_OUTER_BOUND('',#259,.T.);
#151=FACE_OUTER_BOUND('',#260,.T.);
#152=FACE_OUTER_BOUND('',#261,.T.);
#153=FACE_OUTER_BOUND('',#262,.T.);
#154=FACE_OUTER_BOUND('',#263,.T.);
#155=FACE_OUTER_BOUND('',#264,.T.);
#156=FACE_OUTER_BOUND('',#265,.T.);
#157=FACE_OUTER_BOUND('',#266,.T.);
#158=FACE_OUTER_BOUND('',#267,.T.);
#159=FACE_OUTER_BOUND('',#268,.T.);
#160=FACE_OUTER_BOUND('',#269,.T.);
#161=FACE_OUTER_BOUND('',#270,.T.);
#162=FACE_OUTER_BOUND('',#271,.T.);
#163=FACE_OUTER_BOUND('',#272,.T.);
#164=FACE_OUTER_BOUND('',#273,.T.);
#165=FACE_OUTER_BOUND('',#280,.T.);
#166=FACE_OUTER_BOUND('',#281,.T.);
#167=FACE_OUTER_BOUND('',#282,.T.);
#168=FACE_OUTER_BOUND('',#283,.T.);
#169=FACE_OUTER_BOUND('',#284,.T.);
#170=FACE_OUTER_BOUND('',#285,.T.);
#171=FACE_OUTER_BOUND('',#286,.T.);
#172=FACE_OUTER_BOUND('',#287,.T.);
#173=FACE_OUTER_BOUND('',#288,.T.);
#174=FACE_OUTER_BOUND('',#289,.T.);
#175=FACE_OUTER_BOUND('',#290,.T.);
#176=FACE_OUTER_BOUND('',#291,.T.);
#177=FACE_OUTER_BOUND('',#292,.T.);
#178=FACE_OUTER_BOUND('',#294,.T.);
#179=FACE_OUTER_BOUND('',#295,.T.);
#180=FACE_OUTER_BOUND('',#296,.T.);
#181=FACE_OUTER_BOUND('',#297,.T.);
#182=FACE_OUTER_BOUND('',#304,.T.);
#183=FACE_OUTER_BOUND('',#305,.T.);
#184=FACE_OUTER_BOUND('',#306,.T.);
#185=FACE_OUTER_BOUND('',#307,.T.);
#186=FACE_OUTER_BOUND('',#308,.T.);
#187=FACE_OUTER_BOUND('',#309,.T.);
#188=FACE_OUTER_BOUND('',#310,.T.);
#189=FACE_OUTER_BOUND('',#311,.T.);
#190=FACE_OUTER_BOUND('',#312,.T.);
#191=FACE_OUTER_BOUND('',#313,.T.);
#192=FACE_OUTER_BOUND('',#314,.T.);
#193=FACE_OUTER_BOUND('',#315,.T.);
#194=FACE_OUTER_BOUND('',#316,.T.);
#195=EDGE_LOOP('',(#1247,#1248,#1249,#1250));
#196=EDGE_LOOP('',(#1251,#1252,#1253,#1254));
#197=EDGE_LOOP('',(#1255,#1256,#1257,#1258));
#198=EDGE_LOOP('',(#1259,#1260,#1261,#1262));
#199=EDGE_LOOP('',(#1263,#1264,#1265,#1266));
#200=EDGE_LOOP('',(#1267,#1268,#1269,#1270));
#201=EDGE_LOOP('',(#1271,#1272,#1273,#1274));
#202=EDGE_LOOP('',(#1275,#1276,#1277,#1278));
#203=EDGE_LOOP('',(#1279,#1280,#1281,#1282));
#204=EDGE_LOOP('',(#1283,#1284,#1285,#1286));
#205=EDGE_LOOP('',(#1287,#1288,#1289,#1290));
#206=EDGE_LOOP('',(#1291,#1292,#1293,#1294));
#207=EDGE_LOOP('',(#1295,#1296,#1297,#1298));
#208=EDGE_LOOP('',(#1299,#1300,#1301,#1302));
#209=EDGE_LOOP('',(#1303,#1304,#1305,#1306));
#210=EDGE_LOOP('',(#1307,#1308,#1309,#1310));
#211=EDGE_LOOP('',(#1311,#1312,#1313,#1314,#1315,#1316));
#212=EDGE_LOOP('',(#1317));
#213=EDGE_LOOP('',(#1318));
#214=EDGE_LOOP('',(#1319));
#215=EDGE_LOOP('',(#1320));
#216=EDGE_LOOP('',(#1321));
#217=EDGE_LOOP('',(#1322));
#218=EDGE_LOOP('',(#1323,#1324,#1325,#1326));
#219=EDGE_LOOP('',(#1327,#1328,#1329,#1330));
#220=EDGE_LOOP('',(#1331,#1332,#1333,#1334));
#221=EDGE_LOOP('',(#1335,#1336,#1337,#1338));
#222=EDGE_LOOP('',(#1339,#1340,#1341,#1342));
#223=EDGE_LOOP('',(#1343,#1344,#1345,#1346,#1347,#1348));
#224=EDGE_LOOP('',(#1349,#1350,#1351,#1352));
#225=EDGE_LOOP('',(#1353,#1354,#1355,#1356));
#226=EDGE_LOOP('',(#1357,#1358,#1359,#1360));
#227=EDGE_LOOP('',(#1361,#1362,#1363,#1364));
#228=EDGE_LOOP('',(#1365,#1366,#1367,#1368));
#229=EDGE_LOOP('',(#1369,#1370,#1371,#1372));
#230=EDGE_LOOP('',(#1373,#1374,#1375,#1376,#1377,#1378,#1379,#1380,#1381,
#1382,#1383,#1384));
#231=EDGE_LOOP('',(#1385,#1386,#1387,#1388));
#232=EDGE_LOOP('',(#1389,#1390,#1391,#1392));
#233=EDGE_LOOP('',(#1393,#1394,#1395,#1396));
#234=EDGE_LOOP('',(#1397,#1398,#1399,#1400));
#235=EDGE_LOOP('',(#1401,#1402,#1403,#1404));
#236=EDGE_LOOP('',(#1405,#1406,#1407,#1408));
#237=EDGE_LOOP('',(#1409));
#238=EDGE_LOOP('',(#1410));
#239=EDGE_LOOP('',(#1411));
#240=EDGE_LOOP('',(#1412));
#241=EDGE_LOOP('',(#1413));
#242=EDGE_LOOP('',(#1414));
#243=EDGE_LOOP('',(#1415,#1416,#1417,#1418));
#244=EDGE_LOOP('',(#1419,#1420,#1421,#1422));
#245=EDGE_LOOP('',(#1423,#1424,#1425,#1426));
#246=EDGE_LOOP('',(#1427,#1428,#1429,#1430));
#247=EDGE_LOOP('',(#1431,#1432,#1433,#1434));
#248=EDGE_LOOP('',(#1435,#1436,#1437,#1438));
#249=EDGE_LOOP('',(#1439,#1440,#1441,#1442));
#250=EDGE_LOOP('',(#1443,#1444,#1445,#1446));
#251=EDGE_LOOP('',(#1447,#1448,#1449,#1450));
#252=EDGE_LOOP('',(#1451,#1452,#1453,#1454,#1455,#1456,#1457,#1458,#1459,
#1460,#1461,#1462,#1463,#1464));
#253=EDGE_LOOP('',(#1465,#1466,#1467,#1468));
#254=EDGE_LOOP('',(#1469,#1470,#1471,#1472));
#255=EDGE_LOOP('',(#1473,#1474,#1475,#1476,#1477,#1478,#1479,#1480,#1481,
#1482,#1483,#1484,#1485,#1486,#1487,#1488));
#256=EDGE_LOOP('',(#1489,#1490,#1491,#1492));
#257=EDGE_LOOP('',(#1493,#1494,#1495,#1496));
#258=EDGE_LOOP('',(#1497,#1498,#1499,#1500));
#259=EDGE_LOOP('',(#1501,#1502,#1503,#1504));
#260=EDGE_LOOP('',(#1505,#1506,#1507,#1508));
#261=EDGE_LOOP('',(#1509,#1510,#1511,#1512));
#262=EDGE_LOOP('',(#1513,#1514,#1515,#1516));
#263=EDGE_LOOP('',(#1517,#1518,#1519,#1520));
#264=EDGE_LOOP('',(#1521,#1522,#1523,#1524));
#265=EDGE_LOOP('',(#1525,#1526,#1527,#1528));
#266=EDGE_LOOP('',(#1529,#1530,#1531,#1532));
#267=EDGE_LOOP('',(#1533,#1534,#1535,#1536,#1537,#1538));
#268=EDGE_LOOP('',(#1539,#1540,#1541,#1542));
#269=EDGE_LOOP('',(#1543,#1544,#1545,#1546,#1547,#1548));
#270=EDGE_LOOP('',(#1549,#1550,#1551,#1552));
#271=EDGE_LOOP('',(#1553,#1554,#1555,#1556,#1557,#1558));
#272=EDGE_LOOP('',(#1559,#1560,#1561,#1562,#1563,#1564));
#273=EDGE_LOOP('',(#1565,#1566,#1567,#1568,#1569,#1570,#1571,#1572,#1573,
#1574,#1575,#1576,#1577,#1578,#1579,#1580));
#274=EDGE_LOOP('',(#1581,#1582,#1583,#1584));
#275=EDGE_LOOP('',(#1585));
#276=EDGE_LOOP('',(#1586));
#277=EDGE_LOOP('',(#1587));
#278=EDGE_LOOP('',(#1588));
#279=EDGE_LOOP('',(#1589));
#280=EDGE_LOOP('',(#1590,#1591,#1592,#1593,#1594,#1595,#1596,#1597,#1598,
#1599,#1600,#1601,#1602,#1603));
#281=EDGE_LOOP('',(#1604,#1605,#1606,#1607,#1608,#1609,#1610,#1611,#1612,
#1613,#1614,#1615,#1616));
#282=EDGE_LOOP('',(#1617,#1618,#1619,#1620));
#283=EDGE_LOOP('',(#1621,#1622,#1623,#1624));
#284=EDGE_LOOP('',(#1625,#1626,#1627,#1628));
#285=EDGE_LOOP('',(#1629,#1630,#1631,#1632));
#286=EDGE_LOOP('',(#1633,#1634,#1635,#1636));
#287=EDGE_LOOP('',(#1637,#1638,#1639,#1640));
#288=EDGE_LOOP('',(#1641,#1642,#1643,#1644));
#289=EDGE_LOOP('',(#1645,#1646,#1647,#1648));
#290=EDGE_LOOP('',(#1649,#1650,#1651,#1652,#1653));
#291=EDGE_LOOP('',(#1654,#1655,#1656,#1657));
#292=EDGE_LOOP('',(#1658,#1659,#1660,#1661));
#293=EDGE_LOOP('',(#1662,#1663,#1664,#1665));
#294=EDGE_LOOP('',(#1666,#1667,#1668,#1669));
#295=EDGE_LOOP('',(#1670,#1671,#1672,#1673,#1674));
#296=EDGE_LOOP('',(#1675,#1676,#1677,#1678));
#297=EDGE_LOOP('',(#1679,#1680,#1681,#1682,#1683,#1684,#1685,#1686,#1687,
#1688,#1689,#1690));
#298=EDGE_LOOP('',(#1691,#1692,#1693,#1694));
#299=EDGE_LOOP('',(#1695));
#300=EDGE_LOOP('',(#1696));
#301=EDGE_LOOP('',(#1697));
#302=EDGE_LOOP('',(#1698));
#303=EDGE_LOOP('',(#1699));
#304=EDGE_LOOP('',(#1700,#1701,#1702,#1703,#1704,#1705,#1706,#1707,#1708,
#1709,#1710,#1711,#1712,#1713));
#305=EDGE_LOOP('',(#1714,#1715,#1716,#1717));
#306=EDGE_LOOP('',(#1718,#1719,#1720,#1721,#1722,#1723,#1724,#1725,#1726,
#1727,#1728,#1729,#1730));
#307=EDGE_LOOP('',(#1731,#1732,#1733,#1734));
#308=EDGE_LOOP('',(#1735,#1736,#1737,#1738,#1739));
#309=EDGE_LOOP('',(#1740,#1741,#1742,#1743,#1744));
#310=EDGE_LOOP('',(#1745,#1746,#1747,#1748));
#311=EDGE_LOOP('',(#1749,#1750,#1751,#1752));
#312=EDGE_LOOP('',(#1753,#1754,#1755,#1756));
#313=EDGE_LOOP('',(#1757,#1758,#1759,#1760));
#314=EDGE_LOOP('',(#1761,#1762,#1763,#1764));
#315=EDGE_LOOP('',(#1765,#1766,#1767,#1768));
#316=EDGE_LOOP('',(#1769,#1770,#1771,#1772,#1773,#1774,#1775,#1776,#1777,
#1778,#1779,#1780,#1781,#1782,#1783,#1784));
#317=EDGE_LOOP('',(#1785,#1786,#1787,#1788));
#318=LINE('',#2621,#559);
#319=LINE('',#2623,#560);
#320=LINE('',#2625,#561);
#321=LINE('',#2626,#562);
#322=LINE('',#2629,#563);
#323=LINE('',#2631,#564);
#324=LINE('',#2632,#565);
#325=LINE('',#2635,#566);
#326=LINE('',#2637,#567);
#327=LINE('',#2638,#568);
#328=LINE('',#2640,#569);
#329=LINE('',#2641,#570);
#330=LINE('',#2646,#571);
#331=LINE('',#2652,#572);
#332=LINE('',#2658,#573);
#333=LINE('',#2664,#574);
#334=LINE('',#2670,#575);
#335=LINE('',#2676,#576);
#336=LINE('',#2682,#577);
#337=LINE('',#2688,#578);
#338=LINE('',#2694,#579);
#339=LINE('',#2700,#580);
#340=LINE('',#2706,#581);
#341=LINE('',#2711,#582);
#342=LINE('',#2713,#583);
#343=LINE('',#2715,#584);
#344=LINE('',#2716,#585);
#345=LINE('',#2719,#586);
#346=LINE('',#2721,#587);
#347=LINE('',#2723,#588);
#348=LINE('',#2725,#589);
#349=LINE('',#2726,#590);
#350=LINE('',#2730,#591);
#351=LINE('',#2732,#592);
#352=LINE('',#2734,#593);
#353=LINE('',#2735,#594);
#354=LINE('',#2737,#595);
#355=LINE('',#2738,#596);
#356=LINE('',#2742,#597);
#357=LINE('',#2744,#598);
#358=LINE('',#2746,#599);
#359=LINE('',#2747,#600);
#360=LINE('',#2750,#601);
#361=LINE('',#2752,#602);
#362=LINE('',#2753,#603);
#363=LINE('',#2757,#604);
#364=LINE('',#2759,#605);
#365=LINE('',#2761,#606);
#366=LINE('',#2762,#607);
#367=LINE('',#2765,#608);
#368=LINE('',#2767,#609);
#369=LINE('',#2769,#610);
#370=LINE('',#2771,#611);
#371=LINE('',#2772,#612);
#372=LINE('',#2775,#613);
#373=LINE('',#2777,#614);
#374=LINE('',#2778,#615);
#375=LINE('',#2782,#616);
#376=LINE('',#2784,#617);
#377=LINE('',#2786,#618);
#378=LINE('',#2787,#619);
#379=LINE('',#2789,#620);
#380=LINE('',#2790,#621);
#381=LINE('',#2794,#622);
#382=LINE('',#2796,#623);
#383=LINE('',#2798,#624);
#384=LINE('',#2799,#625);
#385=LINE('',#2802,#626);
#386=LINE('',#2804,#627);
#387=LINE('',#2805,#628);
#388=LINE('',#2809,#629);
#389=LINE('',#2810,#630);
#390=LINE('',#2811,#631);
#391=LINE('',#2814,#632);
#392=LINE('',#2818,#633);
#393=LINE('',#2820,#634);
#394=LINE('',#2822,#635);
#395=LINE('',#2824,#636);
#396=LINE('',#2826,#637);
#397=LINE('',#2829,#638);
#398=LINE('',#2831,#639);
#399=LINE('',#2833,#640);
#400=LINE('',#2834,#641);
#401=LINE('',#2837,#642);
#402=LINE('',#2839,#643);
#403=LINE('',#2840,#644);
#404=LINE('',#2843,#645);
#405=LINE('',#2844,#646);
#406=LINE('',#2847,#647);
#407=LINE('',#2848,#648);
#408=LINE('',#2852,#649);
#409=LINE('',#2854,#650);
#410=LINE('',#2856,#651);
#411=LINE('',#2857,#652);
#412=LINE('',#2860,#653);
#413=LINE('',#2862,#654);
#414=LINE('',#2863,#655);
#415=LINE('',#2867,#656);
#416=LINE('',#2869,#657);
#417=LINE('',#2871,#658);
#418=LINE('',#2872,#659);
#419=LINE('',#2875,#660);
#420=LINE('',#2877,#661);
#421=LINE('',#2878,#662);
#422=LINE('',#2881,#663);
#423=LINE('',#2883,#664);
#424=LINE('',#2884,#665);
#425=LINE('',#2886,#666);
#426=LINE('',#2887,#667);
#427=LINE('',#2889,#668);
#428=LINE('',#2891,#669);
#429=LINE('',#2895,#670);
#430=LINE('',#2897,#671);
#431=LINE('',#2899,#672);
#432=LINE('',#2900,#673);
#433=LINE('',#2904,#674);
#434=LINE('',#2906,#675);
#435=LINE('',#2908,#676);
#436=LINE('',#2909,#677);
#437=LINE('',#2911,#678);
#438=LINE('',#2912,#679);
#439=LINE('',#2915,#680);
#440=LINE('',#2917,#681);
#441=LINE('',#2918,#682);
#442=LINE('',#2920,#683);
#443=LINE('',#2922,#684);
#444=LINE('',#2924,#685);
#445=LINE('',#2926,#686);
#446=LINE('',#2928,#687);
#447=LINE('',#2930,#688);
#448=LINE('',#2932,#689);
#449=LINE('',#2933,#690);
#450=LINE('',#2934,#691);
#451=LINE('',#2936,#692);
#452=LINE('',#2939,#693);
#453=LINE('',#2941,#694);
#454=LINE('',#2943,#695);
#455=LINE('',#2945,#696);
#456=LINE('',#2947,#697);
#457=LINE('',#2949,#698);
#458=LINE('',#2951,#699);
#459=LINE('',#2953,#700);
#460=LINE('',#2954,#701);
#461=LINE('',#2956,#702);
#462=LINE('',#2958,#703);
#463=LINE('',#2960,#704);
#464=LINE('',#2961,#705);
#465=LINE('',#2964,#706);
#466=LINE('',#2966,#707);
#467=LINE('',#2967,#708);
#468=LINE('',#2970,#709);
#469=LINE('',#2971,#710);
#470=LINE('',#2974,#711);
#471=LINE('',#2975,#712);
#472=LINE('',#2979,#713);
#473=LINE('',#2981,#714);
#474=LINE('',#2983,#715);
#475=LINE('',#2984,#716);
#476=LINE('',#2987,#717);
#477=LINE('',#2989,#718);
#478=LINE('',#2990,#719);
#479=LINE('',#2993,#720);
#480=LINE('',#2995,#721);
#481=LINE('',#2996,#722);
#482=LINE('',#2998,#723);
#483=LINE('',#2999,#724);
#484=LINE('',#3001,#725);
#485=LINE('',#3003,#726);
#486=LINE('',#3006,#727);
#487=LINE('',#3008,#728);
#488=LINE('',#3009,#729);
#489=LINE('',#3010,#730);
#490=LINE('',#3012,#731);
#491=LINE('',#3015,#732);
#492=LINE('',#3016,#733);
#493=LINE('',#3019,#734);
#494=LINE('',#3020,#735);
#495=LINE('',#3022,#736);
#496=LINE('',#3024,#737);
#497=LINE('',#3027,#738);
#498=LINE('',#3029,#739);
#499=LINE('',#3030,#740);
#500=LINE('',#3033,#741);
#501=LINE('',#3035,#742);
#502=LINE('',#3036,#743);
#503=LINE('',#3038,#744);
#504=LINE('',#3040,#745);
#505=LINE('',#3044,#746);
#506=LINE('',#3046,#747);
#507=LINE('',#3048,#748);
#508=LINE('',#3050,#749);
#509=LINE('',#3052,#750);
#510=LINE('',#3055,#751);
#511=LINE('',#3056,#752);
#512=LINE('',#3058,#753);
#513=LINE('',#3060,#754);
#514=LINE('',#3061,#755);
#515=LINE('',#3064,#756);
#516=LINE('',#3065,#757);
#517=LINE('',#3068,#758);
#518=LINE('',#3069,#759);
#519=LINE('',#3071,#760);
#520=LINE('',#3076,#761);
#521=LINE('',#3077,#762);
#522=LINE('',#3078,#763);
#523=LINE('',#3081,#764);
#524=LINE('',#3082,#765);
#525=LINE('',#3085,#766);
#526=LINE('',#3086,#767);
#527=LINE('',#3089,#768);
#528=LINE('',#3090,#769);
#529=LINE('',#3093,#770);
#530=LINE('',#3094,#771);
#531=LINE('',#3098,#772);
#532=LINE('',#3100,#773);
#533=LINE('',#3102,#774);
#534=LINE('',#3104,#775);
#535=LINE('',#3108,#776);
#536=LINE('',#3109,#777);
#537=LINE('',#3115,#778);
#538=LINE('',#3116,#779);
#539=LINE('',#3117,#780);
#540=LINE('',#3120,#781);
#541=LINE('',#3121,#782);
#542=LINE('',#3123,#783);
#543=LINE('',#3124,#784);
#544=LINE('',#3129,#785);
#545=LINE('',#3130,#786);
#546=LINE('',#3132,#787);
#547=LINE('',#3135,#788);
#548=LINE('',#3136,#789);
#549=LINE('',#3140,#790);
#550=LINE('',#3143,#791);
#551=LINE('',#3144,#792);
#552=LINE('',#3147,#793);
#553=LINE('',#3148,#794);
#554=LINE('',#3151,#795);
#555=LINE('',#3152,#796);
#556=LINE('',#3155,#797);
#557=LINE('',#3156,#798);
#558=LINE('',#3158,#799);
#559=VECTOR('',#2119,10.);
#560=VECTOR('',#2120,10.);
#561=VECTOR('',#2121,10.);
#562=VECTOR('',#2122,10.);
#563=VECTOR('',#2125,10.);
#564=VECTOR('',#2126,10.);
#565=VECTOR('',#2127,10.);
#566=VECTOR('',#2130,10.);
#567=VECTOR('',#2131,10.);
#568=VECTOR('',#2132,10.);
#569=VECTOR('',#2135,10.);
#570=VECTOR('',#2136,10.);
#571=VECTOR('',#2141,20.5);
#572=VECTOR('',#2148,20.5);
#573=VECTOR('',#2155,16.);
#574=VECTOR('',#2162,20.5);
#575=VECTOR('',#2169,12.5);
#576=VECTOR('',#2176,12.5);
#577=VECTOR('',#2183,16.);
#578=VECTOR('',#2190,12.5);
#579=VECTOR('',#2197,15.9999999999999);
#580=VECTOR('',#2204,16.);
#581=VECTOR('',#2211,12.5);
#582=VECTOR('',#2216,10.);
#583=VECTOR('',#2217,10.);
#584=VECTOR('',#2218,10.);
#585=VECTOR('',#2219,10.);
#586=VECTOR('',#2222,10.);
#587=VECTOR('',#2223,10.);
#588=VECTOR('',#2224,10.);
#589=VECTOR('',#2225,10.);
#590=VECTOR('',#2226,10.);
#591=VECTOR('',#2229,10.);
#592=VECTOR('',#2230,10.);
#593=VECTOR('',#2231,10.);
#594=VECTOR('',#2232,10.);
#595=VECTOR('',#2235,10.);
#596=VECTOR('',#2236,10.);
#597=VECTOR('',#2239,10.);
#598=VECTOR('',#2240,10.);
#599=VECTOR('',#2241,10.);
#600=VECTOR('',#2242,10.);
#601=VECTOR('',#2245,10.);
#602=VECTOR('',#2246,10.);
#603=VECTOR('',#2247,10.);
#604=VECTOR('',#2250,10.);
#605=VECTOR('',#2251,10.);
#606=VECTOR('',#2252,10.);
#607=VECTOR('',#2253,10.);
#608=VECTOR('',#2256,10.);
#609=VECTOR('',#2257,10.);
#610=VECTOR('',#2258,10.);
#611=VECTOR('',#2259,10.);
#612=VECTOR('',#2260,10.);
#613=VECTOR('',#2263,10.);
#614=VECTOR('',#2264,10.);
#615=VECTOR('',#2265,10.);
#616=VECTOR('',#2268,10.);
#617=VECTOR('',#2269,10.);
#618=VECTOR('',#2270,10.);
#619=VECTOR('',#2271,10.);
#620=VECTOR('',#2274,10.);
#621=VECTOR('',#2275,10.);
#622=VECTOR('',#2278,10.);
#623=VECTOR('',#2279,10.);
#624=VECTOR('',#2280,10.);
#625=VECTOR('',#2281,10.);
#626=VECTOR('',#2284,10.);
#627=VECTOR('',#2285,10.);
#628=VECTOR('',#2286,10.);
#629=VECTOR('',#2289,10.);
#630=VECTOR('',#2290,10.);
#631=VECTOR('',#2291,10.);
#632=VECTOR('',#2294,10.);
#633=VECTOR('',#2297,10.);
#634=VECTOR('',#2298,10.);
#635=VECTOR('',#2299,10.);
#636=VECTOR('',#2300,10.);
#637=VECTOR('',#2301,10.);
#638=VECTOR('',#2304,10.);
#639=VECTOR('',#2305,10.);
#640=VECTOR('',#2306,10.);
#641=VECTOR('',#2307,10.);
#642=VECTOR('',#2310,10.);
#643=VECTOR('',#2311,10.);
#644=VECTOR('',#2312,10.);
#645=VECTOR('',#2315,10.);
#646=VECTOR('',#2316,10.);
#647=VECTOR('',#2319,10.);
#648=VECTOR('',#2320,10.);
#649=VECTOR('',#2323,10.);
#650=VECTOR('',#2324,10.);
#651=VECTOR('',#2325,10.);
#652=VECTOR('',#2326,10.);
#653=VECTOR('',#2329,10.);
#654=VECTOR('',#2330,10.);
#655=VECTOR('',#2331,10.);
#656=VECTOR('',#2334,10.);
#657=VECTOR('',#2335,10.);
#658=VECTOR('',#2336,10.);
#659=VECTOR('',#2337,10.);
#660=VECTOR('',#2340,10.);
#661=VECTOR('',#2341,10.);
#662=VECTOR('',#2342,10.);
#663=VECTOR('',#2345,10.);
#664=VECTOR('',#2346,10.);
#665=VECTOR('',#2347,10.);
#666=VECTOR('',#2350,10.);
#667=VECTOR('',#2351,10.);
#668=VECTOR('',#2354,10.);
#669=VECTOR('',#2357,10.);
#670=VECTOR('',#2360,10.);
#671=VECTOR('',#2361,10.);
#672=VECTOR('',#2362,10.);
#673=VECTOR('',#2363,10.);
#674=VECTOR('',#2366,10.);
#675=VECTOR('',#2367,10.);
#676=VECTOR('',#2368,10.);
#677=VECTOR('',#2369,10.);
#678=VECTOR('',#2372,10.);
#679=VECTOR('',#2373,10.);
#680=VECTOR('',#2376,10.);
#681=VECTOR('',#2377,10.);
#682=VECTOR('',#2378,10.);
#683=VECTOR('',#2379,10.);
#684=VECTOR('',#2380,10.);
#685=VECTOR('',#2381,10.);
#686=VECTOR('',#2382,10.);
#687=VECTOR('',#2383,10.);
#688=VECTOR('',#2384,10.);
#689=VECTOR('',#2385,10.);
#690=VECTOR('',#2386,10.);
#691=VECTOR('',#2387,10.);
#692=VECTOR('',#2390,10.);
#693=VECTOR('',#2393,10.);
#694=VECTOR('',#2394,10.);
#695=VECTOR('',#2395,10.);
#696=VECTOR('',#2396,10.);
#697=VECTOR('',#2397,10.);
#698=VECTOR('',#2398,10.);
#699=VECTOR('',#2399,10.);
#700=VECTOR('',#2400,10.);
#701=VECTOR('',#2401,10.);
#702=VECTOR('',#2402,10.);
#703=VECTOR('',#2403,10.);
#704=VECTOR('',#2404,10.);
#705=VECTOR('',#2405,10.);
#706=VECTOR('',#2408,10.);
#707=VECTOR('',#2409,10.);
#708=VECTOR('',#2410,10.);
#709=VECTOR('',#2413,10.);
#710=VECTOR('',#2414,10.);
#711=VECTOR('',#2417,10.);
#712=VECTOR('',#2418,10.);
#713=VECTOR('',#2421,10.);
#714=VECTOR('',#2422,10.);
#715=VECTOR('',#2423,10.);
#716=VECTOR('',#2424,10.);
#717=VECTOR('',#2427,10.);
#718=VECTOR('',#2428,10.);
#719=VECTOR('',#2429,10.);
#720=VECTOR('',#2432,10.);
#721=VECTOR('',#2433,10.);
#722=VECTOR('',#2434,10.);
#723=VECTOR('',#2437,10.);
#724=VECTOR('',#2438,10.);
#725=VECTOR('',#2441,10.);
#726=VECTOR('',#2444,10.);
#727=VECTOR('',#2447,10.);
#728=VECTOR('',#2448,10.);
#729=VECTOR('',#2449,10.);
#730=VECTOR('',#2450,10.);
#731=VECTOR('',#2453,10.);
#732=VECTOR('',#2456,10.);
#733=VECTOR('',#2457,10.);
#734=VECTOR('',#2460,10.);
#735=VECTOR('',#2461,10.);
#736=VECTOR('',#2464,10.);
#737=VECTOR('',#2467,10.);
#738=VECTOR('',#2470,10.);
#739=VECTOR('',#2471,10.);
#740=VECTOR('',#2472,10.);
#741=VECTOR('',#2475,10.);
#742=VECTOR('',#2476,10.);
#743=VECTOR('',#2477,10.);
#744=VECTOR('',#2480,10.);
#745=VECTOR('',#2481,10.);
#746=VECTOR('',#2484,10.);
#747=VECTOR('',#2485,10.);
#748=VECTOR('',#2486,10.);
#749=VECTOR('',#2487,10.);
#750=VECTOR('',#2488,10.);
#751=VECTOR('',#2491,10.);
#752=VECTOR('',#2492,10.);
#753=VECTOR('',#2493,10.);
#754=VECTOR('',#2494,10.);
#755=VECTOR('',#2495,10.);
#756=VECTOR('',#2498,10.);
#757=VECTOR('',#2499,10.);
#758=VECTOR('',#2502,10.);
#759=VECTOR('',#2503,10.);
#760=VECTOR('',#2506,10.);
#761=VECTOR('',#2511,10.);
#762=VECTOR('',#2512,10.);
#763=VECTOR('',#2513,10.);
#764=VECTOR('',#2516,10.);
#765=VECTOR('',#2517,10.);
#766=VECTOR('',#2520,10.);
#767=VECTOR('',#2521,10.);
#768=VECTOR('',#2524,10.);
#769=VECTOR('',#2525,10.);
#770=VECTOR('',#2528,10.);
#771=VECTOR('',#2529,10.);
#772=VECTOR('',#2534,10.);
#773=VECTOR('',#2537,10.);
#774=VECTOR('',#2540,10.);
#775=VECTOR('',#2543,10.);
#776=VECTOR('',#2548,10.);
#777=VECTOR('',#2549,10.);
#778=VECTOR('',#2558,10.);
#779=VECTOR('',#2559,10.);
#780=VECTOR('',#2560,10.);
#781=VECTOR('',#2563,10.);
#782=VECTOR('',#2564,10.);
#783=VECTOR('',#2567,10.);
#784=VECTOR('',#2568,10.);
#785=VECTOR('',#2573,10.);
#786=VECTOR('',#2574,10.);
#787=VECTOR('',#2577,10.);
#788=VECTOR('',#2580,10.);
#789=VECTOR('',#2581,10.);
#790=VECTOR('',#2586,10.);
#791=VECTOR('',#2589,10.);
#792=VECTOR('',#2590,10.);
#793=VECTOR('',#2593,10.);
#794=VECTOR('',#2594,10.);
#795=VECTOR('',#2597,10.);
#796=VECTOR('',#2598,10.);
#797=VECTOR('',#2601,10.);
#798=VECTOR('',#2602,10.);
#799=VECTOR('',#2605,10.);
#800=VERTEX_POINT('',#2619);
#801=VERTEX_POINT('',#2620);
#802=VERTEX_POINT('',#2622);
#803=VERTEX_POINT('',#2624);
#804=VERTEX_POINT('',#2628);
#805=VERTEX_POINT('',#2630);
#806=VERTEX_POINT('',#2634);
#807=VERTEX_POINT('',#2636);
#808=VERTEX_POINT('',#2643);
#809=VERTEX_POINT('',#2645);
#810=VERTEX_POINT('',#2649);
#811=VERTEX_POINT('',#2651);
#812=VERTEX_POINT('',#2655);
#813=VERTEX_POINT('',#2657);
#814=VERTEX_POINT('',#2661);
#815=VERTEX_POINT('',#2663);
#816=VERTEX_POINT('',#2667);
#817=VERTEX_POINT('',#2669);
#818=VERTEX_POINT('',#2673);
#819=VERTEX_POINT('',#2675);
#820=VERTEX_POINT('',#2679);
#821=VERTEX_POINT('',#2681);
#822=VERTEX_POINT('',#2685);
#823=VERTEX_POINT('',#2687);
#824=VERTEX_POINT('',#2691);
#825=VERTEX_POINT('',#2693);
#826=VERTEX_POINT('',#2697);
#827=VERTEX_POINT('',#2699);
#828=VERTEX_POINT('',#2703);
#829=VERTEX_POINT('',#2705);
#830=VERTEX_POINT('',#2709);
#831=VERTEX_POINT('',#2710);
#832=VERTEX_POINT('',#2712);
#833=VERTEX_POINT('',#2714);
#834=VERTEX_POINT('',#2718);
#835=VERTEX_POINT('',#2720);
#836=VERTEX_POINT('',#2722);
#837=VERTEX_POINT('',#2724);
#838=VERTEX_POINT('',#2728);
#839=VERTEX_POINT('',#2729);
#840=VERTEX_POINT('',#2731);
#841=VERTEX_POINT('',#2733);
#842=VERTEX_POINT('',#2740);
#843=VERTEX_POINT('',#2741);
#844=VERTEX_POINT('',#2743);
#845=VERTEX_POINT('',#2745);
#846=VERTEX_POINT('',#2749);
#847=VERTEX_POINT('',#2751);
#848=VERTEX_POINT('',#2755);
#849=VERTEX_POINT('',#2756);
#850=VERTEX_POINT('',#2758);
#851=VERTEX_POINT('',#2760);
#852=VERTEX_POINT('',#2764);
#853=VERTEX_POINT('',#2766);
#854=VERTEX_POINT('',#2768);
#855=VERTEX_POINT('',#2770);
#856=VERTEX_POINT('',#2774);
#857=VERTEX_POINT('',#2776);
#858=VERTEX_POINT('',#2780);
#859=VERTEX_POINT('',#2781);
#860=VERTEX_POINT('',#2783);
#861=VERTEX_POINT('',#2785);
#862=VERTEX_POINT('',#2792);
#863=VERTEX_POINT('',#2793);
#864=VERTEX_POINT('',#2795);
#865=VERTEX_POINT('',#2797);
#866=VERTEX_POINT('',#2801);
#867=VERTEX_POINT('',#2803);
#868=VERTEX_POINT('',#2807);
#869=VERTEX_POINT('',#2808);
#870=VERTEX_POINT('',#2813);
#871=VERTEX_POINT('',#2815);
#872=VERTEX_POINT('',#2817);
#873=VERTEX_POINT('',#2819);
#874=VERTEX_POINT('',#2821);
#875=VERTEX_POINT('',#2823);
#876=VERTEX_POINT('',#2825);
#877=VERTEX_POINT('',#2827);
#878=VERTEX_POINT('',#2830);
#879=VERTEX_POINT('',#2832);
#880=VERTEX_POINT('',#2836);
#881=VERTEX_POINT('',#2838);
#882=VERTEX_POINT('',#2842);
#883=VERTEX_POINT('',#2846);
#884=VERTEX_POINT('',#2850);
#885=VERTEX_POINT('',#2851);
#886=VERTEX_POINT('',#2853);
#887=VERTEX_POINT('',#2855);
#888=VERTEX_POINT('',#2859);
#889=VERTEX_POINT('',#2861);
#890=VERTEX_POINT('',#2865);
#891=VERTEX_POINT('',#2866);
#892=VERTEX_POINT('',#2868);
#893=VERTEX_POINT('',#2870);
#894=VERTEX_POINT('',#2874);
#895=VERTEX_POINT('',#2876);
#896=VERTEX_POINT('',#2880);
#897=VERTEX_POINT('',#2882);
#898=VERTEX_POINT('',#2893);
#899=VERTEX_POINT('',#2894);
#900=VERTEX_POINT('',#2896);
#901=VERTEX_POINT('',#2898);
#902=VERTEX_POINT('',#2902);
#903=VERTEX_POINT('',#2903);
#904=VERTEX_POINT('',#2905);
#905=VERTEX_POINT('',#2907);
#906=VERTEX_POINT('',#2914);
#907=VERTEX_POINT('',#2916);
#908=VERTEX_POINT('',#2919);
#909=VERTEX_POINT('',#2921);
#910=VERTEX_POINT('',#2923);
#911=VERTEX_POINT('',#2925);
#912=VERTEX_POINT('',#2927);
#913=VERTEX_POINT('',#2929);
#914=VERTEX_POINT('',#2931);
#915=VERTEX_POINT('',#2938);
#916=VERTEX_POINT('',#2940);
#917=VERTEX_POINT('',#2942);
#918=VERTEX_POINT('',#2944);
#919=VERTEX_POINT('',#2946);
#920=VERTEX_POINT('',#2948);
#921=VERTEX_POINT('',#2950);
#922=VERTEX_POINT('',#2952);
#923=VERTEX_POINT('',#2955);
#924=VERTEX_POINT('',#2957);
#925=VERTEX_POINT('',#2959);
#926=VERTEX_POINT('',#2963);
#927=VERTEX_POINT('',#2965);
#928=VERTEX_POINT('',#2969);
#929=VERTEX_POINT('',#2973);
#930=VERTEX_POINT('',#2977);
#931=VERTEX_POINT('',#2978);
#932=VERTEX_POINT('',#2980);
#933=VERTEX_POINT('',#2982);
#934=VERTEX_POINT('',#2986);
#935=VERTEX_POINT('',#2988);
#936=VERTEX_POINT('',#2992);
#937=VERTEX_POINT('',#2994);
#938=VERTEX_POINT('',#3005);
#939=VERTEX_POINT('',#3007);
#940=VERTEX_POINT('',#3014);
#941=VERTEX_POINT('',#3018);
#942=VERTEX_POINT('',#3026);
#943=VERTEX_POINT('',#3028);
#944=VERTEX_POINT('',#3032);
#945=VERTEX_POINT('',#3034);
#946=VERTEX_POINT('',#3039);
#947=VERTEX_POINT('',#3041);
#948=VERTEX_POINT('',#3043);
#949=VERTEX_POINT('',#3045);
#950=VERTEX_POINT('',#3047);
#951=VERTEX_POINT('',#3049);
#952=VERTEX_POINT('',#3051);
#953=VERTEX_POINT('',#3053);
#954=VERTEX_POINT('',#3057);
#955=VERTEX_POINT('',#3059);
#956=VERTEX_POINT('',#3063);
#957=VERTEX_POINT('',#3067);
#958=VERTEX_POINT('',#3074);
#959=VERTEX_POINT('',#3075);
#960=VERTEX_POINT('',#3080);
#961=VERTEX_POINT('',#3084);
#962=VERTEX_POINT('',#3088);
#963=VERTEX_POINT('',#3092);
#964=VERTEX_POINT('',#3096);
#965=VERTEX_POINT('',#3107);
#966=VERTEX_POINT('',#3114);
#967=VERTEX_POINT('',#3119);
#968=VERTEX_POINT('',#3126);
#969=VERTEX_POINT('',#3127);
#970=VERTEX_POINT('',#3134);
#971=VERTEX_POINT('',#3138);
#972=VERTEX_POINT('',#3142);
#973=VERTEX_POINT('',#3146);
#974=VERTEX_POINT('',#3150);
#975=VERTEX_POINT('',#3154);
#976=EDGE_CURVE('',#800,#801,#318,.T.);
#977=EDGE_CURVE('',#802,#800,#319,.T.);
#978=EDGE_CURVE('',#803,#802,#320,.T.);
#979=EDGE_CURVE('',#803,#801,#321,.T.);
#980=EDGE_CURVE('',#801,#804,#322,.T.);
#981=EDGE_CURVE('',#805,#803,#323,.T.);
#982=EDGE_CURVE('',#805,#804,#324,.T.);
#983=EDGE_CURVE('',#804,#806,#325,.T.);
#984=EDGE_CURVE('',#807,#805,#326,.T.);
#985=EDGE_CURVE('',#807,#806,#327,.T.);
#986=EDGE_CURVE('',#806,#800,#328,.T.);
#987=EDGE_CURVE('',#802,#807,#329,.T.);
#988=EDGE_CURVE('',#808,#808,#55,.T.);
#989=EDGE_CURVE('',#808,#809,#330,.T.);
#990=EDGE_CURVE('',#809,#809,#56,.T.);
#991=EDGE_CURVE('',#810,#810,#57,.T.);
#992=EDGE_CURVE('',#810,#811,#331,.T.);
#993=EDGE_CURVE('',#811,#811,#58,.T.);
#994=EDGE_CURVE('',#812,#812,#59,.T.);
#995=EDGE_CURVE('',#812,#813,#332,.T.);
#996=EDGE_CURVE('',#813,#813,#60,.T.);
#997=EDGE_CURVE('',#814,#814,#61,.T.);
#998=EDGE_CURVE('',#814,#815,#333,.T.);
#999=EDGE_CURVE('',#815,#815,#62,.T.);
#1000=EDGE_CURVE('',#816,#816,#63,.T.);
#1001=EDGE_CURVE('',#816,#817,#334,.T.);
#1002=EDGE_CURVE('',#817,#817,#64,.T.);
#1003=EDGE_CURVE('',#818,#818,#65,.T.);
#1004=EDGE_CURVE('',#818,#819,#335,.T.);
#1005=EDGE_CURVE('',#819,#819,#66,.T.);
#1006=EDGE_CURVE('',#820,#820,#67,.T.);
#1007=EDGE_CURVE('',#820,#821,#336,.T.);
#1008=EDGE_CURVE('',#821,#821,#68,.T.);
#1009=EDGE_CURVE('',#822,#822,#69,.T.);
#1010=EDGE_CURVE('',#822,#823,#337,.T.);
#1011=EDGE_CURVE('',#823,#823,#70,.T.);
#1012=EDGE_CURVE('',#824,#824,#71,.T.);
#1013=EDGE_CURVE('',#824,#825,#338,.T.);
#1014=EDGE_CURVE('',#825,#825,#72,.T.);
#1015=EDGE_CURVE('',#826,#826,#73,.T.);
#1016=EDGE_CURVE('',#826,#827,#339,.T.);
#1017=EDGE_CURVE('',#827,#827,#74,.T.);
#1018=EDGE_CURVE('',#828,#828,#75,.T.);
#1019=EDGE_CURVE('',#828,#829,#340,.T.);
#1020=EDGE_CURVE('',#829,#829,#76,.T.);
#1021=EDGE_CURVE('',#830,#831,#341,.T.);
#1022=EDGE_CURVE('',#831,#832,#342,.T.);
#1023=EDGE_CURVE('',#832,#833,#343,.T.);
#1024=EDGE_CURVE('',#833,#830,#344,.T.);
#1025=EDGE_CURVE('',#831,#834,#345,.T.);
#1026=EDGE_CURVE('',#835,#834,#346,.T.);
#1027=EDGE_CURVE('',#836,#835,#347,.T.);
#1028=EDGE_CURVE('',#837,#836,#348,.T.);
#1029=EDGE_CURVE('',#837,#832,#349,.T.);
#1030=EDGE_CURVE('',#838,#839,#350,.T.);
#1031=EDGE_CURVE('',#839,#840,#351,.T.);
#1032=EDGE_CURVE('',#840,#841,#352,.T.);
#1033=EDGE_CURVE('',#841,#838,#353,.T.);
#1034=EDGE_CURVE('',#840,#833,#354,.T.);
#1035=EDGE_CURVE('',#839,#830,#355,.T.);
#1036=EDGE_CURVE('',#842,#843,#356,.T.);
#1037=EDGE_CURVE('',#843,#844,#357,.T.);
#1038=EDGE_CURVE('',#844,#845,#358,.T.);
#1039=EDGE_CURVE('',#845,#842,#359,.T.);
#1040=EDGE_CURVE('',#843,#846,#360,.T.);
#1041=EDGE_CURVE('',#847,#846,#361,.T.);
#1042=EDGE_CURVE('',#844,#847,#362,.T.);
#1043=EDGE_CURVE('',#848,#849,#363,.T.);
#1044=EDGE_CURVE('',#849,#850,#364,.T.);
#1045=EDGE_CURVE('',#850,#851,#365,.T.);
#1046=EDGE_CURVE('',#851,#848,#366,.T.);
#1047=EDGE_CURVE('',#849,#852,#367,.T.);
#1048=EDGE_CURVE('',#853,#852,#368,.T.);
#1049=EDGE_CURVE('',#854,#853,#369,.T.);
#1050=EDGE_CURVE('',#855,#854,#370,.T.);
#1051=EDGE_CURVE('',#855,#850,#371,.T.);
#1052=EDGE_CURVE('',#856,#847,#372,.T.);
#1053=EDGE_CURVE('',#846,#857,#373,.T.);
#1054=EDGE_CURVE('',#857,#856,#374,.T.);
#1055=EDGE_CURVE('',#858,#859,#375,.T.);
#1056=EDGE_CURVE('',#859,#860,#376,.T.);
#1057=EDGE_CURVE('',#860,#861,#377,.T.);
#1058=EDGE_CURVE('',#861,#858,#378,.T.);
#1059=EDGE_CURVE('',#860,#851,#379,.T.);
#1060=EDGE_CURVE('',#859,#848,#380,.T.);
#1061=EDGE_CURVE('',#862,#863,#381,.T.);
#1062=EDGE_CURVE('',#863,#864,#382,.T.);
#1063=EDGE_CURVE('',#864,#865,#383,.T.);
#1064=EDGE_CURVE('',#865,#862,#384,.T.);
#1065=EDGE_CURVE('',#862,#866,#385,.T.);
#1066=EDGE_CURVE('',#866,#867,#386,.T.);
#1067=EDGE_CURVE('',#867,#863,#387,.T.);
#1068=EDGE_CURVE('',#868,#869,#388,.T.);
#1069=EDGE_CURVE('',#869,#867,#389,.T.);
#1070=EDGE_CURVE('',#866,#868,#390,.T.);
#1071=EDGE_CURVE('',#869,#870,#391,.T.);
#1072=EDGE_CURVE('',#870,#871,#77,.T.);
#1073=EDGE_CURVE('',#871,#872,#392,.T.);
#1074=EDGE_CURVE('',#872,#873,#393,.T.);
#1075=EDGE_CURVE('',#873,#874,#394,.T.);
#1076=EDGE_CURVE('',#874,#875,#395,.T.);
#1077=EDGE_CURVE('',#875,#876,#396,.T.);
#1078=EDGE_CURVE('',#876,#877,#78,.T.);
#1079=EDGE_CURVE('',#877,#864,#397,.T.);
#1080=EDGE_CURVE('',#857,#878,#398,.T.);
#1081=EDGE_CURVE('',#878,#879,#399,.T.);
#1082=EDGE_CURVE('',#879,#856,#400,.T.);
#1083=EDGE_CURVE('',#880,#835,#401,.T.);
#1084=EDGE_CURVE('',#834,#881,#402,.T.);
#1085=EDGE_CURVE('',#881,#880,#403,.T.);
#1086=EDGE_CURVE('',#880,#882,#404,.T.);
#1087=EDGE_CURVE('',#882,#836,#405,.T.);
#1088=EDGE_CURVE('',#882,#883,#406,.T.);
#1089=EDGE_CURVE('',#883,#837,#407,.T.);
#1090=EDGE_CURVE('',#884,#885,#408,.F.);
#1091=EDGE_CURVE('',#884,#886,#409,.T.);
#1092=EDGE_CURVE('',#887,#886,#410,.F.);
#1093=EDGE_CURVE('',#887,#885,#411,.T.);
#1094=EDGE_CURVE('',#888,#887,#412,.T.);
#1095=EDGE_CURVE('',#889,#888,#413,.T.);
#1096=EDGE_CURVE('',#885,#889,#414,.T.);
#1097=EDGE_CURVE('',#890,#891,#415,.T.);
#1098=EDGE_CURVE('',#891,#892,#416,.T.);
#1099=EDGE_CURVE('',#892,#893,#417,.T.);
#1100=EDGE_CURVE('',#893,#890,#418,.T.);
#1101=EDGE_CURVE('',#890,#894,#419,.T.);
#1102=EDGE_CURVE('',#894,#895,#420,.T.);
#1103=EDGE_CURVE('',#895,#891,#421,.T.);
#1104=EDGE_CURVE('',#894,#896,#422,.T.);
#1105=EDGE_CURVE('',#896,#897,#423,.T.);
#1106=EDGE_CURVE('',#897,#895,#424,.T.);
#1107=EDGE_CURVE('',#892,#881,#425,.T.);
#1108=EDGE_CURVE('',#891,#880,#426,.T.);
#1109=EDGE_CURVE('',#895,#882,#427,.T.);
#1110=EDGE_CURVE('',#897,#883,#428,.T.);
#1111=EDGE_CURVE('',#898,#899,#429,.T.);
#1112=EDGE_CURVE('',#899,#900,#430,.T.);
#1113=EDGE_CURVE('',#900,#901,#431,.T.);
#1114=EDGE_CURVE('',#901,#898,#432,.T.);
#1115=EDGE_CURVE('',#902,#903,#433,.T.);
#1116=EDGE_CURVE('',#903,#904,#434,.T.);
#1117=EDGE_CURVE('',#904,#905,#435,.T.);
#1118=EDGE_CURVE('',#905,#902,#436,.T.);
#1119=EDGE_CURVE('',#898,#905,#437,.T.);
#1120=EDGE_CURVE('',#904,#899,#438,.T.);
#1121=EDGE_CURVE('',#865,#906,#439,.T.);
#1122=EDGE_CURVE('',#907,#906,#440,.F.);
#1123=EDGE_CURVE('',#907,#886,#441,.T.);
#1124=EDGE_CURVE('',#886,#908,#442,.T.);
#1125=EDGE_CURVE('',#908,#909,#443,.F.);
#1126=EDGE_CURVE('',#910,#909,#444,.T.);
#1127=EDGE_CURVE('',#910,#911,#445,.F.);
#1128=EDGE_CURVE('',#912,#911,#446,.T.);
#1129=EDGE_CURVE('',#913,#912,#447,.T.);
#1130=EDGE_CURVE('',#914,#913,#448,.T.);
#1131=EDGE_CURVE('',#914,#900,#449,.T.);
#1132=EDGE_CURVE('',#899,#862,#450,.T.);
#1133=EDGE_CURVE('',#904,#866,#451,.T.);
#1134=EDGE_CURVE('',#915,#903,#452,.T.);
#1135=EDGE_CURVE('',#916,#915,#453,.T.);
#1136=EDGE_CURVE('',#916,#917,#454,.T.);
#1137=EDGE_CURVE('',#917,#918,#455,.T.);
#1138=EDGE_CURVE('',#918,#919,#456,.T.);
#1139=EDGE_CURVE('',#919,#920,#457,.F.);
#1140=EDGE_CURVE('',#920,#921,#458,.T.);
#1141=EDGE_CURVE('',#921,#922,#459,.F.);
#1142=EDGE_CURVE('',#884,#922,#460,.T.);
#1143=EDGE_CURVE('',#923,#884,#461,.T.);
#1144=EDGE_CURVE('',#924,#923,#462,.T.);
#1145=EDGE_CURVE('',#925,#924,#463,.F.);
#1146=EDGE_CURVE('',#868,#925,#464,.T.);
#1147=EDGE_CURVE('',#926,#853,#465,.T.);
#1148=EDGE_CURVE('',#852,#927,#466,.T.);
#1149=EDGE_CURVE('',#927,#926,#467,.T.);
#1150=EDGE_CURVE('',#926,#928,#468,.T.);
#1151=EDGE_CURVE('',#928,#854,#469,.T.);
#1152=EDGE_CURVE('',#928,#929,#470,.T.);
#1153=EDGE_CURVE('',#929,#855,#471,.T.);
#1154=EDGE_CURVE('',#930,#931,#472,.T.);
#1155=EDGE_CURVE('',#931,#932,#473,.T.);
#1156=EDGE_CURVE('',#932,#933,#474,.T.);
#1157=EDGE_CURVE('',#933,#930,#475,.T.);
#1158=EDGE_CURVE('',#930,#934,#476,.T.);
#1159=EDGE_CURVE('',#934,#935,#477,.T.);
#1160=EDGE_CURVE('',#935,#931,#478,.T.);
#1161=EDGE_CURVE('',#934,#936,#479,.T.);
#1162=EDGE_CURVE('',#936,#937,#480,.T.);
#1163=EDGE_CURVE('',#937,#935,#481,.T.);
#1164=EDGE_CURVE('',#932,#927,#482,.T.);
#1165=EDGE_CURVE('',#931,#926,#483,.T.);
#1166=EDGE_CURVE('',#935,#928,#484,.T.);
#1167=EDGE_CURVE('',#937,#929,#485,.T.);
#1168=EDGE_CURVE('',#918,#938,#486,.T.);
#1169=EDGE_CURVE('',#938,#939,#487,.T.);
#1170=EDGE_CURVE('',#939,#912,#488,.T.);
#1171=EDGE_CURVE('',#912,#918,#489,.T.);
#1172=EDGE_CURVE('',#911,#919,#490,.F.);
#1173=EDGE_CURVE('',#940,#879,#491,.T.);
#1174=EDGE_CURVE('',#845,#940,#492,.T.);
#1175=EDGE_CURVE('',#941,#878,#493,.T.);
#1176=EDGE_CURVE('',#940,#941,#494,.T.);
#1177=EDGE_CURVE('',#941,#842,#495,.T.);
#1178=EDGE_CURVE('',#922,#908,#496,.F.);
#1179=EDGE_CURVE('',#942,#921,#497,.F.);
#1180=EDGE_CURVE('',#943,#942,#498,.F.);
#1181=EDGE_CURVE('',#909,#943,#499,.F.);
#1182=EDGE_CURVE('',#944,#910,#500,.F.);
#1183=EDGE_CURVE('',#945,#944,#501,.F.);
#1184=EDGE_CURVE('',#920,#945,#502,.F.);
#1185=EDGE_CURVE('',#933,#916,#503,.T.);
#1186=EDGE_CURVE('',#915,#946,#504,.T.);
#1187=EDGE_CURVE('',#947,#946,#79,.T.);
#1188=EDGE_CURVE('',#947,#948,#505,.T.);
#1189=EDGE_CURVE('',#948,#949,#506,.T.);
#1190=EDGE_CURVE('',#949,#950,#507,.T.);
#1191=EDGE_CURVE('',#950,#951,#508,.T.);
#1192=EDGE_CURVE('',#951,#952,#509,.T.);
#1193=EDGE_CURVE('',#953,#952,#80,.T.);
#1194=EDGE_CURVE('',#953,#914,#510,.T.);
#1195=EDGE_CURVE('',#913,#936,#511,.T.);
#1196=EDGE_CURVE('',#861,#954,#512,.T.);
#1197=EDGE_CURVE('',#954,#955,#513,.T.);
#1198=EDGE_CURVE('',#955,#858,#514,.T.);
#1199=EDGE_CURVE('',#955,#956,#515,.T.);
#1200=EDGE_CURVE('',#938,#956,#516,.F.);
#1201=EDGE_CURVE('',#957,#939,#517,.F.);
#1202=EDGE_CURVE('',#954,#957,#518,.T.);
#1203=EDGE_CURVE('',#956,#957,#519,.F.);
#1204=EDGE_CURVE('',#958,#959,#520,.F.);
#1205=EDGE_CURVE('',#948,#958,#521,.T.);
#1206=EDGE_CURVE('',#947,#959,#522,.T.);
#1207=EDGE_CURVE('',#960,#958,#523,.F.);
#1208=EDGE_CURVE('',#949,#960,#524,.T.);
#1209=EDGE_CURVE('',#961,#960,#525,.F.);
#1210=EDGE_CURVE('',#950,#961,#526,.T.);
#1211=EDGE_CURVE('',#962,#961,#527,.F.);
#1212=EDGE_CURVE('',#951,#962,#528,.T.);
#1213=EDGE_CURVE('',#963,#962,#529,.F.);
#1214=EDGE_CURVE('',#952,#963,#530,.T.);
#1215=EDGE_CURVE('',#964,#963,#81,.F.);
#1216=EDGE_CURVE('',#953,#964,#531,.T.);
#1217=EDGE_CURVE('',#901,#964,#532,.F.);
#1218=EDGE_CURVE('',#944,#943,#533,.T.);
#1219=EDGE_CURVE('',#945,#942,#534,.T.);
#1220=EDGE_CURVE('',#965,#902,#535,.F.);
#1221=EDGE_CURVE('',#946,#965,#536,.T.);
#1222=EDGE_CURVE('',#959,#965,#82,.F.);
#1223=EDGE_CURVE('',#966,#889,#537,.T.);
#1224=EDGE_CURVE('',#841,#966,#538,.T.);
#1225=EDGE_CURVE('',#924,#896,#539,.T.);
#1226=EDGE_CURVE('',#967,#888,#540,.T.);
#1227=EDGE_CURVE('',#966,#967,#541,.T.);
#1228=EDGE_CURVE('',#893,#907,#542,.T.);
#1229=EDGE_CURVE('',#967,#838,#543,.T.);
#1230=EDGE_CURVE('',#968,#969,#83,.F.);
#1231=EDGE_CURVE('',#877,#968,#544,.T.);
#1232=EDGE_CURVE('',#876,#969,#545,.T.);
#1233=EDGE_CURVE('',#906,#968,#546,.F.);
#1234=EDGE_CURVE('',#970,#925,#547,.F.);
#1235=EDGE_CURVE('',#870,#970,#548,.T.);
#1236=EDGE_CURVE('',#971,#970,#84,.F.);
#1237=EDGE_CURVE('',#871,#971,#549,.T.);
#1238=EDGE_CURVE('',#972,#971,#550,.F.);
#1239=EDGE_CURVE('',#872,#972,#551,.T.);
#1240=EDGE_CURVE('',#973,#972,#552,.F.);
#1241=EDGE_CURVE('',#873,#973,#553,.T.);
#1242=EDGE_CURVE('',#974,#973,#554,.F.);
#1243=EDGE_CURVE('',#874,#974,#555,.T.);
#1244=EDGE_CURVE('',#975,#974,#556,.F.);
#1245=EDGE_CURVE('',#875,#975,#557,.T.);
#1246=EDGE_CURVE('',#969,#975,#558,.F.);
#1247=ORIENTED_EDGE('',*,*,#976,.F.);
#1248=ORIENTED_EDGE('',*,*,#977,.F.);
#1249=ORIENTED_EDGE('',*,*,#978,.F.);
#1250=ORIENTED_EDGE('',*,*,#979,.T.);
#1251=ORIENTED_EDGE('',*,*,#980,.F.);
#1252=ORIENTED_EDGE('',*,*,#979,.F.);
#1253=ORIENTED_EDGE('',*,*,#981,.F.);
#1254=ORIENTED_EDGE('',*,*,#982,.T.);
#1255=ORIENTED_EDGE('',*,*,#983,.F.);
#1256=ORIENTED_EDGE('',*,*,#982,.F.);
#1257=ORIENTED_EDGE('',*,*,#984,.F.);
#1258=ORIENTED_EDGE('',*,*,#985,.T.);
#1259=ORIENTED_EDGE('',*,*,#986,.F.);
#1260=ORIENTED_EDGE('',*,*,#985,.F.);
#1261=ORIENTED_EDGE('',*,*,#987,.F.);
#1262=ORIENTED_EDGE('',*,*,#977,.T.);
#1263=ORIENTED_EDGE('',*,*,#988,.F.);
#1264=ORIENTED_EDGE('',*,*,#989,.T.);
#1265=ORIENTED_EDGE('',*,*,#990,.F.);
#1266=ORIENTED_EDGE('',*,*,#989,.F.);
#1267=ORIENTED_EDGE('',*,*,#991,.F.);
#1268=ORIENTED_EDGE('',*,*,#992,.T.);
#1269=ORIENTED_EDGE('',*,*,#993,.F.);
#1270=ORIENTED_EDGE('',*,*,#992,.F.);
#1271=ORIENTED_EDGE('',*,*,#994,.F.);
#1272=ORIENTED_EDGE('',*,*,#995,.T.);
#1273=ORIENTED_EDGE('',*,*,#996,.F.);
#1274=ORIENTED_EDGE('',*,*,#995,.F.);
#1275=ORIENTED_EDGE('',*,*,#997,.F.);
#1276=ORIENTED_EDGE('',*,*,#998,.T.);
#1277=ORIENTED_EDGE('',*,*,#999,.F.);
#1278=ORIENTED_EDGE('',*,*,#998,.F.);
#1279=ORIENTED_EDGE('',*,*,#1000,.F.);
#1280=ORIENTED_EDGE('',*,*,#1001,.T.);
#1281=ORIENTED_EDGE('',*,*,#1002,.F.);
#1282=ORIENTED_EDGE('',*,*,#1001,.F.);
#1283=ORIENTED_EDGE('',*,*,#1003,.F.);
#1284=ORIENTED_EDGE('',*,*,#1004,.T.);
#1285=ORIENTED_EDGE('',*,*,#1005,.F.);
#1286=ORIENTED_EDGE('',*,*,#1004,.F.);
#1287=ORIENTED_EDGE('',*,*,#1006,.F.);
#1288=ORIENTED_EDGE('',*,*,#1007,.T.);
#1289=ORIENTED_EDGE('',*,*,#1008,.F.);
#1290=ORIENTED_EDGE('',*,*,#1007,.F.);
#1291=ORIENTED_EDGE('',*,*,#1009,.F.);
#1292=ORIENTED_EDGE('',*,*,#1010,.T.);
#1293=ORIENTED_EDGE('',*,*,#1011,.F.);
#1294=ORIENTED_EDGE('',*,*,#1010,.F.);
#1295=ORIENTED_EDGE('',*,*,#1012,.F.);
#1296=ORIENTED_EDGE('',*,*,#1013,.T.);
#1297=ORIENTED_EDGE('',*,*,#1014,.F.);
#1298=ORIENTED_EDGE('',*,*,#1013,.F.);
#1299=ORIENTED_EDGE('',*,*,#1015,.F.);
#1300=ORIENTED_EDGE('',*,*,#1016,.T.);
#1301=ORIENTED_EDGE('',*,*,#1017,.F.);
#1302=ORIENTED_EDGE('',*,*,#1016,.F.);
#1303=ORIENTED_EDGE('',*,*,#1018,.F.);
#1304=ORIENTED_EDGE('',*,*,#1019,.T.);
#1305=ORIENTED_EDGE('',*,*,#1020,.F.);
#1306=ORIENTED_EDGE('',*,*,#1019,.F.);
#1307=ORIENTED_EDGE('',*,*,#1021,.T.);
#1308=ORIENTED_EDGE('',*,*,#1022,.T.);
#1309=ORIENTED_EDGE('',*,*,#1023,.T.);
#1310=ORIENTED_EDGE('',*,*,#1024,.T.);
#1311=ORIENTED_EDGE('',*,*,#1022,.F.);
#1312=ORIENTED_EDGE('',*,*,#1025,.T.);
#1313=ORIENTED_EDGE('',*,*,#1026,.F.);
#1314=ORIENTED_EDGE('',*,*,#1027,.F.);
#1315=ORIENTED_EDGE('',*,*,#1028,.F.);
#1316=ORIENTED_EDGE('',*,*,#1029,.T.);
#1317=ORIENTED_EDGE('',*,*,#1020,.T.);
#1318=ORIENTED_EDGE('',*,*,#1017,.T.);
#1319=ORIENTED_EDGE('',*,*,#1014,.T.);
#1320=ORIENTED_EDGE('',*,*,#1011,.T.);
#1321=ORIENTED_EDGE('',*,*,#1008,.T.);
#1322=ORIENTED_EDGE('',*,*,#1005,.T.);
#1323=ORIENTED_EDGE('',*,*,#1030,.T.);
#1324=ORIENTED_EDGE('',*,*,#1031,.T.);
#1325=ORIENTED_EDGE('',*,*,#1032,.T.);
#1326=ORIENTED_EDGE('',*,*,#1033,.T.);
#1327=ORIENTED_EDGE('',*,*,#1024,.F.);
#1328=ORIENTED_EDGE('',*,*,#1034,.F.);
#1329=ORIENTED_EDGE('',*,*,#1031,.F.);
#1330=ORIENTED_EDGE('',*,*,#1035,.T.);
#1331=ORIENTED_EDGE('',*,*,#1036,.T.);
#1332=ORIENTED_EDGE('',*,*,#1037,.T.);
#1333=ORIENTED_EDGE('',*,*,#1038,.T.);
#1334=ORIENTED_EDGE('',*,*,#1039,.T.);
#1335=ORIENTED_EDGE('',*,*,#1037,.F.);
#1336=ORIENTED_EDGE('',*,*,#1040,.T.);
#1337=ORIENTED_EDGE('',*,*,#1041,.F.);
#1338=ORIENTED_EDGE('',*,*,#1042,.F.);
#1339=ORIENTED_EDGE('',*,*,#1043,.T.);
#1340=ORIENTED_EDGE('',*,*,#1044,.T.);
#1341=ORIENTED_EDGE('',*,*,#1045,.T.);
#1342=ORIENTED_EDGE('',*,*,#1046,.T.);
#1343=ORIENTED_EDGE('',*,*,#1044,.F.);
#1344=ORIENTED_EDGE('',*,*,#1047,.T.);
#1345=ORIENTED_EDGE('',*,*,#1048,.F.);
#1346=ORIENTED_EDGE('',*,*,#1049,.F.);
#1347=ORIENTED_EDGE('',*,*,#1050,.F.);
#1348=ORIENTED_EDGE('',*,*,#1051,.T.);
#1349=ORIENTED_EDGE('',*,*,#1052,.T.);
#1350=ORIENTED_EDGE('',*,*,#1041,.T.);
#1351=ORIENTED_EDGE('',*,*,#1053,.T.);
#1352=ORIENTED_EDGE('',*,*,#1054,.T.);
#1353=ORIENTED_EDGE('',*,*,#1055,.T.);
#1354=ORIENTED_EDGE('',*,*,#1056,.T.);
#1355=ORIENTED_EDGE('',*,*,#1057,.T.);
#1356=ORIENTED_EDGE('',*,*,#1058,.T.);
#1357=ORIENTED_EDGE('',*,*,#1046,.F.);
#1358=ORIENTED_EDGE('',*,*,#1059,.F.);
#1359=ORIENTED_EDGE('',*,*,#1056,.F.);
#1360=ORIENTED_EDGE('',*,*,#1060,.T.);
#1361=ORIENTED_EDGE('',*,*,#1061,.T.);
#1362=ORIENTED_EDGE('',*,*,#1062,.T.);
#1363=ORIENTED_EDGE('',*,*,#1063,.T.);
#1364=ORIENTED_EDGE('',*,*,#1064,.T.);
#1365=ORIENTED_EDGE('',*,*,#1061,.F.);
#1366=ORIENTED_EDGE('',*,*,#1065,.T.);
#1367=ORIENTED_EDGE('',*,*,#1066,.T.);
#1368=ORIENTED_EDGE('',*,*,#1067,.T.);
#1369=ORIENTED_EDGE('',*,*,#1068,.T.);
#1370=ORIENTED_EDGE('',*,*,#1069,.T.);
#1371=ORIENTED_EDGE('',*,*,#1066,.F.);
#1372=ORIENTED_EDGE('',*,*,#1070,.T.);
#1373=ORIENTED_EDGE('',*,*,#1062,.F.);
#1374=ORIENTED_EDGE('',*,*,#1067,.F.);
#1375=ORIENTED_EDGE('',*,*,#1069,.F.);
#1376=ORIENTED_EDGE('',*,*,#1071,.T.);
#1377=ORIENTED_EDGE('',*,*,#1072,.T.);
#1378=ORIENTED_EDGE('',*,*,#1073,.T.);
#1379=ORIENTED_EDGE('',*,*,#1074,.T.);
#1380=ORIENTED_EDGE('',*,*,#1075,.T.);
#1381=ORIENTED_EDGE('',*,*,#1076,.T.);
#1382=ORIENTED_EDGE('',*,*,#1077,.T.);
#1383=ORIENTED_EDGE('',*,*,#1078,.T.);
#1384=ORIENTED_EDGE('',*,*,#1079,.T.);
#1385=ORIENTED_EDGE('',*,*,#1080,.T.);
#1386=ORIENTED_EDGE('',*,*,#1081,.T.);
#1387=ORIENTED_EDGE('',*,*,#1082,.T.);
#1388=ORIENTED_EDGE('',*,*,#1054,.F.);
#1389=ORIENTED_EDGE('',*,*,#1083,.T.);
#1390=ORIENTED_EDGE('',*,*,#1026,.T.);
#1391=ORIENTED_EDGE('',*,*,#1084,.T.);
#1392=ORIENTED_EDGE('',*,*,#1085,.T.);
#1393=ORIENTED_EDGE('',*,*,#1083,.F.);
#1394=ORIENTED_EDGE('',*,*,#1086,.T.);
#1395=ORIENTED_EDGE('',*,*,#1087,.T.);
#1396=ORIENTED_EDGE('',*,*,#1027,.T.);
#1397=ORIENTED_EDGE('',*,*,#1087,.F.);
#1398=ORIENTED_EDGE('',*,*,#1088,.T.);
#1399=ORIENTED_EDGE('',*,*,#1089,.T.);
#1400=ORIENTED_EDGE('',*,*,#1028,.T.);
#1401=ORIENTED_EDGE('',*,*,#1090,.F.);
#1402=ORIENTED_EDGE('',*,*,#1091,.T.);
#1403=ORIENTED_EDGE('',*,*,#1092,.F.);
#1404=ORIENTED_EDGE('',*,*,#1093,.T.);
#1405=ORIENTED_EDGE('',*,*,#1093,.F.);
#1406=ORIENTED_EDGE('',*,*,#1094,.F.);
#1407=ORIENTED_EDGE('',*,*,#1095,.F.);
#1408=ORIENTED_EDGE('',*,*,#1096,.F.);
#1409=ORIENTED_EDGE('',*,*,#1018,.T.);
#1410=ORIENTED_EDGE('',*,*,#1015,.T.);
#1411=ORIENTED_EDGE('',*,*,#1012,.T.);
#1412=ORIENTED_EDGE('',*,*,#1009,.T.);
#1413=ORIENTED_EDGE('',*,*,#1006,.T.);
#1414=ORIENTED_EDGE('',*,*,#1003,.T.);
#1415=ORIENTED_EDGE('',*,*,#1097,.T.);
#1416=ORIENTED_EDGE('',*,*,#1098,.T.);
#1417=ORIENTED_EDGE('',*,*,#1099,.T.);
#1418=ORIENTED_EDGE('',*,*,#1100,.T.);
#1419=ORIENTED_EDGE('',*,*,#1097,.F.);
#1420=ORIENTED_EDGE('',*,*,#1101,.T.);
#1421=ORIENTED_EDGE('',*,*,#1102,.T.);
#1422=ORIENTED_EDGE('',*,*,#1103,.T.);
#1423=ORIENTED_EDGE('',*,*,#1102,.F.);
#1424=ORIENTED_EDGE('',*,*,#1104,.T.);
#1425=ORIENTED_EDGE('',*,*,#1105,.T.);
#1426=ORIENTED_EDGE('',*,*,#1106,.T.);
#1427=ORIENTED_EDGE('',*,*,#1085,.F.);
#1428=ORIENTED_EDGE('',*,*,#1107,.F.);
#1429=ORIENTED_EDGE('',*,*,#1098,.F.);
#1430=ORIENTED_EDGE('',*,*,#1108,.T.);
#1431=ORIENTED_EDGE('',*,*,#1086,.F.);
#1432=ORIENTED_EDGE('',*,*,#1108,.F.);
#1433=ORIENTED_EDGE('',*,*,#1103,.F.);
#1434=ORIENTED_EDGE('',*,*,#1109,.T.);
#1435=ORIENTED_EDGE('',*,*,#1088,.F.);
#1436=ORIENTED_EDGE('',*,*,#1109,.F.);
#1437=ORIENTED_EDGE('',*,*,#1106,.F.);
#1438=ORIENTED_EDGE('',*,*,#1110,.T.);
#1439=ORIENTED_EDGE('',*,*,#1111,.T.);
#1440=ORIENTED_EDGE('',*,*,#1112,.T.);
#1441=ORIENTED_EDGE('',*,*,#1113,.T.);
#1442=ORIENTED_EDGE('',*,*,#1114,.T.);
#1443=ORIENTED_EDGE('',*,*,#1115,.T.);
#1444=ORIENTED_EDGE('',*,*,#1116,.T.);
#1445=ORIENTED_EDGE('',*,*,#1117,.T.);
#1446=ORIENTED_EDGE('',*,*,#1118,.T.);
#1447=ORIENTED_EDGE('',*,*,#1111,.F.);
#1448=ORIENTED_EDGE('',*,*,#1119,.T.);
#1449=ORIENTED_EDGE('',*,*,#1117,.F.);
#1450=ORIENTED_EDGE('',*,*,#1120,.T.);
#1451=ORIENTED_EDGE('',*,*,#1121,.T.);
#1452=ORIENTED_EDGE('',*,*,#1122,.F.);
#1453=ORIENTED_EDGE('',*,*,#1123,.T.);
#1454=ORIENTED_EDGE('',*,*,#1124,.T.);
#1455=ORIENTED_EDGE('',*,*,#1125,.T.);
#1456=ORIENTED_EDGE('',*,*,#1126,.F.);
#1457=ORIENTED_EDGE('',*,*,#1127,.T.);
#1458=ORIENTED_EDGE('',*,*,#1128,.F.);
#1459=ORIENTED_EDGE('',*,*,#1129,.F.);
#1460=ORIENTED_EDGE('',*,*,#1130,.F.);
#1461=ORIENTED_EDGE('',*,*,#1131,.T.);
#1462=ORIENTED_EDGE('',*,*,#1112,.F.);
#1463=ORIENTED_EDGE('',*,*,#1132,.T.);
#1464=ORIENTED_EDGE('',*,*,#1064,.F.);
#1465=ORIENTED_EDGE('',*,*,#1065,.F.);
#1466=ORIENTED_EDGE('',*,*,#1132,.F.);
#1467=ORIENTED_EDGE('',*,*,#1120,.F.);
#1468=ORIENTED_EDGE('',*,*,#1133,.T.);
#1469=ORIENTED_EDGE('',*,*,#976,.T.);
#1470=ORIENTED_EDGE('',*,*,#980,.T.);
#1471=ORIENTED_EDGE('',*,*,#983,.T.);
#1472=ORIENTED_EDGE('',*,*,#986,.T.);
#1473=ORIENTED_EDGE('',*,*,#1070,.F.);
#1474=ORIENTED_EDGE('',*,*,#1133,.F.);
#1475=ORIENTED_EDGE('',*,*,#1116,.F.);
#1476=ORIENTED_EDGE('',*,*,#1134,.F.);
#1477=ORIENTED_EDGE('',*,*,#1135,.F.);
#1478=ORIENTED_EDGE('',*,*,#1136,.T.);
#1479=ORIENTED_EDGE('',*,*,#1137,.T.);
#1480=ORIENTED_EDGE('',*,*,#1138,.T.);
#1481=ORIENTED_EDGE('',*,*,#1139,.T.);
#1482=ORIENTED_EDGE('',*,*,#1140,.T.);
#1483=ORIENTED_EDGE('',*,*,#1141,.T.);
#1484=ORIENTED_EDGE('',*,*,#1142,.F.);
#1485=ORIENTED_EDGE('',*,*,#1143,.F.);
#1486=ORIENTED_EDGE('',*,*,#1144,.F.);
#1487=ORIENTED_EDGE('',*,*,#1145,.F.);
#1488=ORIENTED_EDGE('',*,*,#1146,.F.);
#1489=ORIENTED_EDGE('',*,*,#1147,.T.);
#1490=ORIENTED_EDGE('',*,*,#1048,.T.);
#1491=ORIENTED_EDGE('',*,*,#1148,.T.);
#1492=ORIENTED_EDGE('',*,*,#1149,.T.);
#1493=ORIENTED_EDGE('',*,*,#1147,.F.);
#1494=ORIENTED_EDGE('',*,*,#1150,.T.);
#1495=ORIENTED_EDGE('',*,*,#1151,.T.);
#1496=ORIENTED_EDGE('',*,*,#1049,.T.);
#1497=ORIENTED_EDGE('',*,*,#1151,.F.);
#1498=ORIENTED_EDGE('',*,*,#1152,.T.);
#1499=ORIENTED_EDGE('',*,*,#1153,.T.);
#1500=ORIENTED_EDGE('',*,*,#1050,.T.);
#1501=ORIENTED_EDGE('',*,*,#1154,.T.);
#1502=ORIENTED_EDGE('',*,*,#1155,.T.);
#1503=ORIENTED_EDGE('',*,*,#1156,.T.);
#1504=ORIENTED_EDGE('',*,*,#1157,.T.);
#1505=ORIENTED_EDGE('',*,*,#1154,.F.);
#1506=ORIENTED_EDGE('',*,*,#1158,.T.);
#1507=ORIENTED_EDGE('',*,*,#1159,.T.);
#1508=ORIENTED_EDGE('',*,*,#1160,.T.);
#1509=ORIENTED_EDGE('',*,*,#1159,.F.);
#1510=ORIENTED_EDGE('',*,*,#1161,.T.);
#1511=ORIENTED_EDGE('',*,*,#1162,.T.);
#1512=ORIENTED_EDGE('',*,*,#1163,.T.);
#1513=ORIENTED_EDGE('',*,*,#1149,.F.);
#1514=ORIENTED_EDGE('',*,*,#1164,.F.);
#1515=ORIENTED_EDGE('',*,*,#1155,.F.);
#1516=ORIENTED_EDGE('',*,*,#1165,.T.);
#1517=ORIENTED_EDGE('',*,*,#1150,.F.);
#1518=ORIENTED_EDGE('',*,*,#1165,.F.);
#1519=ORIENTED_EDGE('',*,*,#1160,.F.);
#1520=ORIENTED_EDGE('',*,*,#1166,.T.);
#1521=ORIENTED_EDGE('',*,*,#1152,.F.);
#1522=ORIENTED_EDGE('',*,*,#1166,.F.);
#1523=ORIENTED_EDGE('',*,*,#1163,.F.);
#1524=ORIENTED_EDGE('',*,*,#1167,.T.);
#1525=ORIENTED_EDGE('',*,*,#1168,.T.);
#1526=ORIENTED_EDGE('',*,*,#1169,.T.);
#1527=ORIENTED_EDGE('',*,*,#1170,.T.);
#1528=ORIENTED_EDGE('',*,*,#1171,.T.);
#1529=ORIENTED_EDGE('',*,*,#1171,.F.);
#1530=ORIENTED_EDGE('',*,*,#1128,.T.);
#1531=ORIENTED_EDGE('',*,*,#1172,.T.);
#1532=ORIENTED_EDGE('',*,*,#1138,.F.);
#1533=ORIENTED_EDGE('',*,*,#1082,.F.);
#1534=ORIENTED_EDGE('',*,*,#1173,.F.);
#1535=ORIENTED_EDGE('',*,*,#1174,.F.);
#1536=ORIENTED_EDGE('',*,*,#1038,.F.);
#1537=ORIENTED_EDGE('',*,*,#1042,.T.);
#1538=ORIENTED_EDGE('',*,*,#1052,.F.);
#1539=ORIENTED_EDGE('',*,*,#1081,.F.);
#1540=ORIENTED_EDGE('',*,*,#1175,.F.);
#1541=ORIENTED_EDGE('',*,*,#1176,.F.);
#1542=ORIENTED_EDGE('',*,*,#1173,.T.);
#1543=ORIENTED_EDGE('',*,*,#1080,.F.);
#1544=ORIENTED_EDGE('',*,*,#1053,.F.);
#1545=ORIENTED_EDGE('',*,*,#1040,.F.);
#1546=ORIENTED_EDGE('',*,*,#1036,.F.);
#1547=ORIENTED_EDGE('',*,*,#1177,.F.);
#1548=ORIENTED_EDGE('',*,*,#1175,.T.);
#1549=ORIENTED_EDGE('',*,*,#1091,.F.);
#1550=ORIENTED_EDGE('',*,*,#1142,.T.);
#1551=ORIENTED_EDGE('',*,*,#1178,.T.);
#1552=ORIENTED_EDGE('',*,*,#1124,.F.);
#1553=ORIENTED_EDGE('',*,*,#1125,.F.);
#1554=ORIENTED_EDGE('',*,*,#1178,.F.);
#1555=ORIENTED_EDGE('',*,*,#1141,.F.);
#1556=ORIENTED_EDGE('',*,*,#1179,.F.);
#1557=ORIENTED_EDGE('',*,*,#1180,.F.);
#1558=ORIENTED_EDGE('',*,*,#1181,.F.);
#1559=ORIENTED_EDGE('',*,*,#1139,.F.);
#1560=ORIENTED_EDGE('',*,*,#1172,.F.);
#1561=ORIENTED_EDGE('',*,*,#1127,.F.);
#1562=ORIENTED_EDGE('',*,*,#1182,.F.);
#1563=ORIENTED_EDGE('',*,*,#1183,.F.);
#1564=ORIENTED_EDGE('',*,*,#1184,.F.);
#1565=ORIENTED_EDGE('',*,*,#1185,.T.);
#1566=ORIENTED_EDGE('',*,*,#1135,.T.);
#1567=ORIENTED_EDGE('',*,*,#1186,.T.);
#1568=ORIENTED_EDGE('',*,*,#1187,.F.);
#1569=ORIENTED_EDGE('',*,*,#1188,.T.);
#1570=ORIENTED_EDGE('',*,*,#1189,.T.);
#1571=ORIENTED_EDGE('',*,*,#1190,.T.);
#1572=ORIENTED_EDGE('',*,*,#1191,.T.);
#1573=ORIENTED_EDGE('',*,*,#1192,.T.);
#1574=ORIENTED_EDGE('',*,*,#1193,.F.);
#1575=ORIENTED_EDGE('',*,*,#1194,.T.);
#1576=ORIENTED_EDGE('',*,*,#1130,.T.);
#1577=ORIENTED_EDGE('',*,*,#1195,.T.);
#1578=ORIENTED_EDGE('',*,*,#1161,.F.);
#1579=ORIENTED_EDGE('',*,*,#1158,.F.);
#1580=ORIENTED_EDGE('',*,*,#1157,.F.);
#1581=ORIENTED_EDGE('',*,*,#1196,.T.);
#1582=ORIENTED_EDGE('',*,*,#1197,.T.);
#1583=ORIENTED_EDGE('',*,*,#1198,.T.);
#1584=ORIENTED_EDGE('',*,*,#1058,.F.);
#1585=ORIENTED_EDGE('',*,*,#1002,.T.);
#1586=ORIENTED_EDGE('',*,*,#999,.T.);
#1587=ORIENTED_EDGE('',*,*,#996,.T.);
#1588=ORIENTED_EDGE('',*,*,#993,.T.);
#1589=ORIENTED_EDGE('',*,*,#990,.T.);
#1590=ORIENTED_EDGE('',*,*,#1136,.F.);
#1591=ORIENTED_EDGE('',*,*,#1185,.F.);
#1592=ORIENTED_EDGE('',*,*,#1156,.F.);
#1593=ORIENTED_EDGE('',*,*,#1164,.T.);
#1594=ORIENTED_EDGE('',*,*,#1148,.F.);
#1595=ORIENTED_EDGE('',*,*,#1047,.F.);
#1596=ORIENTED_EDGE('',*,*,#1043,.F.);
#1597=ORIENTED_EDGE('',*,*,#1060,.F.);
#1598=ORIENTED_EDGE('',*,*,#1055,.F.);
#1599=ORIENTED_EDGE('',*,*,#1198,.F.);
#1600=ORIENTED_EDGE('',*,*,#1199,.T.);
#1601=ORIENTED_EDGE('',*,*,#1200,.F.);
#1602=ORIENTED_EDGE('',*,*,#1168,.F.);
#1603=ORIENTED_EDGE('',*,*,#1137,.F.);
#1604=ORIENTED_EDGE('',*,*,#1195,.F.);
#1605=ORIENTED_EDGE('',*,*,#1129,.T.);
#1606=ORIENTED_EDGE('',*,*,#1170,.F.);
#1607=ORIENTED_EDGE('',*,*,#1201,.F.);
#1608=ORIENTED_EDGE('',*,*,#1202,.F.);
#1609=ORIENTED_EDGE('',*,*,#1196,.F.);
#1610=ORIENTED_EDGE('',*,*,#1057,.F.);
#1611=ORIENTED_EDGE('',*,*,#1059,.T.);
#1612=ORIENTED_EDGE('',*,*,#1045,.F.);
#1613=ORIENTED_EDGE('',*,*,#1051,.F.);
#1614=ORIENTED_EDGE('',*,*,#1153,.F.);
#1615=ORIENTED_EDGE('',*,*,#1167,.F.);
#1616=ORIENTED_EDGE('',*,*,#1162,.F.);
#1617=ORIENTED_EDGE('',*,*,#1169,.F.);
#1618=ORIENTED_EDGE('',*,*,#1200,.T.);
#1619=ORIENTED_EDGE('',*,*,#1203,.T.);
#1620=ORIENTED_EDGE('',*,*,#1201,.T.);
#1621=ORIENTED_EDGE('',*,*,#1199,.F.);
#1622=ORIENTED_EDGE('',*,*,#1197,.F.);
#1623=ORIENTED_EDGE('',*,*,#1202,.T.);
#1624=ORIENTED_EDGE('',*,*,#1203,.F.);
#1625=ORIENTED_EDGE('',*,*,#1204,.F.);
#1626=ORIENTED_EDGE('',*,*,#1205,.F.);
#1627=ORIENTED_EDGE('',*,*,#1188,.F.);
#1628=ORIENTED_EDGE('',*,*,#1206,.T.);
#1629=ORIENTED_EDGE('',*,*,#1207,.F.);
#1630=ORIENTED_EDGE('',*,*,#1208,.F.);
#1631=ORIENTED_EDGE('',*,*,#1189,.F.);
#1632=ORIENTED_EDGE('',*,*,#1205,.T.);
#1633=ORIENTED_EDGE('',*,*,#1209,.F.);
#1634=ORIENTED_EDGE('',*,*,#1210,.F.);
#1635=ORIENTED_EDGE('',*,*,#1190,.F.);
#1636=ORIENTED_EDGE('',*,*,#1208,.T.);
#1637=ORIENTED_EDGE('',*,*,#1211,.F.);
#1638=ORIENTED_EDGE('',*,*,#1212,.F.);
#1639=ORIENTED_EDGE('',*,*,#1191,.F.);
#1640=ORIENTED_EDGE('',*,*,#1210,.T.);
#1641=ORIENTED_EDGE('',*,*,#1213,.F.);
#1642=ORIENTED_EDGE('',*,*,#1214,.F.);
#1643=ORIENTED_EDGE('',*,*,#1192,.F.);
#1644=ORIENTED_EDGE('',*,*,#1212,.T.);
#1645=ORIENTED_EDGE('',*,*,#1215,.F.);
#1646=ORIENTED_EDGE('',*,*,#1216,.F.);
#1647=ORIENTED_EDGE('',*,*,#1193,.T.);
#1648=ORIENTED_EDGE('',*,*,#1214,.T.);
#1649=ORIENTED_EDGE('',*,*,#1131,.F.);
#1650=ORIENTED_EDGE('',*,*,#1194,.F.);
#1651=ORIENTED_EDGE('',*,*,#1216,.T.);
#1652=ORIENTED_EDGE('',*,*,#1217,.F.);
#1653=ORIENTED_EDGE('',*,*,#1113,.F.);
#1654=ORIENTED_EDGE('',*,*,#1218,.F.);
#1655=ORIENTED_EDGE('',*,*,#1182,.T.);
#1656=ORIENTED_EDGE('',*,*,#1126,.T.);
#1657=ORIENTED_EDGE('',*,*,#1181,.T.);
#1658=ORIENTED_EDGE('',*,*,#1219,.F.);
#1659=ORIENTED_EDGE('',*,*,#1183,.T.);
#1660=ORIENTED_EDGE('',*,*,#1218,.T.);
#1661=ORIENTED_EDGE('',*,*,#1180,.T.);
#1662=ORIENTED_EDGE('',*,*,#978,.T.);
#1663=ORIENTED_EDGE('',*,*,#987,.T.);
#1664=ORIENTED_EDGE('',*,*,#984,.T.);
#1665=ORIENTED_EDGE('',*,*,#981,.T.);
#1666=ORIENTED_EDGE('',*,*,#1140,.F.);
#1667=ORIENTED_EDGE('',*,*,#1184,.T.);
#1668=ORIENTED_EDGE('',*,*,#1219,.T.);
#1669=ORIENTED_EDGE('',*,*,#1179,.T.);
#1670=ORIENTED_EDGE('',*,*,#1220,.F.);
#1671=ORIENTED_EDGE('',*,*,#1221,.F.);
#1672=ORIENTED_EDGE('',*,*,#1186,.F.);
#1673=ORIENTED_EDGE('',*,*,#1134,.T.);
#1674=ORIENTED_EDGE('',*,*,#1115,.F.);
#1675=ORIENTED_EDGE('',*,*,#1222,.F.);
#1676=ORIENTED_EDGE('',*,*,#1206,.F.);
#1677=ORIENTED_EDGE('',*,*,#1187,.T.);
#1678=ORIENTED_EDGE('',*,*,#1221,.T.);
#1679=ORIENTED_EDGE('',*,*,#1114,.F.);
#1680=ORIENTED_EDGE('',*,*,#1217,.T.);
#1681=ORIENTED_EDGE('',*,*,#1215,.T.);
#1682=ORIENTED_EDGE('',*,*,#1213,.T.);
#1683=ORIENTED_EDGE('',*,*,#1211,.T.);
#1684=ORIENTED_EDGE('',*,*,#1209,.T.);
#1685=ORIENTED_EDGE('',*,*,#1207,.T.);
#1686=ORIENTED_EDGE('',*,*,#1204,.T.);
#1687=ORIENTED_EDGE('',*,*,#1222,.T.);
#1688=ORIENTED_EDGE('',*,*,#1220,.T.);
#1689=ORIENTED_EDGE('',*,*,#1118,.F.);
#1690=ORIENTED_EDGE('',*,*,#1119,.F.);
#1691=ORIENTED_EDGE('',*,*,#1174,.T.);
#1692=ORIENTED_EDGE('',*,*,#1176,.T.);
#1693=ORIENTED_EDGE('',*,*,#1177,.T.);
#1694=ORIENTED_EDGE('',*,*,#1039,.F.);
#1695=ORIENTED_EDGE('',*,*,#1000,.T.);
#1696=ORIENTED_EDGE('',*,*,#997,.T.);
#1697=ORIENTED_EDGE('',*,*,#994,.T.);
#1698=ORIENTED_EDGE('',*,*,#991,.T.);
#1699=ORIENTED_EDGE('',*,*,#988,.T.);
#1700=ORIENTED_EDGE('',*,*,#1096,.T.);
#1701=ORIENTED_EDGE('',*,*,#1223,.F.);
#1702=ORIENTED_EDGE('',*,*,#1224,.F.);
#1703=ORIENTED_EDGE('',*,*,#1032,.F.);
#1704=ORIENTED_EDGE('',*,*,#1034,.T.);
#1705=ORIENTED_EDGE('',*,*,#1023,.F.);
#1706=ORIENTED_EDGE('',*,*,#1029,.F.);
#1707=ORIENTED_EDGE('',*,*,#1089,.F.);
#1708=ORIENTED_EDGE('',*,*,#1110,.F.);
#1709=ORIENTED_EDGE('',*,*,#1105,.F.);
#1710=ORIENTED_EDGE('',*,*,#1225,.F.);
#1711=ORIENTED_EDGE('',*,*,#1144,.T.);
#1712=ORIENTED_EDGE('',*,*,#1143,.T.);
#1713=ORIENTED_EDGE('',*,*,#1090,.T.);
#1714=ORIENTED_EDGE('',*,*,#1095,.T.);
#1715=ORIENTED_EDGE('',*,*,#1226,.F.);
#1716=ORIENTED_EDGE('',*,*,#1227,.F.);
#1717=ORIENTED_EDGE('',*,*,#1223,.T.);
#1718=ORIENTED_EDGE('',*,*,#1094,.T.);
#1719=ORIENTED_EDGE('',*,*,#1092,.T.);
#1720=ORIENTED_EDGE('',*,*,#1123,.F.);
#1721=ORIENTED_EDGE('',*,*,#1228,.F.);
#1722=ORIENTED_EDGE('',*,*,#1099,.F.);
#1723=ORIENTED_EDGE('',*,*,#1107,.T.);
#1724=ORIENTED_EDGE('',*,*,#1084,.F.);
#1725=ORIENTED_EDGE('',*,*,#1025,.F.);
#1726=ORIENTED_EDGE('',*,*,#1021,.F.);
#1727=ORIENTED_EDGE('',*,*,#1035,.F.);
#1728=ORIENTED_EDGE('',*,*,#1030,.F.);
#1729=ORIENTED_EDGE('',*,*,#1229,.F.);
#1730=ORIENTED_EDGE('',*,*,#1226,.T.);
#1731=ORIENTED_EDGE('',*,*,#1230,.F.);
#1732=ORIENTED_EDGE('',*,*,#1231,.F.);
#1733=ORIENTED_EDGE('',*,*,#1078,.F.);
#1734=ORIENTED_EDGE('',*,*,#1232,.T.);
#1735=ORIENTED_EDGE('',*,*,#1233,.F.);
#1736=ORIENTED_EDGE('',*,*,#1121,.F.);
#1737=ORIENTED_EDGE('',*,*,#1063,.F.);
#1738=ORIENTED_EDGE('',*,*,#1079,.F.);
#1739=ORIENTED_EDGE('',*,*,#1231,.T.);
#1740=ORIENTED_EDGE('',*,*,#1234,.F.);
#1741=ORIENTED_EDGE('',*,*,#1235,.F.);
#1742=ORIENTED_EDGE('',*,*,#1071,.F.);
#1743=ORIENTED_EDGE('',*,*,#1068,.F.);
#1744=ORIENTED_EDGE('',*,*,#1146,.T.);
#1745=ORIENTED_EDGE('',*,*,#1236,.F.);
#1746=ORIENTED_EDGE('',*,*,#1237,.F.);
#1747=ORIENTED_EDGE('',*,*,#1072,.F.);
#1748=ORIENTED_EDGE('',*,*,#1235,.T.);
#1749=ORIENTED_EDGE('',*,*,#1238,.F.);
#1750=ORIENTED_EDGE('',*,*,#1239,.F.);
#1751=ORIENTED_EDGE('',*,*,#1073,.F.);
#1752=ORIENTED_EDGE('',*,*,#1237,.T.);
#1753=ORIENTED_EDGE('',*,*,#1240,.F.);
#1754=ORIENTED_EDGE('',*,*,#1241,.F.);
#1755=ORIENTED_EDGE('',*,*,#1074,.F.);
#1756=ORIENTED_EDGE('',*,*,#1239,.T.);
#1757=ORIENTED_EDGE('',*,*,#1242,.F.);
#1758=ORIENTED_EDGE('',*,*,#1243,.F.);
#1759=ORIENTED_EDGE('',*,*,#1075,.F.);
#1760=ORIENTED_EDGE('',*,*,#1241,.T.);
#1761=ORIENTED_EDGE('',*,*,#1244,.F.);
#1762=ORIENTED_EDGE('',*,*,#1245,.F.);
#1763=ORIENTED_EDGE('',*,*,#1076,.F.);
#1764=ORIENTED_EDGE('',*,*,#1243,.T.);
#1765=ORIENTED_EDGE('',*,*,#1246,.F.);
#1766=ORIENTED_EDGE('',*,*,#1232,.F.);
#1767=ORIENTED_EDGE('',*,*,#1077,.F.);
#1768=ORIENTED_EDGE('',*,*,#1245,.T.);
#1769=ORIENTED_EDGE('',*,*,#1228,.T.);
#1770=ORIENTED_EDGE('',*,*,#1122,.T.);
#1771=ORIENTED_EDGE('',*,*,#1233,.T.);
#1772=ORIENTED_EDGE('',*,*,#1230,.T.);
#1773=ORIENTED_EDGE('',*,*,#1246,.T.);
#1774=ORIENTED_EDGE('',*,*,#1244,.T.);
#1775=ORIENTED_EDGE('',*,*,#1242,.T.);
#1776=ORIENTED_EDGE('',*,*,#1240,.T.);
#1777=ORIENTED_EDGE('',*,*,#1238,.T.);
#1778=ORIENTED_EDGE('',*,*,#1236,.T.);
#1779=ORIENTED_EDGE('',*,*,#1234,.T.);
#1780=ORIENTED_EDGE('',*,*,#1145,.T.);
#1781=ORIENTED_EDGE('',*,*,#1225,.T.);
#1782=ORIENTED_EDGE('',*,*,#1104,.F.);
#1783=ORIENTED_EDGE('',*,*,#1101,.F.);
#1784=ORIENTED_EDGE('',*,*,#1100,.F.);
#1785=ORIENTED_EDGE('',*,*,#1224,.T.);
#1786=ORIENTED_EDGE('',*,*,#1227,.T.);
#1787=ORIENTED_EDGE('',*,*,#1229,.T.);
#1788=ORIENTED_EDGE('',*,*,#1033,.F.);
#1789=PLANE('',#1981);
#1790=PLANE('',#1982);
#1791=PLANE('',#1983);
#1792=PLANE('',#1984);
#1793=PLANE('',#2018);
#1794=PLANE('',#2019);
#1795=PLANE('',#2020);
#1796=PLANE('',#2021);
#1797=PLANE('',#2022);
#1798=PLANE('',#2023);
#1799=PLANE('',#2024);
#1800=PLANE('',#2025);
#1801=PLANE('',#2026);
#1802=PLANE('',#2027);
#1803=PLANE('',#2028);
#1804=PLANE('',#2029);
#1805=PLANE('',#2030);
#1806=PLANE('',#2031);
#1807=PLANE('',#2032);
#1808=PLANE('',#2035);
#1809=PLANE('',#2036);
#1810=PLANE('',#2037);
#1811=PLANE('',#2038);
#1812=PLANE('',#2039);
#1813=PLANE('',#2040);
#1814=PLANE('',#2041);
#1815=PLANE('',#2042);
#1816=PLANE('',#2043);
#1817=PLANE('',#2044);
#1818=PLANE('',#2045);
#1819=PLANE('',#2046);
#1820=PLANE('',#2047);
#1821=PLANE('',#2048);
#1822=PLANE('',#2049);
#1823=PLANE('',#2050);
#1824=PLANE('',#2051);
#1825=PLANE('',#2052);
#1826=PLANE('',#2053);
#1827=PLANE('',#2054);
#1828=PLANE('',#2055);
#1829=PLANE('',#2056);
#1830=PLANE('',#2057);
#1831=PLANE('',#2058);
#1832=PLANE('',#2059);
#1833=PLANE('',#2060);
#1834=PLANE('',#2061);
#1835=PLANE('',#2062);
#1836=PLANE('',#2063);
#1837=PLANE('',#2064);
#1838=PLANE('',#2065);
#1839=PLANE('',#2066);
#1840=PLANE('',#2067);
#1841=PLANE('',#2068);
#1842=PLANE('',#2069);
#1843=PLANE('',#2072);
#1844=PLANE('',#2073);
#1845=PLANE('',#2074);
#1846=PLANE('',#2075);
#1847=PLANE('',#2076);
#1848=PLANE('',#2077);
#1849=PLANE('',#2078);
#1850=PLANE('',#2079);
#1851=PLANE('',#2080);
#1852=PLANE('',#2083);
#1853=PLANE('',#2084);
#1854=PLANE('',#2085);
#1855=PLANE('',#2086);
#1856=PLANE('',#2087);
#1857=PLANE('',#2090);
#1858=PLANE('',#2091);
#1859=PLANE('',#2092);
#1860=PLANE('',#2093);
#1861=PLANE('',#2096);
#1862=PLANE('',#2097);
#1863=PLANE('',#2100);
#1864=PLANE('',#2101);
#1865=PLANE('',#2102);
#1866=PLANE('',#2103);
#1867=PLANE('',#2104);
#1868=PLANE('',#2105);
#1869=ADVANCED_FACE('',(#100),#1789,.F.);
#1870=ADVANCED_FACE('',(#101),#1790,.F.);
#1871=ADVANCED_FACE('',(#102),#1791,.F.);
#1872=ADVANCED_FACE('',(#103),#1792,.F.);
#1873=ADVANCED_FACE('',(#104),#85,.F.);
#1874=ADVANCED_FACE('',(#105),#86,.F.);
#1875=ADVANCED_FACE('',(#106),#87,.F.);
#1876=ADVANCED_FACE('',(#107),#88,.F.);
#1877=ADVANCED_FACE('',(#108),#89,.F.);
#1878=ADVANCED_FACE('',(#109),#90,.F.);
#1879=ADVANCED_FACE('',(#110),#91,.F.);
#1880=ADVANCED_FACE('',(#111),#92,.F.);
#1881=ADVANCED_FACE('',(#112),#93,.F.);
#1882=ADVANCED_FACE('',(#113),#94,.F.);
#1883=ADVANCED_FACE('',(#114),#95,.F.);
#1884=ADVANCED_FACE('',(#115),#1793,.T.);
#1885=ADVANCED_FACE('',(#116,#27,#28,#29,#30,#31,#32),#1794,.T.);
#1886=ADVANCED_FACE('',(#117),#1795,.T.);
#1887=ADVANCED_FACE('',(#118),#1796,.T.);
#1888=ADVANCED_FACE('',(#119),#1797,.T.);
#1889=ADVANCED_FACE('',(#120),#1798,.T.);
#1890=ADVANCED_FACE('',(#121),#1799,.T.);
#1891=ADVANCED_FACE('',(#122),#1800,.T.);
#1892=ADVANCED_FACE('',(#123),#1801,.T.);
#1893=ADVANCED_FACE('',(#124),#1802,.T.);
#1894=ADVANCED_FACE('',(#125),#1803,.T.);
#1895=ADVANCED_FACE('',(#126),#1804,.T.);
#1896=ADVANCED_FACE('',(#127),#1805,.T.);
#1897=ADVANCED_FACE('',(#128),#1806,.T.);
#1898=ADVANCED_FACE('',(#129,#33),#1807,.F.);
#1899=ADVANCED_FACE('',(#130),#1808,.T.);
#1900=ADVANCED_FACE('',(#131),#1809,.T.);
#1901=ADVANCED_FACE('',(#132),#1810,.T.);
#1902=ADVANCED_FACE('',(#133),#1811,.T.);
#1903=ADVANCED_FACE('',(#134,#34,#35,#36,#37,#38,#39),#1812,.T.);
#1904=ADVANCED_FACE('',(#135),#1813,.T.);
#1905=ADVANCED_FACE('',(#136),#1814,.T.);
#1906=ADVANCED_FACE('',(#137),#1815,.T.);
#1907=ADVANCED_FACE('',(#138),#1816,.T.);
#1908=ADVANCED_FACE('',(#139),#1817,.T.);
#1909=ADVANCED_FACE('',(#140),#1818,.T.);
#1910=ADVANCED_FACE('',(#141),#1819,.T.);
#1911=ADVANCED_FACE('',(#142),#1820,.T.);
#1912=ADVANCED_FACE('',(#143),#1821,.T.);
#1913=ADVANCED_FACE('',(#144),#1822,.T.);
#1914=ADVANCED_FACE('',(#145,#40),#1823,.T.);
#1915=ADVANCED_FACE('',(#146),#1824,.T.);
#1916=ADVANCED_FACE('',(#147),#1825,.T.);
#1917=ADVANCED_FACE('',(#148),#1826,.T.);
#1918=ADVANCED_FACE('',(#149),#1827,.T.);
#1919=ADVANCED_FACE('',(#150),#1828,.T.);
#1920=ADVANCED_FACE('',(#151),#1829,.T.);
#1921=ADVANCED_FACE('',(#152),#1830,.T.);
#1922=ADVANCED_FACE('',(#153),#1831,.T.);
#1923=ADVANCED_FACE('',(#154),#1832,.T.);
#1924=ADVANCED_FACE('',(#155),#1833,.T.);
#1925=ADVANCED_FACE('',(#156),#1834,.T.);
#1926=ADVANCED_FACE('',(#157),#1835,.T.);
#1927=ADVANCED_FACE('',(#158),#1836,.T.);
#1928=ADVANCED_FACE('',(#159),#1837,.T.);
#1929=ADVANCED_FACE('',(#160),#1838,.T.);
#1930=ADVANCED_FACE('',(#161),#1839,.T.);
#1931=ADVANCED_FACE('',(#162),#1840,.T.);
#1932=ADVANCED_FACE('',(#163),#1841,.T.);
#1933=ADVANCED_FACE('',(#164,#41,#42,#43,#44,#45,#46),#1842,.F.);
#1934=ADVANCED_FACE('',(#165),#1843,.T.);
#1935=ADVANCED_FACE('',(#166),#1844,.T.);
#1936=ADVANCED_FACE('',(#167),#1845,.F.);
#1937=ADVANCED_FACE('',(#168),#1846,.T.);
#1938=ADVANCED_FACE('',(#169),#1847,.T.);
#1939=ADVANCED_FACE('',(#170),#1848,.T.);
#1940=ADVANCED_FACE('',(#171),#1849,.T.);
#1941=ADVANCED_FACE('',(#172),#1850,.T.);
#1942=ADVANCED_FACE('',(#173),#1851,.T.);
#1943=ADVANCED_FACE('',(#174),#96,.T.);
#1944=ADVANCED_FACE('',(#175),#1852,.T.);
#1945=ADVANCED_FACE('',(#176),#1853,.T.);
#1946=ADVANCED_FACE('',(#177,#47),#1854,.T.);
#1947=ADVANCED_FACE('',(#178),#1855,.T.);
#1948=ADVANCED_FACE('',(#179),#1856,.T.);
#1949=ADVANCED_FACE('',(#180),#97,.T.);
#1950=ADVANCED_FACE('',(#181,#48,#49,#50,#51,#52,#53),#1857,.F.);
#1951=ADVANCED_FACE('',(#182),#1858,.T.);
#1952=ADVANCED_FACE('',(#183),#1859,.T.);
#1953=ADVANCED_FACE('',(#184),#1860,.T.);
#1954=ADVANCED_FACE('',(#185),#98,.T.);
#1955=ADVANCED_FACE('',(#186),#1861,.T.);
#1956=ADVANCED_FACE('',(#187),#1862,.T.);
#1957=ADVANCED_FACE('',(#188),#99,.T.);
#1958=ADVANCED_FACE('',(#189),#1863,.T.);
#1959=ADVANCED_FACE('',(#190),#1864,.T.);
#1960=ADVANCED_FACE('',(#191),#1865,.T.);
#1961=ADVANCED_FACE('',(#192),#1866,.T.);
#1962=ADVANCED_FACE('',(#193),#1867,.T.);
#1963=ADVANCED_FACE('',(#194,#54),#1868,.F.);
#1964=CLOSED_SHELL('',(#1869,#1870,#1871,#1872,#1873,#1874,#1875,#1876,
#1877,#1878,#1879,#1880,#1881,#1882,#1883,#1884,#1885,#1886,#1887,#1888,
#1889,#1890,#1891,#1892,#1893,#1894,#1895,#1896,#1897,#1898,#1899,#1900,
#1901,#1902,#1903,#1904,#1905,#1906,#1907,#1908,#1909,#1910,#1911,#1912,
#1913,#1914,#1915,#1916,#1917,#1918,#1919,#1920,#1921,#1922,#1923,#1924,
#1925,#1926,#1927,#1928,#1929,#1930,#1931,#1932,#1933,#1934,#1935,#1936,
#1937,#1938,#1939,#1940,#1941,#1942,#1943,#1944,#1945,#1946,#1947,#1948,
#1949,#1950,#1951,#1952,#1953,#1954,#1955,#1956,#1957,#1958,#1959,#1960,
#1961,#1962,#1963));
#1965=DERIVED_UNIT_ELEMENT(#1967,1.);
#1966=DERIVED_UNIT_ELEMENT(#3174,-3.);
#1967=(
MASS_UNIT()
NAMED_UNIT(*)
SI_UNIT(.KILO.,.GRAM.)
);
#1968=DERIVED_UNIT((#1965,#1966));
#1969=MEASURE_REPRESENTATION_ITEM('density measure',
POSITIVE_RATIO_MEASURE(1060.),#1968);
#1970=PROPERTY_DEFINITION_REPRESENTATION(#1975,#1972);
#1971=PROPERTY_DEFINITION_REPRESENTATION(#1976,#1973);
#1972=REPRESENTATION('material name',(#1974),#3171);
#1973=REPRESENTATION('density',(#1969),#3171);
#1974=DESCRIPTIVE_REPRESENTATION_ITEM('ABS-Kunststoff','ABS-Kunststoff');
#1975=PROPERTY_DEFINITION('material property','material name',#3196);
#1976=PROPERTY_DEFINITION('material property','density of part',#3196);
#1977=AXIS2_PLACEMENT_3D('',#2614,#2109,#2110);
#1978=AXIS2_PLACEMENT_3D('',#2615,#2111,#2112);
#1979=AXIS2_PLACEMENT_3D('',#2616,#2113,#2114);
#1980=AXIS2_PLACEMENT_3D('',#2617,#2115,#2116);
#1981=AXIS2_PLACEMENT_3D('',#2618,#2117,#2118);
#1982=AXIS2_PLACEMENT_3D('',#2627,#2123,#2124);
#1983=AXIS2_PLACEMENT_3D('',#2633,#2128,#2129);
#1984=AXIS2_PLACEMENT_3D('',#2639,#2133,#2134);
#1985=AXIS2_PLACEMENT_3D('',#2642,#2137,#2138);
#1986=AXIS2_PLACEMENT_3D('',#2644,#2139,#2140);
#1987=AXIS2_PLACEMENT_3D('',#2647,#2142,#2143);
#1988=AXIS2_PLACEMENT_3D('',#2648,#2144,#2145);
#1989=AXIS2_PLACEMENT_3D('',#2650,#2146,#2147);
#1990=AXIS2_PLACEMENT_3D('',#2653,#2149,#2150);
#1991=AXIS2_PLACEMENT_3D('',#2654,#2151,#2152);
#1992=AXIS2_PLACEMENT_3D('',#2656,#2153,#2154);
#1993=AXIS2_PLACEMENT_3D('',#2659,#2156,#2157);
#1994=AXIS2_PLACEMENT_3D('',#2660,#2158,#2159);
#1995=AXIS2_PLACEMENT_3D('',#2662,#2160,#2161);
#1996=AXIS2_PLACEMENT_3D('',#2665,#2163,#2164);
#1997=AXIS2_PLACEMENT_3D('',#2666,#2165,#2166);
#1998=AXIS2_PLACEMENT_3D('',#2668,#2167,#2168);
#1999=AXIS2_PLACEMENT_3D('',#2671,#2170,#2171);
#2000=AXIS2_PLACEMENT_3D('',#2672,#2172,#2173);
#2001=AXIS2_PLACEMENT_3D('',#2674,#2174,#2175);
#2002=AXIS2_PLACEMENT_3D('',#2677,#2177,#2178);
#2003=AXIS2_PLACEMENT_3D('',#2678,#2179,#2180);
#2004=AXIS2_PLACEMENT_3D('',#2680,#2181,#2182);
#2005=AXIS2_PLACEMENT_3D('',#2683,#2184,#2185);
#2006=AXIS2_PLACEMENT_3D('',#2684,#2186,#2187);
#2007=AXIS2_PLACEMENT_3D('',#2686,#2188,#2189);
#2008=AXIS2_PLACEMENT_3D('',#2689,#2191,#2192);
#2009=AXIS2_PLACEMENT_3D('',#2690,#2193,#2194);
#2010=AXIS2_PLACEMENT_3D('',#2692,#2195,#2196);
#2011=AXIS2_PLACEMENT_3D('',#2695,#2198,#2199);
#2012=AXIS2_PLACEMENT_3D('',#2696,#2200,#2201);
#2013=AXIS2_PLACEMENT_3D('',#2698,#2202,#2203);
#2014=AXIS2_PLACEMENT_3D('',#2701,#2205,#2206);
#2015=AXIS2_PLACEMENT_3D('',#2702,#2207,#2208);
#2016=AXIS2_PLACEMENT_3D('',#2704,#2209,#2210);
#2017=AXIS2_PLACEMENT_3D('',#2707,#2212,#2213);
#2018=AXIS2_PLACEMENT_3D('',#2708,#2214,#2215);
#2019=AXIS2_PLACEMENT_3D('',#2717,#2220,#2221);
#2020=AXIS2_PLACEMENT_3D('',#2727,#2227,#2228);
#2021=AXIS2_PLACEMENT_3D('',#2736,#2233,#2234);
#2022=AXIS2_PLACEMENT_3D('',#2739,#2237,#2238);
#2023=AXIS2_PLACEMENT_3D('',#2748,#2243,#2244);
#2024=AXIS2_PLACEMENT_3D('',#2754,#2248,#2249);
#2025=AXIS2_PLACEMENT_3D('',#2763,#2254,#2255);
#2026=AXIS2_PLACEMENT_3D('',#2773,#2261,#2262);
#2027=AXIS2_PLACEMENT_3D('',#2779,#2266,#2267);
#2028=AXIS2_PLACEMENT_3D('',#2788,#2272,#2273);
#2029=AXIS2_PLACEMENT_3D('',#2791,#2276,#2277);
#2030=AXIS2_PLACEMENT_3D('',#2800,#2282,#2283);
#2031=AXIS2_PLACEMENT_3D('',#2806,#2287,#2288);
#2032=AXIS2_PLACEMENT_3D('',#2812,#2292,#2293);
#2033=AXIS2_PLACEMENT_3D('',#2816,#2295,#2296);
#2034=AXIS2_PLACEMENT_3D('',#2828,#2302,#2303);
#2035=AXIS2_PLACEMENT_3D('',#2835,#2308,#2309);
#2036=AXIS2_PLACEMENT_3D('',#2841,#2313,#2314);
#2037=AXIS2_PLACEMENT_3D('',#2845,#2317,#2318);
#2038=AXIS2_PLACEMENT_3D('',#2849,#2321,#2322);
#2039=AXIS2_PLACEMENT_3D('',#2858,#2327,#2328);
#2040=AXIS2_PLACEMENT_3D('',#2864,#2332,#2333);
#2041=AXIS2_PLACEMENT_3D('',#2873,#2338,#2339);
#2042=AXIS2_PLACEMENT_3D('',#2879,#2343,#2344);
#2043=AXIS2_PLACEMENT_3D('',#2885,#2348,#2349);
#2044=AXIS2_PLACEMENT_3D('',#2888,#2352,#2353);
#2045=AXIS2_PLACEMENT_3D('',#2890,#2355,#2356);
#2046=AXIS2_PLACEMENT_3D('',#2892,#2358,#2359);
#2047=AXIS2_PLACEMENT_3D('',#2901,#2364,#2365);
#2048=AXIS2_PLACEMENT_3D('',#2910,#2370,#2371);
#2049=AXIS2_PLACEMENT_3D('',#2913,#2374,#2375);
#2050=AXIS2_PLACEMENT_3D('',#2935,#2388,#2389);
#2051=AXIS2_PLACEMENT_3D('',#2937,#2391,#2392);
#2052=AXIS2_PLACEMENT_3D('',#2962,#2406,#2407);
#2053=AXIS2_PLACEMENT_3D('',#2968,#2411,#2412);
#2054=AXIS2_PLACEMENT_3D('',#2972,#2415,#2416);
#2055=AXIS2_PLACEMENT_3D('',#2976,#2419,#2420);
#2056=AXIS2_PLACEMENT_3D('',#2985,#2425,#2426);
#2057=AXIS2_PLACEMENT_3D('',#2991,#2430,#2431);
#2058=AXIS2_PLACEMENT_3D('',#2997,#2435,#2436);
#2059=AXIS2_PLACEMENT_3D('',#3000,#2439,#2440);
#2060=AXIS2_PLACEMENT_3D('',#3002,#2442,#2443);
#2061=AXIS2_PLACEMENT_3D('',#3004,#2445,#2446);
#2062=AXIS2_PLACEMENT_3D('',#3011,#2451,#2452);
#2063=AXIS2_PLACEMENT_3D('',#3013,#2454,#2455);
#2064=AXIS2_PLACEMENT_3D('',#3017,#2458,#2459);
#2065=AXIS2_PLACEMENT_3D('',#3021,#2462,#2463);
#2066=AXIS2_PLACEMENT_3D('',#3023,#2465,#2466);
#2067=AXIS2_PLACEMENT_3D('',#3025,#2468,#2469);
#2068=AXIS2_PLACEMENT_3D('',#3031,#2473,#2474);
#2069=AXIS2_PLACEMENT_3D('',#3037,#2478,#2479);
#2070=AXIS2_PLACEMENT_3D('',#3042,#2482,#2483);
#2071=AXIS2_PLACEMENT_3D('',#3054,#2489,#2490);
#2072=AXIS2_PLACEMENT_3D('',#3062,#2496,#2497);
#2073=AXIS2_PLACEMENT_3D('',#3066,#2500,#2501);
#2074=AXIS2_PLACEMENT_3D('',#3070,#2504,#2505);
#2075=AXIS2_PLACEMENT_3D('',#3072,#2507,#2508);
#2076=AXIS2_PLACEMENT_3D('',#3073,#2509,#2510);
#2077=AXIS2_PLACEMENT_3D('',#3079,#2514,#2515);
#2078=AXIS2_PLACEMENT_3D('',#3083,#2518,#2519);
#2079=AXIS2_PLACEMENT_3D('',#3087,#2522,#2523);
#2080=AXIS2_PLACEMENT_3D('',#3091,#2526,#2527);
#2081=AXIS2_PLACEMENT_3D('',#3095,#2530,#2531);
#2082=AXIS2_PLACEMENT_3D('',#3097,#2532,#2533);
#2083=AXIS2_PLACEMENT_3D('',#3099,#2535,#2536);
#2084=AXIS2_PLACEMENT_3D('',#3101,#2538,#2539);
#2085=AXIS2_PLACEMENT_3D('',#3103,#2541,#2542);
#2086=AXIS2_PLACEMENT_3D('',#3105,#2544,#2545);
#2087=AXIS2_PLACEMENT_3D('',#3106,#2546,#2547);
#2088=AXIS2_PLACEMENT_3D('',#3110,#2550,#2551);
#2089=AXIS2_PLACEMENT_3D('',#3111,#2552,#2553);
#2090=AXIS2_PLACEMENT_3D('',#3112,#2554,#2555);
#2091=AXIS2_PLACEMENT_3D('',#3113,#2556,#2557);
#2092=AXIS2_PLACEMENT_3D('',#3118,#2561,#2562);
#2093=AXIS2_PLACEMENT_3D('',#3122,#2565,#2566);
#2094=AXIS2_PLACEMENT_3D('',#3125,#2569,#2570);
#2095=AXIS2_PLACEMENT_3D('',#3128,#2571,#2572);
#2096=AXIS2_PLACEMENT_3D('',#3131,#2575,#2576);
#2097=AXIS2_PLACEMENT_3D('',#3133,#2578,#2579);
#2098=AXIS2_PLACEMENT_3D('',#3137,#2582,#2583);
#2099=AXIS2_PLACEMENT_3D('',#3139,#2584,#2585);
#2100=AXIS2_PLACEMENT_3D('',#3141,#2587,#2588);
#2101=AXIS2_PLACEMENT_3D('',#3145,#2591,#2592);
#2102=AXIS2_PLACEMENT_3D('',#3149,#2595,#2596);
#2103=AXIS2_PLACEMENT_3D('',#3153,#2599,#2600);
#2104=AXIS2_PLACEMENT_3D('',#3157,#2603,#2604);
#2105=AXIS2_PLACEMENT_3D('',#3159,#2606,#2607);
#2106=AXIS2_PLACEMENT_3D('',#3160,#2608,#2609);
#2107=AXIS2_PLACEMENT_3D('',#3161,#2610,#2611);
#2108=AXIS2_PLACEMENT_3D('',#3162,#2612,#2613);
#2109=DIRECTION('axis',(0.,0.,1.));
#2110=DIRECTION('refdir',(1.,0.,0.));
#2111=DIRECTION('axis',(0.,0.,1.));
#2112=DIRECTION('refdir',(1.,0.,0.));
#2113=DIRECTION('axis',(0.,0.,1.));
#2114=DIRECTION('refdir',(1.,0.,0.));
#2115=DIRECTION('axis',(0.,0.,1.));
#2116=DIRECTION('refdir',(1.,0.,0.));
#2117=DIRECTION('center_axis',(-0.906307787036621,-0.422618261740761,0.));
#2118=DIRECTION('ref_axis',(-0.422618261740761,0.906307787036621,0.));
#2119=DIRECTION('',(0.42261826174076,-0.906307787036621,-3.47562735850302E-8));
#2120=DIRECTION('',(0.,0.,-1.));
#2121=DIRECTION('',(-0.422618261740761,0.906307787036621,0.));
#2122=DIRECTION('',(0.,0.,-1.));
#2123=DIRECTION('center_axis',(1.33226762955019E-15,-1.,0.));
#2124=DIRECTION('ref_axis',(-1.,-1.33226762955019E-15,0.));
#2125=DIRECTION('',(0.999999999999997,1.33226762955019E-15,-8.22403495813678E-8));
#2126=DIRECTION('',(-1.,-1.33226762955019E-15,0.));
#2127=DIRECTION('',(0.,0.,-1.));
#2128=DIRECTION('center_axis',(0.906307787036659,-0.422618261740679,0.));
#2129=DIRECTION('ref_axis',(-0.422618261740679,-0.906307787036659,0.));
#2130=DIRECTION('',(0.422618261740679,0.906307787036659,-3.47562735850235E-8));
#2131=DIRECTION('',(-0.422618261740679,-0.906307787036659,0.));
#2132=DIRECTION('',(0.,0.,-1.));
#2133=DIRECTION('center_axis',(0.,1.,0.));
#2134=DIRECTION('ref_axis',(1.,0.,0.));
#2135=DIRECTION('',(-0.999999999999997,0.,8.22403495813678E-8));
#2136=DIRECTION('',(1.,0.,0.));
#2137=DIRECTION('center_axis',(0.,-1.,0.));
#2138=DIRECTION('ref_axis',(-1.,0.,0.));
#2139=DIRECTION('center_axis',(0.,-1.,6.0834138335625E-17));
#2140=DIRECTION('ref_axis',(-1.,0.,0.));
#2141=DIRECTION('',(0.,-1.,0.));
#2142=DIRECTION('center_axis',(0.,1.,-4.55832571219162E-31));
#2143=DIRECTION('ref_axis',(-1.,0.,0.));
#2144=DIRECTION('center_axis',(0.,-1.,0.));
#2145=DIRECTION('ref_axis',(-1.,0.,0.));
#2146=DIRECTION('center_axis',(0.,-1.,6.0834138335625E-17));
#2147=DIRECTION('ref_axis',(-1.,0.,0.));
#2148=DIRECTION('',(0.,-1.,0.));
#2149=DIRECTION('center_axis',(0.,1.,-4.55832571219162E-31));
#2150=DIRECTION('ref_axis',(-1.,0.,0.));
#2151=DIRECTION('center_axis',(0.,-1.,0.));
#2152=DIRECTION('ref_axis',(-1.,0.,0.));
#2153=DIRECTION('center_axis',(0.,-1.,6.0834138335625E-17));
#2154=DIRECTION('ref_axis',(-1.,0.,0.));
#2155=DIRECTION('',(0.,-1.,0.));
#2156=DIRECTION('center_axis',(0.,1.,-4.55832571219162E-31));
#2157=DIRECTION('ref_axis',(-1.,0.,0.));
#2158=DIRECTION('center_axis',(0.,-1.,0.));
#2159=DIRECTION('ref_axis',(-1.,0.,0.));
#2160=DIRECTION('center_axis',(0.,-1.,6.0834138335625E-17));
#2161=DIRECTION('ref_axis',(-1.,0.,0.));
#2162=DIRECTION('',(0.,-1.,0.));
#2163=DIRECTION('center_axis',(0.,1.,-4.55832571219162E-31));
#2164=DIRECTION('ref_axis',(-1.,0.,0.));
#2165=DIRECTION('center_axis',(0.,-1.,0.));
#2166=DIRECTION('ref_axis',(-1.,0.,0.));
#2167=DIRECTION('center_axis',(0.,-1.,6.0834138335625E-17));
#2168=DIRECTION('ref_axis',(-1.,0.,0.));
#2169=DIRECTION('',(0.,-1.,0.));
#2170=DIRECTION('center_axis',(0.,1.,-4.55832571219162E-31));
#2171=DIRECTION('ref_axis',(-1.,0.,0.));
#2172=DIRECTION('center_axis',(0.,-1.,0.));
#2173=DIRECTION('ref_axis',(-1.,0.,0.));
#2174=DIRECTION('center_axis',(-1.89328706397389E-32,-1.,0.));
#2175=DIRECTION('ref_axis',(-1.,0.,0.));
#2176=DIRECTION('',(0.,-1.,0.));
#2177=DIRECTION('center_axis',(0.,1.,0.));
#2178=DIRECTION('ref_axis',(-1.,0.,0.));
#2179=DIRECTION('center_axis',(0.,-1.,0.));
#2180=DIRECTION('ref_axis',(-1.,0.,0.));
#2181=DIRECTION('center_axis',(-1.89328706397389E-32,-1.,0.));
#2182=DIRECTION('ref_axis',(-1.,0.,0.));
#2183=DIRECTION('',(0.,-1.,0.));
#2184=DIRECTION('center_axis',(0.,1.,0.));
#2185=DIRECTION('ref_axis',(-1.,0.,0.));
#2186=DIRECTION('center_axis',(0.,-1.,0.));
#2187=DIRECTION('ref_axis',(-1.,0.,0.));
#2188=DIRECTION('center_axis',(-1.89328706397389E-32,-1.,0.));
#2189=DIRECTION('ref_axis',(-1.,0.,0.));
#2190=DIRECTION('',(0.,-1.,0.));
#2191=DIRECTION('center_axis',(0.,1.,0.));
#2192=DIRECTION('ref_axis',(-1.,0.,0.));
#2193=DIRECTION('center_axis',(0.,-1.,0.));
#2194=DIRECTION('ref_axis',(-1.,0.,0.));
#2195=DIRECTION('center_axis',(-1.89328706397389E-32,-1.,0.));
#2196=DIRECTION('ref_axis',(-1.,0.,0.));
#2197=DIRECTION('',(0.,-1.,0.));
#2198=DIRECTION('center_axis',(0.,1.,0.));
#2199=DIRECTION('ref_axis',(-1.,0.,0.));
#2200=DIRECTION('center_axis',(0.,-1.,0.));
#2201=DIRECTION('ref_axis',(-1.,0.,0.));
#2202=DIRECTION('center_axis',(-1.89328706397389E-32,-1.,0.));
#2203=DIRECTION('ref_axis',(-1.,0.,0.));
#2204=DIRECTION('',(0.,-1.,0.));
#2205=DIRECTION('center_axis',(0.,1.,0.));
#2206=DIRECTION('ref_axis',(-1.,0.,0.));
#2207=DIRECTION('center_axis',(0.,-1.,0.));
#2208=DIRECTION('ref_axis',(-1.,0.,0.));
#2209=DIRECTION('center_axis',(-1.89328706397389E-32,-1.,0.));
#2210=DIRECTION('ref_axis',(-1.,0.,0.));
#2211=DIRECTION('',(0.,-1.,0.));
#2212=DIRECTION('center_axis',(0.,1.,0.));
#2213=DIRECTION('ref_axis',(-1.,0.,0.));
#2214=DIRECTION('center_axis',(3.2881517459346E-16,-0.707106781186548,0.707106781186548));
#2215=DIRECTION('ref_axis',(1.,0.,-4.65014879424148E-16));
#2216=DIRECTION('',(0.,0.707106781186548,0.707106781186548));
#2217=DIRECTION('',(-1.,0.,4.65014879424148E-16));
#2218=DIRECTION('',(0.,-0.707106781186548,-0.707106781186548));
#2219=DIRECTION('',(1.,0.,-4.65014879424148E-16));
#2220=DIRECTION('center_axis',(0.,-1.,0.));
#2221=DIRECTION('ref_axis',(0.,0.,-1.));
#2222=DIRECTION('',(0.,0.,1.));
#2223=DIRECTION('',(1.,0.,0.));
#2224=DIRECTION('',(0.999999999999997,0.,-8.22403497251404E-8));
#2225=DIRECTION('',(1.,0.,0.));
#2226=DIRECTION('',(0.,0.,-1.));
#2227=DIRECTION('center_axis',(3.28815174593461E-16,0.707106781186545,0.70710678118655));
#2228=DIRECTION('ref_axis',(1.,0.,-4.65014879424148E-16));
#2229=DIRECTION('',(0.,0.70710678118655,-0.707106781186545));
#2230=DIRECTION('',(-1.,3.77183726706835E-32,4.65014879424148E-16));
#2231=DIRECTION('',(0.,-0.70710678118655,0.707106781186545));
#2232=DIRECTION('',(1.,-3.77183726706835E-32,-4.65014879424148E-16));
#2233=DIRECTION('center_axis',(4.65014879424148E-16,0.,1.));
#2234=DIRECTION('ref_axis',(1.,-3.77183726706835E-32,-4.65014879424148E-16));
#2235=DIRECTION('',(0.,1.,0.));
#2236=DIRECTION('',(0.,1.,0.));
#2237=DIRECTION('center_axis',(3.28815174593461E-16,0.707106781186546,0.707106781186549));
#2238=DIRECTION('ref_axis',(1.,0.,-4.65014879424148E-16));
#2239=DIRECTION('',(0.,0.707106781186549,-0.707106781186546));
#2240=DIRECTION('',(-1.,2.82887795030126E-32,4.65014879424148E-16));
#2241=DIRECTION('',(0.,-0.707106781186549,0.707106781186546));
#2242=DIRECTION('',(1.,-2.82887795030126E-32,-4.65014879424148E-16));
#2243=DIRECTION('center_axis',(4.65014879424148E-16,0.,1.));
#2244=DIRECTION('ref_axis',(1.,-2.82887795030126E-32,-4.65014879424148E-16));
#2245=DIRECTION('',(0.,1.,0.));
#2246=DIRECTION('',(1.,-3.77183726706835E-32,-4.65014879424148E-16));
#2247=DIRECTION('',(0.,1.,0.));
#2248=DIRECTION('center_axis',(3.28815174593459E-16,0.707106781186549,0.707106781186546));
#2249=DIRECTION('ref_axis',(1.,0.,-4.65014879424148E-16));
#2250=DIRECTION('',(0.,-0.707106781186546,0.707106781186549));
#2251=DIRECTION('',(1.,0.,-4.65014879424148E-16));
#2252=DIRECTION('',(0.,0.707106781186546,-0.707106781186549));
#2253=DIRECTION('',(-1.,0.,4.65014879424148E-16));
#2254=DIRECTION('center_axis',(0.,1.,0.));
#2255=DIRECTION('ref_axis',(0.,0.,1.));
#2256=DIRECTION('',(0.,0.,1.));
#2257=DIRECTION('',(-1.,0.,0.));
#2258=DIRECTION('',(-0.999999999999997,0.,8.22403497251404E-8));
#2259=DIRECTION('',(-1.,0.,0.));
#2260=DIRECTION('',(0.,0.,-1.));
#2261=DIRECTION('center_axis',(3.28815174593464E-16,-0.70710678118654,0.707106781186555));
#2262=DIRECTION('ref_axis',(1.,0.,-4.65014879424148E-16));
#2263=DIRECTION('',(0.,-0.707106781186555,-0.70710678118654));
#2264=DIRECTION('',(0.,0.707106781186555,0.70710678118654));
#2265=DIRECTION('',(-1.,3.77183726706835E-32,4.65014879424148E-16));
#2266=DIRECTION('center_axis',(3.28815174593459E-16,-0.707106781186549,
0.707106781186546));
#2267=DIRECTION('ref_axis',(1.,0.,-4.65014879424148E-16));
#2268=DIRECTION('',(0.,-0.707106781186546,-0.707106781186549));
#2269=DIRECTION('',(1.,-2.11968928143078E-46,-4.65014879424148E-16));
#2270=DIRECTION('',(0.,0.707106781186546,0.707106781186549));
#2271=DIRECTION('',(-1.,2.11968928143078E-46,4.65014879424148E-16));
#2272=DIRECTION('center_axis',(4.65014879424148E-16,0.,1.));
#2273=DIRECTION('ref_axis',(-1.,-1.11591261912387E-32,4.65014879424148E-16));
#2274=DIRECTION('',(0.,-1.,0.));
#2275=DIRECTION('',(0.,-1.,0.));
#2276=DIRECTION('center_axis',(0.,-0.707106781186543,-0.707106781186552));
#2277=DIRECTION('ref_axis',(-1.,0.,0.));
#2278=DIRECTION('',(0.,0.707106781186552,-0.707106781186543));
#2279=DIRECTION('',(1.,0.,0.));
#2280=DIRECTION('',(0.,-0.707106781186552,0.707106781186543));
#2281=DIRECTION('',(-1.,0.,0.));
#2282=DIRECTION('center_axis',(-5.81527088761377E-8,-0.707106781186545,
-0.707106781186548));
#2283=DIRECTION('ref_axis',(-0.999999999999997,0.,8.22403495813678E-8));
#2284=DIRECTION('',(-0.999999999999997,6.67069440427079E-24,8.22403495813678E-8));
#2285=DIRECTION('',(-5.815270766254E-8,0.707106781186546,-0.707106781186546));
#2286=DIRECTION('',(0.999999999999997,-6.67069440427079E-24,-8.22403495813678E-8));
#2287=DIRECTION('center_axis',(0.,-0.707106781186543,-0.707106781186552));
#2288=DIRECTION('ref_axis',(-1.,0.,0.));
#2289=DIRECTION('',(0.,0.707106781186552,-0.707106781186543));
#2290=DIRECTION('',(1.,0.,0.));
#2291=DIRECTION('',(-1.,0.,0.));
#2292=DIRECTION('center_axis',(0.,1.,-8.11121844475E-17));
#2293=DIRECTION('ref_axis',(0.,8.11121844475E-17,1.));
#2294=DIRECTION('',(0.,-8.11121844475E-17,-1.));
#2295=DIRECTION('center_axis',(0.,-1.,8.11121844475E-17));
#2296=DIRECTION('ref_axis',(-0.533055767869366,0.,-0.846080107520086));
#2297=DIRECTION('',(0.,-8.11121844475E-17,-1.));
#2298=DIRECTION('',(0.70710678118654,-5.73549756596818E-17,-0.707106781186554));
#2299=DIRECTION('',(1.,-4.84153842748691E-32,-5.96894099260834E-16));
#2300=DIRECTION('',(0.707106781186542,5.73549756596817E-17,0.707106781186553));
#2301=DIRECTION('',(0.,8.11121844475E-17,1.));
#2302=DIRECTION('center_axis',(0.,-1.,8.11121844475E-17));
#2303=DIRECTION('ref_axis',(0.533055767869389,0.,0.846080107520072));
#2304=DIRECTION('',(0.,8.11121844475E-17,1.));
#2305=DIRECTION('',(0.,-8.11121844475E-17,-1.));
#2306=DIRECTION('',(-1.,0.,0.));
#2307=DIRECTION('',(0.,8.11121844475E-17,1.));
#2308=DIRECTION('center_axis',(0.,-0.707106781186539,-0.707106781186556));
#2309=DIRECTION('ref_axis',(-1.,0.,0.));
#2310=DIRECTION('',(0.,0.707106781186556,-0.707106781186539));
#2311=DIRECTION('',(0.,-0.707106781186556,0.707106781186539));
#2312=DIRECTION('',(-1.,0.,0.));
#2313=DIRECTION('center_axis',(-5.81527089778012E-8,-0.707106781186532,
-0.707106781186561));
#2314=DIRECTION('ref_axis',(-0.999999999999997,0.,8.22403497251404E-8));
#2315=DIRECTION('',(-0.999999999999997,0.,8.22403497251404E-8));
#2316=DIRECTION('',(-5.815270766254E-8,0.707106781186563,-0.70710678118653));
#2317=DIRECTION('center_axis',(0.,-0.707106781186539,-0.707106781186556));
#2318=DIRECTION('ref_axis',(-1.,0.,0.));
#2319=DIRECTION('',(-1.,0.,0.));
#2320=DIRECTION('',(0.,0.707106781186556,-0.707106781186539));
#2321=DIRECTION('center_axis',(-5.81527088761377E-8,0.707106781186545,-0.707106781186548));
#2322=DIRECTION('ref_axis',(-0.999999999999997,0.,8.22403495813678E-8));
#2323=DIRECTION('',(0.,0.707106781186549,0.707106781186546));
#2324=DIRECTION('',(0.999999999999997,-1.89328706397389E-32,-8.22403495813678E-8));
#2325=DIRECTION('',(0.,-0.707106781186549,-0.707106781186546));
#2326=DIRECTION('',(-0.999999999999997,1.89328706397389E-32,8.22403495813678E-8));
#2327=DIRECTION('center_axis',(1.89328706397389E-32,1.,0.));
#2328=DIRECTION('ref_axis',(0.,0.,1.));
#2329=DIRECTION('',(0.,0.,1.));
#2330=DIRECTION('',(1.,-1.89328706397389E-32,0.));
#2331=DIRECTION('',(0.,0.,-1.));
#2332=DIRECTION('center_axis',(0.,0.707106781186543,-0.707106781186552));
#2333=DIRECTION('ref_axis',(-1.,0.,0.));
#2334=DIRECTION('',(0.,0.707106781186552,0.707106781186543));
#2335=DIRECTION('',(1.,0.,0.));
#2336=DIRECTION('',(0.,-0.707106781186552,-0.707106781186543));
#2337=DIRECTION('',(-1.,0.,0.));
#2338=DIRECTION('center_axis',(-5.81527089778009E-8,0.707106781186536,-0.707106781186556));
#2339=DIRECTION('ref_axis',(-0.999999999999997,0.,8.22403497251404E-8));
#2340=DIRECTION('',(-0.999999999999997,6.67069441593249E-24,8.22403497251404E-8));
#2341=DIRECTION('',(5.81527076625404E-8,0.707106781186559,0.707106781186534));
#2342=DIRECTION('',(0.999999999999997,-6.67069441593249E-24,-8.22403497251404E-8));
#2343=DIRECTION('center_axis',(0.,0.707106781186543,-0.707106781186552));
#2344=DIRECTION('ref_axis',(-1.,0.,0.));
#2345=DIRECTION('',(-1.,0.,0.));
#2346=DIRECTION('',(0.,0.707106781186552,0.707106781186543));
#2347=DIRECTION('',(1.,0.,0.));
#2348=DIRECTION('center_axis',(0.,0.,-1.));
#2349=DIRECTION('ref_axis',(-1.,0.,0.));
#2350=DIRECTION('',(0.,1.,0.));
#2351=DIRECTION('',(0.,1.,0.));
#2352=DIRECTION('center_axis',(-8.22403497251404E-8,0.,-0.999999999999997));
#2353=DIRECTION('ref_axis',(-0.999999999999997,6.67069441593249E-24,8.22403497251404E-8));
#2354=DIRECTION('',(0.,1.,0.));
#2355=DIRECTION('center_axis',(0.,0.,-1.));
#2356=DIRECTION('ref_axis',(-1.,0.,0.));
#2357=DIRECTION('',(0.,1.,0.));
#2358=DIRECTION('center_axis',(0.,0.707106781186544,-0.707106781186551));
#2359=DIRECTION('ref_axis',(-1.,0.,0.));
#2360=DIRECTION('',(0.,0.707106781186551,0.707106781186544));
#2361=DIRECTION('',(1.,0.,0.));
#2362=DIRECTION('',(0.,-0.707106781186551,-0.707106781186544));
#2363=DIRECTION('',(-1.,0.,0.));
#2364=DIRECTION('center_axis',(0.,0.707106781186544,-0.707106781186551));
#2365=DIRECTION('ref_axis',(-1.,0.,0.));
#2366=DIRECTION('',(0.,0.707106781186551,0.707106781186544));
#2367=DIRECTION('',(1.,0.,0.));
#2368=DIRECTION('',(0.,-0.707106781186551,-0.707106781186544));
#2369=DIRECTION('',(-1.,0.,0.));
#2370=DIRECTION('center_axis',(-5.81527088761375E-8,0.707106781186547,-0.707106781186546));
#2371=DIRECTION('ref_axis',(-0.999999999999997,0.,8.22403495813678E-8));
#2372=DIRECTION('',(-0.999999999999997,5.00302080320309E-24,8.22403495813678E-8));
#2373=DIRECTION('',(0.999999999999997,-5.00302080320309E-24,-8.22403495813678E-8));
#2374=DIRECTION('center_axis',(0.,0.,-1.));
#2375=DIRECTION('ref_axis',(-1.,0.,0.));
#2376=DIRECTION('',(0.,1.,0.));
#2377=DIRECTION('',(-1.,0.,0.));
#2378=DIRECTION('',(0.,1.,0.));
#2379=DIRECTION('',(0.,1.,0.));
#2380=DIRECTION('',(-1.,0.,0.));
#2381=DIRECTION('',(0.,1.,0.));
#2382=DIRECTION('',(1.,0.,0.));
#2383=DIRECTION('',(0.,-1.,0.));
#2384=DIRECTION('',(0.,-1.,0.));
#2385=DIRECTION('',(-1.,0.,0.));
#2386=DIRECTION('',(0.,1.,0.));
#2387=DIRECTION('',(0.,1.,0.));
#2388=DIRECTION('center_axis',(-8.22403495813678E-8,0.,-0.999999999999997));
#2389=DIRECTION('ref_axis',(-0.999999999999997,5.00302080320309E-24,8.22403495813678E-8));
#2390=DIRECTION('',(0.,1.,0.));
#2391=DIRECTION('center_axis',(0.,0.,-1.));
#2392=DIRECTION('ref_axis',(-1.,-1.75221861606996E-31,0.));
#2393=DIRECTION('',(0.,1.,0.));
#2394=DIRECTION('',(-1.,0.,0.));
#2395=DIRECTION('',(0.,-1.,0.));
#2396=DIRECTION('',(0.,-1.,0.));
#2397=DIRECTION('',(0.,-1.,0.));
#2398=DIRECTION('',(1.,0.,0.));
#2399=DIRECTION('',(0.,1.,0.));
#2400=DIRECTION('',(-1.,0.,0.));
#2401=DIRECTION('',(0.,1.,0.));
#2402=DIRECTION('',(0.,1.,0.));
#2403=DIRECTION('',(0.,1.,0.));
#2404=DIRECTION('',(-1.,0.,0.));
#2405=DIRECTION('',(0.,1.,0.));
#2406=DIRECTION('center_axis',(0.,0.707106781186544,-0.707106781186551));
#2407=DIRECTION('ref_axis',(-1.,0.,0.));
#2408=DIRECTION('',(0.,-0.707106781186551,-0.707106781186544));
#2409=DIRECTION('',(0.,0.707106781186551,0.707106781186544));
#2410=DIRECTION('',(1.,0.,0.));
#2411=DIRECTION('center_axis',(-5.81527089778002E-8,0.707106781186545,-0.707106781186548));
#2412=DIRECTION('ref_axis',(-0.999999999999997,0.,8.22403497251404E-8));
#2413=DIRECTION('',(0.999999999999997,0.,-8.22403497251404E-8));
#2414=DIRECTION('',(-5.81527076625397E-8,-0.70710678118655,-0.707106781186543));
#2415=DIRECTION('center_axis',(0.,0.707106781186544,-0.707106781186551));
#2416=DIRECTION('ref_axis',(-1.,0.,0.));
#2417=DIRECTION('',(1.,0.,0.));
#2418=DIRECTION('',(0.,-0.707106781186551,-0.707106781186544));
#2419=DIRECTION('center_axis',(0.,-0.707106781186544,-0.707106781186551));
#2420=DIRECTION('ref_axis',(-1.,0.,0.));
#2421=DIRECTION('',(0.,-0.707106781186551,0.707106781186544));
#2422=DIRECTION('',(-1.,0.,0.));
#2423=DIRECTION('',(0.,0.707106781186551,-0.707106781186544));
#2424=DIRECTION('',(1.,0.,0.));
#2425=DIRECTION('center_axis',(-5.81527089778002E-8,-0.707106781186545,
-0.707106781186548));
#2426=DIRECTION('ref_axis',(-0.999999999999997,0.,8.22403497251404E-8));
#2427=DIRECTION('',(0.999999999999997,-3.74878300731738E-38,-8.22403497251404E-8));
#2428=DIRECTION('',(5.81527076625397E-8,-0.70710678118655,0.707106781186543));
#2429=DIRECTION('',(-0.999999999999997,3.74878300731738E-38,8.22403497251404E-8));
#2430=DIRECTION('center_axis',(0.,-0.707106781186544,-0.707106781186551));
#2431=DIRECTION('ref_axis',(-1.,0.,0.));
#2432=DIRECTION('',(1.,0.,0.));
#2433=DIRECTION('',(0.,-0.707106781186551,0.707106781186544));
#2434=DIRECTION('',(-1.,0.,0.));
#2435=DIRECTION('center_axis',(0.,0.,-1.));
#2436=DIRECTION('ref_axis',(1.,0.,0.));
#2437=DIRECTION('',(0.,-1.,0.));
#2438=DIRECTION('',(0.,-1.,0.));
#2439=DIRECTION('center_axis',(-8.22403497251404E-8,0.,-0.999999999999997));
#2440=DIRECTION('ref_axis',(0.999999999999997,0.,-8.22403497251404E-8));
#2441=DIRECTION('',(0.,-1.,0.));
#2442=DIRECTION('center_axis',(0.,0.,-1.));
#2443=DIRECTION('ref_axis',(1.,0.,0.));
#2444=DIRECTION('',(0.,-1.,0.));
#2445=DIRECTION('center_axis',(-5.81527088761376E-8,-0.707106781186545,
-0.707106781186547));
#2446=DIRECTION('ref_axis',(-0.999999999999997,0.,8.22403495813678E-8));
#2447=DIRECTION('',(0.,0.707106781186548,-0.707106781186546));
#2448=DIRECTION('',(0.999999999999997,0.,-8.22403495813678E-8));
#2449=DIRECTION('',(0.,-0.707106781186548,0.707106781186546));
#2450=DIRECTION('',(-0.999999999999997,0.,8.22403495813678E-8));
#2451=DIRECTION('center_axis',(-8.22403495813678E-8,0.,-0.999999999999997));
#2452=DIRECTION('ref_axis',(0.999999999999997,0.,-8.22403495813678E-8));
#2453=DIRECTION('',(0.999999999999997,0.,-8.22403495813678E-8));
#2454=DIRECTION('center_axis',(-1.,0.,0.));
#2455=DIRECTION('ref_axis',(0.,6.0834138335625E-17,1.));
#2456=DIRECTION('',(0.,1.,0.));
#2457=DIRECTION('',(0.,-6.0834138335625E-17,-1.));
#2458=DIRECTION('center_axis',(0.,0.,-1.));
#2459=DIRECTION('ref_axis',(-1.,0.,0.));
#2460=DIRECTION('',(0.,1.,0.));
#2461=DIRECTION('',(1.,0.,0.));
#2462=DIRECTION('center_axis',(1.,0.,0.));
#2463=DIRECTION('ref_axis',(0.,-6.0834138335625E-17,-1.));
#2464=DIRECTION('',(0.,6.0834138335625E-17,1.));
#2465=DIRECTION('center_axis',(-8.22403495813678E-8,0.,-0.999999999999997));
#2466=DIRECTION('ref_axis',(-0.999999999999997,5.00302080320309E-24,8.22403495813678E-8));
#2467=DIRECTION('',(-0.999999999999997,0.,8.22403495813678E-8));
#2468=DIRECTION('center_axis',(0.,1.,0.));
#2469=DIRECTION('ref_axis',(0.,0.,1.));
#2470=DIRECTION('',(0.,0.,1.));
#2471=DIRECTION('',(1.,0.,0.));
#2472=DIRECTION('',(0.,0.,-1.));
#2473=DIRECTION('center_axis',(0.,-1.,0.));
#2474=DIRECTION('ref_axis',(0.,0.,-1.));
#2475=DIRECTION('',(0.,0.,1.));
#2476=DIRECTION('',(-1.,0.,0.));
#2477=DIRECTION('',(0.,0.,-1.));
#2478=DIRECTION('center_axis',(0.,1.,-4.55832571219162E-31));
#2479=DIRECTION('ref_axis',(-1.,0.,0.));
#2480=DIRECTION('',(0.,4.55832571219162E-31,1.));
#2481=DIRECTION('',(0.,-4.55832571219162E-31,-1.));
#2482=DIRECTION('center_axis',(0.,1.,0.));
#2483=DIRECTION('ref_axis',(-0.533055767869366,0.,-0.846080107520086));
#2484=DIRECTION('',(0.,0.,-1.));
#2485=DIRECTION('',(0.70710678118654,0.,-0.707106781186554));
#2486=DIRECTION('',(1.,3.83246861995348E-49,-5.96894099260834E-16));
#2487=DIRECTION('',(0.707106781186542,-2.01621362509122E-48,0.707106781186553));
#2488=DIRECTION('',(0.,0.,1.));
#2489=DIRECTION('center_axis',(0.,1.,0.));
#2490=DIRECTION('ref_axis',(0.533055767869389,0.,0.846080107520072));
#2491=DIRECTION('',(0.,0.,1.));
#2492=DIRECTION('',(0.,-4.55832571219162E-31,-1.));
#2493=DIRECTION('',(0.,-4.55832571219162E-31,-1.));
#2494=DIRECTION('',(-1.,0.,0.));
#2495=DIRECTION('',(0.,4.55832571219162E-31,1.));
#2496=DIRECTION('center_axis',(-1.,0.,0.));
#2497=DIRECTION('ref_axis',(0.,-2.04305322424212E-33,-1.));
#2498=DIRECTION('',(0.,-1.,0.));
#2499=DIRECTION('',(0.,0.,1.));
#2500=DIRECTION('center_axis',(1.,0.,0.));
#2501=DIRECTION('ref_axis',(0.,0.,1.));
#2502=DIRECTION('',(0.,0.,-1.));
#2503=DIRECTION('',(0.,-1.,0.));
#2504=DIRECTION('center_axis',(0.,1.,0.));
#2505=DIRECTION('ref_axis',(0.,0.,1.));
#2506=DIRECTION('',(-1.,0.,0.));
#2507=DIRECTION('center_axis',(0.,0.,-1.));
#2508=DIRECTION('ref_axis',(1.,1.07926508960831E-32,0.));
#2509=DIRECTION('center_axis',(-1.,0.,0.));
#2510=DIRECTION('ref_axis',(0.,0.,1.));
#2511=DIRECTION('',(0.,-6.0834138335625E-17,-1.));
#2512=DIRECTION('',(0.,1.,0.));
#2513=DIRECTION('',(0.,1.,0.));
#2514=DIRECTION('center_axis',(-0.707106781186555,0.,-0.707106781186541));
#2515=DIRECTION('ref_axis',(-0.70710678118654,0.,0.707106781186554));
#2516=DIRECTION('',(0.70710678118654,-4.30162317447614E-17,-0.707106781186554));
#2517=DIRECTION('',(0.,1.,0.));
#2518=DIRECTION('center_axis',(-5.96894099260834E-16,0.,-1.));
#2519=DIRECTION('ref_axis',(-1.,-3.83246861995348E-49,5.96894099260834E-16));
#2520=DIRECTION('',(1.,-3.63115382061519E-32,-5.96894099260834E-16));
#2521=DIRECTION('',(0.,1.,0.));
#2522=DIRECTION('center_axis',(0.707106781186553,0.,-0.707106781186542));
#2523=DIRECTION('ref_axis',(-0.707106781186542,2.01621362509122E-48,-0.707106781186553));
#2524=DIRECTION('',(0.707106781186542,4.30162317447613E-17,0.707106781186553));
#2525=DIRECTION('',(0.,1.,0.));
#2526=DIRECTION('center_axis',(1.,0.,0.));
#2527=DIRECTION('ref_axis',(0.,0.,-1.));
#2528=DIRECTION('',(0.,6.0834138335625E-17,1.));
#2529=DIRECTION('',(0.,1.,0.));
#2530=DIRECTION('center_axis',(0.,1.,0.));
#2531=DIRECTION('ref_axis',(0.533055767869389,0.,0.846080107520072));
#2532=DIRECTION('center_axis',(0.,-1.,6.0834138335625E-17));
#2533=DIRECTION('ref_axis',(0.533055767869389,0.,0.846080107520072));
#2534=DIRECTION('',(0.,1.,0.));
#2535=DIRECTION('center_axis',(1.,0.,0.));
#2536=DIRECTION('ref_axis',(0.,0.,-1.));
#2537=DIRECTION('',(0.,6.0834138335625E-17,1.));
#2538=DIRECTION('center_axis',(1.,0.,0.));
#2539=DIRECTION('ref_axis',(0.,0.,-1.));
#2540=DIRECTION('',(0.,1.,0.));
#2541=DIRECTION('center_axis',(0.,0.,1.));
#2542=DIRECTION('ref_axis',(1.,0.,0.));
#2543=DIRECTION('',(0.,1.,0.));
#2544=DIRECTION('center_axis',(-1.,0.,0.));
#2545=DIRECTION('ref_axis',(0.,0.,1.));
#2546=DIRECTION('center_axis',(-1.,0.,0.));
#2547=DIRECTION('ref_axis',(0.,4.55832571219162E-31,1.));
#2548=DIRECTION('',(0.,-6.0834138335625E-17,-1.));
#2549=DIRECTION('',(0.,1.,0.));
#2550=DIRECTION('center_axis',(0.,1.,0.));
#2551=DIRECTION('ref_axis',(-0.533055767869366,0.,-0.846080107520086));
#2552=DIRECTION('center_axis',(0.,-1.,6.0834138335625E-17));
#2553=DIRECTION('ref_axis',(-0.533055767869366,0.,-0.846080107520086));
#2554=DIRECTION('center_axis',(0.,-1.,6.0834138335625E-17));
#2555=DIRECTION('ref_axis',(0.,-6.0834138335625E-17,-1.));
#2556=DIRECTION('center_axis',(-1.,0.,0.));
#2557=DIRECTION('ref_axis',(0.,8.11121844475E-17,1.));
#2558=DIRECTION('',(0.,1.,0.));
#2559=DIRECTION('',(0.,-8.11121844475E-17,-1.));
#2560=DIRECTION('',(0.,-8.11121844475E-17,-1.));
#2561=DIRECTION('center_axis',(0.,0.,-1.));
#2562=DIRECTION('ref_axis',(-1.,0.,0.));
#2563=DIRECTION('',(0.,1.,0.));
#2564=DIRECTION('',(1.,0.,0.));
#2565=DIRECTION('center_axis',(1.,0.,0.));
#2566=DIRECTION('ref_axis',(0.,-8.11121844475E-17,-1.));
#2567=DIRECTION('',(0.,8.11121844475E-17,1.));
#2568=DIRECTION('',(0.,8.11121844475E-17,1.));
#2569=DIRECTION('center_axis',(0.,1.,0.));
#2570=DIRECTION('ref_axis',(0.533055767869389,0.,0.846080107520072));
#2571=DIRECTION('center_axis',(0.,-1.,8.11121844475E-17));
#2572=DIRECTION('ref_axis',(0.533055767869389,0.,0.846080107520072));
#2573=DIRECTION('',(0.,1.,0.));
#2574=DIRECTION('',(0.,1.,0.));
#2575=DIRECTION('center_axis',(1.,0.,0.));
#2576=DIRECTION('ref_axis',(0.,-8.11121844475E-17,-1.));
#2577=DIRECTION('',(0.,8.11121844475E-17,1.));
#2578=DIRECTION('center_axis',(-1.,0.,0.));
#2579=DIRECTION('ref_axis',(0.,8.11121844475E-17,1.));
#2580=DIRECTION('',(0.,-8.11121844475E-17,-1.));
#2581=DIRECTION('',(0.,1.,0.));
#2582=DIRECTION('center_axis',(0.,1.,0.));
#2583=DIRECTION('ref_axis',(-0.533055767869366,0.,-0.846080107520086));
#2584=DIRECTION('center_axis',(0.,-1.,8.11121844475E-17));
#2585=DIRECTION('ref_axis',(-0.533055767869366,0.,-0.846080107520086));
#2586=DIRECTION('',(0.,1.,0.));
#2587=DIRECTION('center_axis',(-1.,0.,0.));
#2588=DIRECTION('ref_axis',(0.,8.11121844475E-17,1.));
#2589=DIRECTION('',(0.,-8.11121844475E-17,-1.));
#2590=DIRECTION('',(0.,1.,0.));
#2591=DIRECTION('center_axis',(-0.707106781186555,0.,-0.707106781186541));
#2592=DIRECTION('ref_axis',(-0.70710678118654,5.73549756596818E-17,0.707106781186554));
#2593=DIRECTION('',(0.70710678118654,-5.73549756596818E-17,-0.707106781186554));
#2594=DIRECTION('',(0.,1.,0.));
#2595=DIRECTION('center_axis',(-5.96894099260834E-16,0.,-1.));
#2596=DIRECTION('ref_axis',(-1.,4.84153842748691E-32,5.96894099260834E-16));
#2597=DIRECTION('',(1.,-4.84153842748691E-32,-5.96894099260834E-16));
#2598=DIRECTION('',(0.,1.,0.));
#2599=DIRECTION('center_axis',(0.707106781186553,0.,-0.707106781186542));
#2600=DIRECTION('ref_axis',(-0.707106781186542,-5.73549756596817E-17,-0.707106781186553));
#2601=DIRECTION('',(0.707106781186542,5.73549756596817E-17,0.707106781186553));
#2602=DIRECTION('',(0.,1.,0.));
#2603=DIRECTION('center_axis',(1.,0.,0.));
#2604=DIRECTION('ref_axis',(0.,-8.11121844475E-17,-1.));
#2605=DIRECTION('',(0.,8.11121844475E-17,1.));
#2606=DIRECTION('center_axis',(0.,-1.,8.11121844475E-17));
#2607=DIRECTION('ref_axis',(0.,-8.11121844475E-17,-1.));
#2608=DIRECTION('',(0.,0.,1.));
#2609=DIRECTION('',(1.,0.,0.));
#2610=DIRECTION('',(0.,0.,1.));
#2611=DIRECTION('',(1.,0.,0.));
#2612=DIRECTION('',(0.,0.,1.));
#2613=DIRECTION('',(1.,0.,0.));
#2614=CARTESIAN_POINT('',(0.,0.,0.));
#2615=CARTESIAN_POINT('',(0.,0.,0.));
#2616=CARTESIAN_POINT('',(0.,0.,0.));
#2617=CARTESIAN_POINT('',(0.,0.,0.));
#2618=CARTESIAN_POINT('Origin',(359.000000000001,67.7161980961792,230.00000173887));
#2619=CARTESIAN_POINT('',(351.5,83.8,227.000003141581));
#2620=CARTESIAN_POINT('',(359.000000000001,67.7161980961792,227.000002524779));
#2621=CARTESIAN_POINT('',(370.707427173509,42.6095395012331,227.000001561956));
#2622=CARTESIAN_POINT('',(351.5,83.8,230.00000173887));
#2623=CARTESIAN_POINT('',(351.5,83.8,230.00000173887));
#2624=CARTESIAN_POINT('',(359.000000000001,67.7161980961792,230.00000173887));
#2625=CARTESIAN_POINT('',(366.698027507807,51.2077248314184,230.00000173887));
#2626=CARTESIAN_POINT('',(359.000000000001,67.7161980961792,230.00000173887));
#2627=CARTESIAN_POINT('Origin',(379.000000000001,67.7161980961792,230.00000173887));
#2628=CARTESIAN_POINT('',(379.000000000001,67.7161980961792,227.000000879972));
#2629=CARTESIAN_POINT('',(384.34999987664,67.7161980961792,227.000000439986));
#2630=CARTESIAN_POINT('',(379.000000000001,67.7161980961792,230.00000173887));
#2631=CARTESIAN_POINT('',(359.65,67.7161980961792,230.00000173887));
#2632=CARTESIAN_POINT('',(379.000000000001,67.7161980961792,230.00000173887));
#2633=CARTESIAN_POINT('Origin',(386.5,83.8,230.00000173887));
#2634=CARTESIAN_POINT('',(386.5,83.8,227.000000263169));
#2635=CARTESIAN_POINT('',(374.739721022172,58.580000344924,227.000001230339));
#2636=CARTESIAN_POINT('',(386.5,83.8,230.00000173887));
#2637=CARTESIAN_POINT('',(369.925974691197,48.2568880245693,230.00000173887));
#2638=CARTESIAN_POINT('',(386.5,83.8,230.00000173887));
#2639=CARTESIAN_POINT('Origin',(351.5,83.8,230.00000173887));
#2640=CARTESIAN_POINT('',(370.59999987664,83.8,227.000001570791));
#2641=CARTESIAN_POINT('',(345.9,83.8,230.00000173887));
#2642=CARTESIAN_POINT('Origin',(369.,20.9,124.9));
#2643=CARTESIAN_POINT('',(389.5,20.9,124.9));
#2644=CARTESIAN_POINT('Origin',(369.,20.9,124.9));
#2645=CARTESIAN_POINT('',(389.5,18.8,124.9));
#2646=CARTESIAN_POINT('',(389.5,20.9,124.9));
#2647=CARTESIAN_POINT('Origin',(369.,18.8,124.9));
#2648=CARTESIAN_POINT('Origin',(369.,20.9,79.9));
#2649=CARTESIAN_POINT('',(389.5,20.9,79.9));
#2650=CARTESIAN_POINT('Origin',(369.,20.9,79.9));
#2651=CARTESIAN_POINT('',(389.5,18.8,79.9));
#2652=CARTESIAN_POINT('',(389.5,20.9,79.9));
#2653=CARTESIAN_POINT('Origin',(369.,18.8,79.9));
#2654=CARTESIAN_POINT('Origin',(369.,20.9,168.9));
#2655=CARTESIAN_POINT('',(385.,20.9,168.9));
#2656=CARTESIAN_POINT('Origin',(369.,20.9,168.9));
#2657=CARTESIAN_POINT('',(385.,18.8,168.9));
#2658=CARTESIAN_POINT('',(385.,20.9,168.9));
#2659=CARTESIAN_POINT('Origin',(369.,18.8,168.9));
#2660=CARTESIAN_POINT('Origin',(369.,20.9,34.9));
#2661=CARTESIAN_POINT('',(389.5,20.9,34.9));
#2662=CARTESIAN_POINT('Origin',(369.,20.9,34.9));
#2663=CARTESIAN_POINT('',(389.5,18.8,34.9));
#2664=CARTESIAN_POINT('',(389.5,20.9,34.9));
#2665=CARTESIAN_POINT('Origin',(369.,18.8,34.9));
#2666=CARTESIAN_POINT('Origin',(369.,20.9,203.9));
#2667=CARTESIAN_POINT('',(381.5,20.9,203.9));
#2668=CARTESIAN_POINT('Origin',(369.,20.9,203.9));
#2669=CARTESIAN_POINT('',(381.5,18.8,203.9));
#2670=CARTESIAN_POINT('',(381.5,20.9,203.9));
#2671=CARTESIAN_POINT('Origin',(369.,18.8,203.9));
#2672=CARTESIAN_POINT('Origin',(364.,121.2,145.3));
#2673=CARTESIAN_POINT('',(376.5,121.2,145.3));
#2674=CARTESIAN_POINT('Origin',(364.,121.2,145.3));
#2675=CARTESIAN_POINT('',(376.5,119.6,145.3));
#2676=CARTESIAN_POINT('',(376.5,121.2,145.3));
#2677=CARTESIAN_POINT('Origin',(364.,119.6,145.3));
#2678=CARTESIAN_POINT('Origin',(369.,121.2,40.3));
#2679=CARTESIAN_POINT('',(385.,121.2,40.3));
#2680=CARTESIAN_POINT('Origin',(369.,121.2,40.3));
#2681=CARTESIAN_POINT('',(385.,119.6,40.3));
#2682=CARTESIAN_POINT('',(385.,121.2,40.3));
#2683=CARTESIAN_POINT('Origin',(369.,119.6,40.3));
#2684=CARTESIAN_POINT('Origin',(374.,121.2,173.3));
#2685=CARTESIAN_POINT('',(386.5,121.2,173.3));
#2686=CARTESIAN_POINT('Origin',(374.,121.2,173.3));
#2687=CARTESIAN_POINT('',(386.5,119.6,173.3));
#2688=CARTESIAN_POINT('',(386.5,121.2,173.3));
#2689=CARTESIAN_POINT('Origin',(374.,119.6,173.3));
#2690=CARTESIAN_POINT('Origin',(369.,121.2,110.3));
#2691=CARTESIAN_POINT('',(385.,121.2,110.3));
#2692=CARTESIAN_POINT('Origin',(369.,121.2,110.3));
#2693=CARTESIAN_POINT('',(385.,119.6,110.3));
#2694=CARTESIAN_POINT('',(385.,121.2,110.3));
#2695=CARTESIAN_POINT('Origin',(369.,119.6,110.3));
#2696=CARTESIAN_POINT('Origin',(369.,121.2,75.3));
#2697=CARTESIAN_POINT('',(385.,121.2,75.3));
#2698=CARTESIAN_POINT('Origin',(369.,121.2,75.3));
#2699=CARTESIAN_POINT('',(385.,119.6,75.3));
#2700=CARTESIAN_POINT('',(385.,121.2,75.3));
#2701=CARTESIAN_POINT('Origin',(369.,119.6,75.3));
#2702=CARTESIAN_POINT('Origin',(364.,121.2,201.3));
#2703=CARTESIAN_POINT('',(376.5,121.2,201.3));
#2704=CARTESIAN_POINT('Origin',(364.,121.2,201.3));
#2705=CARTESIAN_POINT('',(376.5,119.6,201.3));
#2706=CARTESIAN_POINT('',(376.5,121.2,201.3));
#2707=CARTESIAN_POINT('Origin',(364.,119.6,201.3));
#2708=CARTESIAN_POINT('Origin',(358.65,118.85,10.65));
#2709=CARTESIAN_POINT('',(389.7,118.1,9.9));
#2710=CARTESIAN_POINT('',(389.7,119.6,11.4));
#2711=CARTESIAN_POINT('',(389.7,111.675,3.47499999999999));
#2712=CARTESIAN_POINT('',(348.3,119.6,11.4));
#2713=CARTESIAN_POINT('',(358.65,119.6,11.4));
#2714=CARTESIAN_POINT('',(348.3,118.1,9.90000000000002));
#2715=CARTESIAN_POINT('',(348.3,111.275,3.07500000000001));
#2716=CARTESIAN_POINT('',(358.65,118.1,9.90000000000001));
#2717=CARTESIAN_POINT('Origin',(369.,119.6,117.650001636583));
#2718=CARTESIAN_POINT('',(389.7,119.6,223.900000131585));
#2719=CARTESIAN_POINT('',(389.7,119.6,171.525000884084));
#2720=CARTESIAN_POINT('',(388.1,119.6,223.900000131585));
#2721=CARTESIAN_POINT('',(379.35,119.6,223.900000131585));
#2722=CARTESIAN_POINT('',(349.899999876639,119.6,223.900003273166));
#2723=CARTESIAN_POINT('',(378.550004307338,119.6,223.90000091698));
#2724=CARTESIAN_POINT('',(348.3,119.6,223.900003273166));
#2725=CARTESIAN_POINT('',(359.45,119.6,223.900003273166));
#2726=CARTESIAN_POINT('',(348.3,119.6,63.7750008182915));
#2727=CARTESIAN_POINT('Origin',(358.65,91.65,10.65));
#2728=CARTESIAN_POINT('',(389.7,90.9,11.4));
#2729=CARTESIAN_POINT('',(389.7,92.4,9.9));
#2730=CARTESIAN_POINT('',(389.7,91.65,10.65));
#2731=CARTESIAN_POINT('',(348.3,92.4,9.90000000000002));
#2732=CARTESIAN_POINT('',(358.65,92.4,9.90000000000001));
#2733=CARTESIAN_POINT('',(348.3,90.9,11.4));
#2734=CARTESIAN_POINT('',(348.3,92.05,10.25));
#2735=CARTESIAN_POINT('',(358.65,90.9,11.4));
#2736=CARTESIAN_POINT('Origin',(348.3,90.9,9.90000000000002));
#2737=CARTESIAN_POINT('',(348.3,90.9,9.90000000000002));
#2738=CARTESIAN_POINT('',(389.7,90.9,9.9));
#2739=CARTESIAN_POINT('Origin',(358.65,21.65,10.65));
#2740=CARTESIAN_POINT('',(389.7,20.9,11.4));
#2741=CARTESIAN_POINT('',(389.7,22.4,9.9));
#2742=CARTESIAN_POINT('',(389.7,21.65,10.65));
#2743=CARTESIAN_POINT('',(348.3,22.4,9.90000000000002));
#2744=CARTESIAN_POINT('',(358.65,22.4,9.90000000000002));
#2745=CARTESIAN_POINT('',(348.3,20.9,11.4));
#2746=CARTESIAN_POINT('',(348.3,22.05,10.25));
#2747=CARTESIAN_POINT('',(358.65,20.9,11.4));
#2748=CARTESIAN_POINT('Origin',(348.3,20.9,9.90000000000002));
#2749=CARTESIAN_POINT('',(389.7,87.3,9.9));
#2750=CARTESIAN_POINT('',(389.7,20.9,9.9));
#2751=CARTESIAN_POINT('',(348.3,87.3,9.90000000000002));
#2752=CARTESIAN_POINT('',(358.65,87.3,9.90000000000002));
#2753=CARTESIAN_POINT('',(348.3,20.9,9.90000000000002));
#2754=CARTESIAN_POINT('Origin',(379.35,3.55,10.65));
#2755=CARTESIAN_POINT('',(348.3,4.3,9.90000000000002));
#2756=CARTESIAN_POINT('',(348.3,2.8,11.4));
#2757=CARTESIAN_POINT('',(348.3,-46.7250008511876,60.9250008511879));
#2758=CARTESIAN_POINT('',(389.7,2.8,11.4));
#2759=CARTESIAN_POINT('',(379.35,2.8,11.4));
#2760=CARTESIAN_POINT('',(389.7,4.3,9.9));
#2761=CARTESIAN_POINT('',(389.7,-46.3250000328962,60.5250000328964));
#2762=CARTESIAN_POINT('',(379.35,4.3,9.90000000000001));
#2763=CARTESIAN_POINT('Origin',(369.,2.8,117.650001702375));
#2764=CARTESIAN_POINT('',(348.3,2.8,223.900003273166));
#2765=CARTESIAN_POINT('',(348.3,2.8,172.325002553563));
#2766=CARTESIAN_POINT('',(349.9,2.8,223.900003273166));
#2767=CARTESIAN_POINT('',(358.65,2.8,223.900003273166));
#2768=CARTESIAN_POINT('',(388.09999987664,2.8,223.900000131585));
#2769=CARTESIAN_POINT('',(359.450004307338,2.8,223.90000248777));
#2770=CARTESIAN_POINT('',(389.7,2.8,223.900000131585));
#2771=CARTESIAN_POINT('',(378.55,2.8,223.900000131585));
#2772=CARTESIAN_POINT('',(389.7,2.8,62.9750008511876));
#2773=CARTESIAN_POINT('Origin',(358.65,88.05,10.65));
#2774=CARTESIAN_POINT('',(348.3,88.8,11.4));
#2775=CARTESIAN_POINT('',(348.3,70.6749999999996,-6.72499999999997));
#2776=CARTESIAN_POINT('',(389.7,88.8,11.4));
#2777=CARTESIAN_POINT('',(389.7,71.0749999999996,-6.32499999999999));
#2778=CARTESIAN_POINT('',(358.65,88.8,11.4));
#2779=CARTESIAN_POINT('Origin',(379.35,18.05,10.65));
#2780=CARTESIAN_POINT('',(348.3,18.8,11.4));
#2781=CARTESIAN_POINT('',(348.3,17.3,9.90000000000002));
#2782=CARTESIAN_POINT('',(348.3,72.3250008511876,64.9250008511879));
#2783=CARTESIAN_POINT('',(389.7,17.3,9.9));
#2784=CARTESIAN_POINT('',(379.35,17.3,9.90000000000001));
#2785=CARTESIAN_POINT('',(389.7,18.8,11.4));
#2786=CARTESIAN_POINT('',(389.7,71.9250000328962,64.5250000328964));
#2787=CARTESIAN_POINT('',(379.35,18.8,11.4));
#2788=CARTESIAN_POINT('Origin',(389.7,18.8,9.9));
#2789=CARTESIAN_POINT('',(389.7,18.8,9.9));
#2790=CARTESIAN_POINT('',(348.3,18.8,9.90000000000002));
#2791=CARTESIAN_POINT('Origin',(383.35,88.05,226.25));
#2792=CARTESIAN_POINT('',(389.7,87.3,227.));
#2793=CARTESIAN_POINT('',(389.7,88.8,225.5));
#2794=CARTESIAN_POINT('',(389.7,87.3,227.));
#2795=CARTESIAN_POINT('',(392.6,88.8,225.5));
#2796=CARTESIAN_POINT('',(383.35,88.8,225.5));
#2797=CARTESIAN_POINT('',(392.6,87.3,227.));
#2798=CARTESIAN_POINT('',(392.6,88.05,226.25));
#2799=CARTESIAN_POINT('',(383.35,87.3,227.));
#2800=CARTESIAN_POINT('Origin',(379.350004494435,88.05,226.250000851187));
#2801=CARTESIAN_POINT('',(348.3,87.3,227.00000340475));
#2802=CARTESIAN_POINT('',(379.350004556115,87.3,227.000000851187));
#2803=CARTESIAN_POINT('',(348.299999876639,88.8,225.50000340475));
#2804=CARTESIAN_POINT('',(348.3,87.3,227.00000340475));
#2805=CARTESIAN_POINT('',(379.350004432754,88.8,225.500000851187));
#2806=CARTESIAN_POINT('Origin',(357.2,88.05,226.25));
#2807=CARTESIAN_POINT('',(345.4,87.3,227.));
#2808=CARTESIAN_POINT('',(345.4,88.8,225.5));
#2809=CARTESIAN_POINT('',(345.4,88.5401094999671,225.759890500033));
#2810=CARTESIAN_POINT('',(357.2,88.8,225.5));
#2811=CARTESIAN_POINT('',(357.2,87.3,227.));
#2812=CARTESIAN_POINT('Origin',(369.,88.8,116.20000840475));
#2813=CARTESIAN_POINT('',(345.4,88.8,225.039562000132));
#2814=CARTESIAN_POINT('',(345.4,88.8,170.619785202441));
#2815=CARTESIAN_POINT('',(345.4,88.8,219.960437999868));
#2816=CARTESIAN_POINT('Origin',(347.,88.8,222.5));
#2817=CARTESIAN_POINT('',(345.4,88.8,10.4));
#2818=CARTESIAN_POINT('',(345.4,88.8,63.3000042023752));
#2819=CARTESIAN_POINT('',(350.4,88.8,5.4));
#2820=CARTESIAN_POINT('',(327.349997898812,88.8,28.4500021011881));
#2821=CARTESIAN_POINT('',(387.6,88.8,5.39999999999998));
#2822=CARTESIAN_POINT('',(378.3,88.8,5.39999999999998));
#2823=CARTESIAN_POINT('',(392.6,88.8,10.4));
#2824=CARTESIAN_POINT('',(413.150002101188,88.8,30.950002101188));
#2825=CARTESIAN_POINT('',(392.6,88.8,219.960437999868));
#2826=CARTESIAN_POINT('',(392.6,88.8,168.080223202309));
#2827=CARTESIAN_POINT('',(392.6,88.8,225.039562000132));
#2828=CARTESIAN_POINT('Origin',(391.,88.8,222.5));
#2829=CARTESIAN_POINT('',(392.6,88.8,171.600004202375));
#2830=CARTESIAN_POINT('',(389.7,88.8,8.3));
#2831=CARTESIAN_POINT('',(389.7,88.8,63.0500042023752));
#2832=CARTESIAN_POINT('',(348.3,88.8,8.30000000000002));
#2833=CARTESIAN_POINT('',(379.35,88.8,8.3));
#2834=CARTESIAN_POINT('',(348.3,88.8,62.2500042023752));
#2835=CARTESIAN_POINT('Origin',(379.35,118.85,224.650000131585));
#2836=CARTESIAN_POINT('',(388.1,118.1,225.400000131585));
#2837=CARTESIAN_POINT('',(388.1,118.1,225.400000131585));
#2838=CARTESIAN_POINT('',(389.7,118.1,225.400000131585));
#2839=CARTESIAN_POINT('',(389.7,165.550000032896,177.95000009869));
#2840=CARTESIAN_POINT('',(379.35,118.1,225.400000131585));
#2841=CARTESIAN_POINT('Origin',(378.550004369019,118.85,224.65000091698));
#2842=CARTESIAN_POINT('',(349.9,118.1,225.400003273166));
#2843=CARTESIAN_POINT('',(378.550004430699,118.1,225.40000091698));
#2844=CARTESIAN_POINT('',(349.9,118.1,225.400003273166));
#2845=CARTESIAN_POINT('Origin',(359.45,118.85,224.650003273166));
#2846=CARTESIAN_POINT('',(348.3,118.1,225.400003273166));
#2847=CARTESIAN_POINT('',(359.45,118.1,225.400003273166));
#2848=CARTESIAN_POINT('',(348.3,165.950000818291,177.550002454876));
#2849=CARTESIAN_POINT('Origin',(379.350004434811,121.95,226.250000851187));
#2850=CARTESIAN_POINT('',(348.3,122.7,227.00000340475));
#2851=CARTESIAN_POINT('',(348.3,121.2,225.50000340475));
#2852=CARTESIAN_POINT('',(348.3,59.6999985104216,164.000001915172));
#2853=CARTESIAN_POINT('',(389.7,122.7,227.));
#2854=CARTESIAN_POINT('',(379.350004496491,122.7,227.000000851187));
#2855=CARTESIAN_POINT('',(389.7,121.2,225.5));
#2856=CARTESIAN_POINT('',(389.7,60.1000002127968,164.400000212797));
#2857=CARTESIAN_POINT('',(379.350004373131,121.2,225.500000851187));
#2858=CARTESIAN_POINT('Origin',(369.,121.2,117.650001702375));
#2859=CARTESIAN_POINT('',(389.7,121.2,8.3));
#2860=CARTESIAN_POINT('',(389.7,121.2,63.7750008511876));
#2861=CARTESIAN_POINT('',(348.3,121.2,8.30000000000002));
#2862=CARTESIAN_POINT('',(379.35,121.2,8.3));
#2863=CARTESIAN_POINT('',(348.3,121.2,171.525002487771));
#2864=CARTESIAN_POINT('Origin',(379.35,91.65,224.650000131585));
#2865=CARTESIAN_POINT('',(388.1,90.9,223.900000131585));
#2866=CARTESIAN_POINT('',(388.1,92.4,225.400000131585));
#2867=CARTESIAN_POINT('',(388.1,90.9,223.900000131585));
#2868=CARTESIAN_POINT('',(389.7,92.4,225.400000131585));
#2869=CARTESIAN_POINT('',(379.35,92.4,225.400000131585));
#2870=CARTESIAN_POINT('',(389.7,90.9,223.900000131585));
#2871=CARTESIAN_POINT('',(389.7,37.7749999671039,170.775000098689));
#2872=CARTESIAN_POINT('',(379.35,90.9,223.900000131585));
#2873=CARTESIAN_POINT('Origin',(378.550004428643,91.65,224.65000091698));
#2874=CARTESIAN_POINT('',(349.899999876639,90.9,223.900003273166));
#2875=CARTESIAN_POINT('',(378.550004366962,90.9,223.90000091698));
#2876=CARTESIAN_POINT('',(349.9,92.4,225.400003273166));
#2877=CARTESIAN_POINT('',(349.899999876639,90.9,223.900003273166));
#2878=CARTESIAN_POINT('',(378.550004490323,92.4,225.40000091698));
#2879=CARTESIAN_POINT('Origin',(359.45,91.65,224.650003273166));
#2880=CARTESIAN_POINT('',(348.3,90.9,223.900003273166));
#2881=CARTESIAN_POINT('',(359.45,90.9,223.900003273166));
#2882=CARTESIAN_POINT('',(348.3,92.4,225.400003273166));
#2883=CARTESIAN_POINT('',(348.3,37.3749991817085,170.375002454875));
#2884=CARTESIAN_POINT('',(359.45,92.4,225.400003273166));
#2885=CARTESIAN_POINT('Origin',(389.7,90.9,225.400000131585));
#2886=CARTESIAN_POINT('',(389.7,90.9,225.400000131585));
#2887=CARTESIAN_POINT('',(388.1,90.9,225.400000131585));
#2888=CARTESIAN_POINT('Origin',(388.1,90.9,225.400000131585));
#2889=CARTESIAN_POINT('',(349.9,90.9,225.400003273166));
#2890=CARTESIAN_POINT('Origin',(349.9,90.9,225.400003273166));
#2891=CARTESIAN_POINT('',(348.3,90.9,225.400003273166));
#2892=CARTESIAN_POINT('Origin',(383.35,21.65,226.25));
#2893=CARTESIAN_POINT('',(389.7,20.9,225.5));
#2894=CARTESIAN_POINT('',(389.7,22.4,227.));
#2895=CARTESIAN_POINT('',(389.7,20.9,225.5));
#2896=CARTESIAN_POINT('',(392.6,22.4,227.));
#2897=CARTESIAN_POINT('',(383.35,22.4,227.));
#2898=CARTESIAN_POINT('',(392.6,20.9,225.5));
#2899=CARTESIAN_POINT('',(392.6,21.125,225.725));
#2900=CARTESIAN_POINT('',(383.35,20.9,225.5));
#2901=CARTESIAN_POINT('Origin',(357.2,21.65,226.25));
#2902=CARTESIAN_POINT('',(345.4,20.9,225.5));
#2903=CARTESIAN_POINT('',(345.4,22.4,227.));
#2904=CARTESIAN_POINT('',(345.4,20.634890500033,225.234890500033));
#2905=CARTESIAN_POINT('',(348.3,22.4,227.00000340475));
#2906=CARTESIAN_POINT('',(357.2,22.4,227.));
#2907=CARTESIAN_POINT('',(348.3,20.9,225.5));
#2908=CARTESIAN_POINT('',(348.3,22.4,227.));
#2909=CARTESIAN_POINT('',(357.2,20.9,225.5));
#2910=CARTESIAN_POINT('Origin',(379.350004432755,21.65,226.250000851187));
#2911=CARTESIAN_POINT('',(379.350004371075,20.9,225.500000851187));
#2912=CARTESIAN_POINT('',(379.350004494435,22.4,227.000000851187));
#2913=CARTESIAN_POINT('Origin',(397.7,18.8,227.));
#2914=CARTESIAN_POINT('',(392.6,90.9,227.));
#2915=CARTESIAN_POINT('',(392.6,88.8,227.));
#2916=CARTESIAN_POINT('',(389.7,90.9,227.));
#2917=CARTESIAN_POINT('',(379.35,90.9,227.));
#2918=CARTESIAN_POINT('',(389.7,90.9,227.));
#2919=CARTESIAN_POINT('',(389.7,207.7,227.));
#2920=CARTESIAN_POINT('',(389.7,20.9,227.));
#2921=CARTESIAN_POINT('',(397.7,207.7,227.));
#2922=CARTESIAN_POINT('',(383.35,207.7,227.));
#2923=CARTESIAN_POINT('',(397.7,-7.70000000000001,227.));
#2924=CARTESIAN_POINT('',(397.7,18.8,227.));
#2925=CARTESIAN_POINT('',(389.7,-7.70000000000001,227.));
#2926=CARTESIAN_POINT('',(379.35,-7.70000000000001,227.));
#2927=CARTESIAN_POINT('',(389.7,-0.3,227.));
#2928=CARTESIAN_POINT('',(389.7,18.8,227.));
#2929=CARTESIAN_POINT('',(389.7,18.8,227.));
#2930=CARTESIAN_POINT('',(389.7,18.8,227.));
#2931=CARTESIAN_POINT('',(392.6,18.8,227.));
#2932=CARTESIAN_POINT('',(379.35,18.8,227.));
#2933=CARTESIAN_POINT('',(392.6,18.8,227.));
#2934=CARTESIAN_POINT('',(389.7,20.9,227.));
#2935=CARTESIAN_POINT('Origin',(389.7,20.9,227.));
#2936=CARTESIAN_POINT('',(348.3,20.9,227.00000340475));
#2937=CARTESIAN_POINT('Origin',(345.4,18.8,227.));
#2938=CARTESIAN_POINT('',(345.4,18.8,227.));
#2939=CARTESIAN_POINT('',(345.4,18.8,227.));
#2940=CARTESIAN_POINT('',(348.3,18.8,227.00000340475));
#2941=CARTESIAN_POINT('',(354.65,18.8,227.));
#2942=CARTESIAN_POINT('',(348.3,1.2,227.00000340475));
#2943=CARTESIAN_POINT('',(348.3,18.8,227.00000340475));
#2944=CARTESIAN_POINT('',(348.3,-0.299999999999998,227.00000340475));
#2945=CARTESIAN_POINT('',(348.3,18.8,227.00000340475));
#2946=CARTESIAN_POINT('',(348.3,-7.70000000000001,227.00000340475));
#2947=CARTESIAN_POINT('',(348.3,18.8,227.00000340475));
#2948=CARTESIAN_POINT('',(340.3,-7.70000000000001,227.));
#2949=CARTESIAN_POINT('',(354.65,-7.70000000000001,227.));
#2950=CARTESIAN_POINT('',(340.3,207.7,227.));
#2951=CARTESIAN_POINT('',(340.3,18.8,227.));
#2952=CARTESIAN_POINT('',(348.3,207.7,227.00000340475));
#2953=CARTESIAN_POINT('',(358.65,207.7,227.));
#2954=CARTESIAN_POINT('',(348.3,20.9,227.00000340475));
#2955=CARTESIAN_POINT('',(348.3,121.2,227.00000340475));
#2956=CARTESIAN_POINT('',(348.3,20.9,227.00000340475));
#2957=CARTESIAN_POINT('',(348.3,90.9,227.00000340475));
#2958=CARTESIAN_POINT('',(348.3,90.9,227.00000340475));
#2959=CARTESIAN_POINT('',(345.4,90.9,227.));
#2960=CARTESIAN_POINT('',(357.2,90.9,227.));
#2961=CARTESIAN_POINT('',(345.4,88.8,227.));
#2962=CARTESIAN_POINT('Origin',(358.65,3.55,224.650003273166));
#2963=CARTESIAN_POINT('',(349.9,4.3,225.400003273166));
#2964=CARTESIAN_POINT('',(349.9,4.3,225.400003273166));
#2965=CARTESIAN_POINT('',(348.3,4.3,225.400003273166));
#2966=CARTESIAN_POINT('',(348.3,7.95000003289618,229.050003306062));
#2967=CARTESIAN_POINT('',(358.65,4.3,225.400003273166));
#2968=CARTESIAN_POINT('Origin',(359.450004369019,3.55,224.65000248777));
#2969=CARTESIAN_POINT('',(388.1,4.3,225.400000131585));
#2970=CARTESIAN_POINT('',(359.450004430699,4.3,225.40000248777));
#2971=CARTESIAN_POINT('',(388.1,4.3,225.400000131585));
#2972=CARTESIAN_POINT('Origin',(378.55,3.55,224.650000131585));
#2973=CARTESIAN_POINT('',(389.7,4.3,225.400000131585));
#2974=CARTESIAN_POINT('',(378.55,4.3,225.400000131585));
#2975=CARTESIAN_POINT('',(389.7,7.55000000000004,228.650000131585));
#2976=CARTESIAN_POINT('Origin',(358.65,18.05,224.650003273166));
#2977=CARTESIAN_POINT('',(349.9,18.8,223.900003273166));
#2978=CARTESIAN_POINT('',(349.9,17.3,225.400003273166));
#2979=CARTESIAN_POINT('',(349.9,18.8,223.900003273166));
#2980=CARTESIAN_POINT('',(348.3,17.3,225.400003273166));
#2981=CARTESIAN_POINT('',(358.65,17.3,225.400003273166));
#2982=CARTESIAN_POINT('',(348.3,18.8,223.900003273166));
#2983=CARTESIAN_POINT('',(348.3,17.6499999671039,225.050003306062));
#2984=CARTESIAN_POINT('',(358.65,18.8,223.900003273166));
#2985=CARTESIAN_POINT('Origin',(359.450004366963,18.05,224.65000248777));
#2986=CARTESIAN_POINT('',(388.09999987664,18.8,223.900000131585));
#2987=CARTESIAN_POINT('',(359.450004305282,18.8,223.90000248777));
#2988=CARTESIAN_POINT('',(388.1,17.3,225.400000131585));
#2989=CARTESIAN_POINT('',(388.09999987664,18.8,223.900000131585));
#2990=CARTESIAN_POINT('',(359.450004428643,17.3,225.40000248777));
#2991=CARTESIAN_POINT('Origin',(378.55,18.05,224.650000131585));
#2992=CARTESIAN_POINT('',(389.7,18.8,223.900000131585));
#2993=CARTESIAN_POINT('',(378.55,18.8,223.900000131585));
#2994=CARTESIAN_POINT('',(389.7,17.3,225.400000131585));
#2995=CARTESIAN_POINT('',(389.7,18.05,224.650000131585));
#2996=CARTESIAN_POINT('',(378.55,17.3,225.400000131585));
#2997=CARTESIAN_POINT('Origin',(348.3,18.8,225.400003273166));
#2998=CARTESIAN_POINT('',(348.3,18.8,225.400003273166));
#2999=CARTESIAN_POINT('',(349.9,18.8,225.400003273166));
#3000=CARTESIAN_POINT('Origin',(349.9,18.8,225.400003273166));
#3001=CARTESIAN_POINT('',(388.1,18.8,225.400000131585));
#3002=CARTESIAN_POINT('Origin',(388.1,18.8,225.400000131585));
#3003=CARTESIAN_POINT('',(389.7,18.8,225.400000131585));
#3004=CARTESIAN_POINT('Origin',(358.650004434811,0.45,226.250002553562));
#3005=CARTESIAN_POINT('',(348.3,1.2,225.50000340475));
#3006=CARTESIAN_POINT('',(348.3,4.85000021279701,221.850003191953));
#3007=CARTESIAN_POINT('',(389.7,1.2,225.5));
#3008=CARTESIAN_POINT('',(358.650004373131,1.2,225.500002553562));
#3009=CARTESIAN_POINT('',(389.7,5.24999932871325,221.450000671287));
#3010=CARTESIAN_POINT('',(358.650004496491,-0.3,227.000002553562));
#3011=CARTESIAN_POINT('Origin',(348.3,18.8,227.00000340475));
#3012=CARTESIAN_POINT('',(358.64999993832,-7.70000000000001,227.000002553563));
#3013=CARTESIAN_POINT('Origin',(348.3,20.9,8.30000000000002));
#3014=CARTESIAN_POINT('',(348.3,20.9,8.30000000000002));
#3015=CARTESIAN_POINT('',(348.3,20.9,8.30000000000002));
#3016=CARTESIAN_POINT('',(348.3,20.9,63.0000004347174));
#3017=CARTESIAN_POINT('Origin',(389.7,20.9,8.3));
#3018=CARTESIAN_POINT('',(389.7,20.9,8.3));
#3019=CARTESIAN_POINT('',(389.7,20.9,8.3));
#3020=CARTESIAN_POINT('',(379.35,20.9,8.3));
#3021=CARTESIAN_POINT('Origin',(389.7,20.9,9.9));
#3022=CARTESIAN_POINT('',(389.7,20.9,63.8000004347174));
#3023=CARTESIAN_POINT('Origin',(389.7,20.9,227.));
#3024=CARTESIAN_POINT('',(379.34999993832,207.7,227.000000851188));
#3025=CARTESIAN_POINT('Origin',(369.,207.7,228.499995869435));
#3026=CARTESIAN_POINT('',(340.3,207.7,230.00000173887));
#3027=CARTESIAN_POINT('',(340.3,207.7,227.749997934717));
#3028=CARTESIAN_POINT('',(397.7,207.7,230.00000173887));
#3029=CARTESIAN_POINT('',(354.65,207.7,230.00000173887));
#3030=CARTESIAN_POINT('',(397.7,207.7,229.249998804152));
#3031=CARTESIAN_POINT('Origin',(369.,-7.70000000000001,228.499995869435));
#3032=CARTESIAN_POINT('',(397.7,-7.70000000000001,230.00000173887));
#3033=CARTESIAN_POINT('',(397.7,-7.70000000000001,227.749997934717));
#3034=CARTESIAN_POINT('',(340.3,-7.70000000000001,230.00000173887));
#3035=CARTESIAN_POINT('',(383.35,-7.70000000000001,230.00000173887));
#3036=CARTESIAN_POINT('',(340.3,-7.70000000000001,229.249998804152));
#3037=CARTESIAN_POINT('Origin',(369.,18.8,117.700000869435));
#3038=CARTESIAN_POINT('',(348.3,18.8,172.350002137093));
#3039=CARTESIAN_POINT('',(345.4,18.8,225.039562000132));
#3040=CARTESIAN_POINT('',(345.4,18.8,227.));
#3041=CARTESIAN_POINT('',(345.4,18.8,219.960437999868));
#3042=CARTESIAN_POINT('Origin',(347.,18.8,222.5));
#3043=CARTESIAN_POINT('',(345.4,18.8,10.4));
#3044=CARTESIAN_POINT('',(345.4,18.8,219.960437999868));
#3045=CARTESIAN_POINT('',(350.4,18.8,5.4));
#3046=CARTESIAN_POINT('',(345.4,18.8,10.4));
#3047=CARTESIAN_POINT('',(387.6,18.8,5.39999999999998));
#3048=CARTESIAN_POINT('',(350.4,18.8,5.4));
#3049=CARTESIAN_POINT('',(392.6,18.8,10.4));
#3050=CARTESIAN_POINT('',(387.6,18.8,5.39999999999998));
#3051=CARTESIAN_POINT('',(392.6,18.8,219.960437999868));
#3052=CARTESIAN_POINT('',(392.6,18.8,10.4));
#3053=CARTESIAN_POINT('',(392.6,18.8,225.039562000132));
#3054=CARTESIAN_POINT('Origin',(391.,18.8,222.5));
#3055=CARTESIAN_POINT('',(392.6,18.8,225.039562000132));
#3056=CARTESIAN_POINT('',(389.7,18.8,171.55000050051));
#3057=CARTESIAN_POINT('',(389.7,18.8,8.3));
#3058=CARTESIAN_POINT('',(389.7,18.8,63.0000004347174));
#3059=CARTESIAN_POINT('',(348.3,18.8,8.30000000000002));
#3060=CARTESIAN_POINT('',(358.65,18.8,8.3));
#3061=CARTESIAN_POINT('',(348.3,18.8,63.8000004347174));
#3062=CARTESIAN_POINT('Origin',(348.3,18.8,227.00000340475));
#3063=CARTESIAN_POINT('',(348.3,1.2,8.30000000000002));
#3064=CARTESIAN_POINT('',(348.3,18.8,8.30000000000002));
#3065=CARTESIAN_POINT('',(348.3,1.2,63.7750008511876));
#3066=CARTESIAN_POINT('Origin',(389.7,18.8,225.400000131585));
#3067=CARTESIAN_POINT('',(389.7,1.2,8.3));
#3068=CARTESIAN_POINT('',(389.7,1.2,171.52500091698));
#3069=CARTESIAN_POINT('',(389.7,18.8,8.3));
#3070=CARTESIAN_POINT('Origin',(369.,1.2,117.650001702375));
#3071=CARTESIAN_POINT('',(358.65,1.2,8.3));
#3072=CARTESIAN_POINT('Origin',(348.3,18.8,8.3));
#3073=CARTESIAN_POINT('Origin',(345.4,18.8,10.4));
#3074=CARTESIAN_POINT('',(345.4,20.9,10.4));
#3075=CARTESIAN_POINT('',(345.4,20.9,219.960437999868));
#3076=CARTESIAN_POINT('',(345.4,20.9,64.0500004347174));
#3077=CARTESIAN_POINT('',(345.4,18.8,10.4));
#3078=CARTESIAN_POINT('',(345.4,18.8,219.960437999868));
#3079=CARTESIAN_POINT('Origin',(350.4,18.8,5.4));
#3080=CARTESIAN_POINT('',(350.4,20.9,5.4));
#3081=CARTESIAN_POINT('',(326.974999782641,20.9,28.8250002173592));
#3082=CARTESIAN_POINT('',(350.4,18.8,5.4));
#3083=CARTESIAN_POINT('Origin',(387.6,18.8,5.39999999999998));
#3084=CARTESIAN_POINT('',(387.6,20.9,5.39999999999998));
#3085=CARTESIAN_POINT('',(378.3,20.9,5.39999999999998));
#3086=CARTESIAN_POINT('',(387.6,18.8,5.39999999999998));
#3087=CARTESIAN_POINT('Origin',(392.6,18.8,10.4));
#3088=CARTESIAN_POINT('',(392.6,20.9,10.4));
#3089=CARTESIAN_POINT('',(413.525000217359,20.9,31.3250002173591));
#3090=CARTESIAN_POINT('',(392.6,18.8,10.4));
#3091=CARTESIAN_POINT('Origin',(392.6,18.8,219.960437999868));
#3092=CARTESIAN_POINT('',(392.6,20.9,219.960437999868));
#3093=CARTESIAN_POINT('',(392.6,20.9,168.830219434651));
#3094=CARTESIAN_POINT('',(392.6,18.8,219.960437999868));
#3095=CARTESIAN_POINT('Origin',(391.,18.8,222.5));
#3096=CARTESIAN_POINT('',(392.6,20.9,225.039562000132));
#3097=CARTESIAN_POINT('Origin',(391.,20.9,222.5));
#3098=CARTESIAN_POINT('',(392.6,18.8,225.039562000132));
#3099=CARTESIAN_POINT('Origin',(392.6,18.8,227.));
#3100=CARTESIAN_POINT('',(392.6,20.9,172.350000434717));
#3101=CARTESIAN_POINT('Origin',(397.7,18.8,230.00000173887));
#3102=CARTESIAN_POINT('',(397.7,18.8,230.00000173887));
#3103=CARTESIAN_POINT('Origin',(340.3,18.8,230.00000173887));
#3104=CARTESIAN_POINT('',(340.3,18.8,230.00000173887));
#3105=CARTESIAN_POINT('Origin',(340.3,18.8,227.));
#3106=CARTESIAN_POINT('Origin',(345.4,18.8,225.039562000132));
#3107=CARTESIAN_POINT('',(345.4,20.9,225.039562000132));
#3108=CARTESIAN_POINT('',(345.4,20.9,171.369781434783));
#3109=CARTESIAN_POINT('',(345.4,18.8,225.039562000132));
#3110=CARTESIAN_POINT('Origin',(347.,18.8,222.5));
#3111=CARTESIAN_POINT('Origin',(347.,20.9,222.5));
#3112=CARTESIAN_POINT('Origin',(369.,20.9,117.700000869435));
#3113=CARTESIAN_POINT('Origin',(348.3,90.9,8.30000000000002));
#3114=CARTESIAN_POINT('',(348.3,90.9,8.30000000000002));
#3115=CARTESIAN_POINT('',(348.3,90.9,8.30000000000002));
#3116=CARTESIAN_POINT('',(348.3,90.9,62.2500042023752));
#3117=CARTESIAN_POINT('',(348.3,90.9,170.800005838958));
#3118=CARTESIAN_POINT('Origin',(389.7,90.9,8.3));
#3119=CARTESIAN_POINT('',(389.7,90.9,8.3));
#3120=CARTESIAN_POINT('',(389.7,90.9,8.3));
#3121=CARTESIAN_POINT('',(379.35,90.9,8.3));
#3122=CARTESIAN_POINT('Origin',(389.7,90.9,9.9));
#3123=CARTESIAN_POINT('',(389.7,90.9,171.600004202375));
#3124=CARTESIAN_POINT('',(389.7,90.9,63.0500042023752));
#3125=CARTESIAN_POINT('Origin',(391.,88.8,222.5));
#3126=CARTESIAN_POINT('',(392.6,90.9,225.039562000132));
#3127=CARTESIAN_POINT('',(392.6,90.9,219.960437999868));
#3128=CARTESIAN_POINT('Origin',(391.,90.9,222.5));
#3129=CARTESIAN_POINT('',(392.6,88.8,225.039562000132));
#3130=CARTESIAN_POINT('',(392.6,88.8,219.960437999868));
#3131=CARTESIAN_POINT('Origin',(392.6,88.8,227.));
#3132=CARTESIAN_POINT('',(392.6,90.9,171.600004202375));
#3133=CARTESIAN_POINT('Origin',(345.4,88.8,225.039562000132));
#3134=CARTESIAN_POINT('',(345.4,90.9,225.039562000132));
#3135=CARTESIAN_POINT('',(345.4,90.9,170.619785202441));
#3136=CARTESIAN_POINT('',(345.4,88.8,225.039562000132));
#3137=CARTESIAN_POINT('Origin',(347.,88.8,222.5));
#3138=CARTESIAN_POINT('',(345.4,90.9,219.960437999868));
#3139=CARTESIAN_POINT('Origin',(347.,90.9,222.5));
#3140=CARTESIAN_POINT('',(345.4,88.8,219.960437999868));
#3141=CARTESIAN_POINT('Origin',(345.4,88.8,10.4));
#3142=CARTESIAN_POINT('',(345.4,90.9,10.4));
#3143=CARTESIAN_POINT('',(345.4,90.9,63.3000042023752));
#3144=CARTESIAN_POINT('',(345.4,88.8,10.4));
#3145=CARTESIAN_POINT('Origin',(350.4,88.8,5.39999999999999));
#3146=CARTESIAN_POINT('',(350.4,90.9,5.4));
#3147=CARTESIAN_POINT('',(327.349997898812,90.9,28.4500021011882));
#3148=CARTESIAN_POINT('',(350.4,88.8,5.4));
#3149=CARTESIAN_POINT('Origin',(387.6,88.8,5.39999999999998));
#3150=CARTESIAN_POINT('',(387.6,90.9,5.39999999999998));
#3151=CARTESIAN_POINT('',(378.3,90.9,5.39999999999998));
#3152=CARTESIAN_POINT('',(387.6,88.8,5.39999999999998));
#3153=CARTESIAN_POINT('Origin',(392.6,88.8,10.4));
#3154=CARTESIAN_POINT('',(392.6,90.9,10.4));
#3155=CARTESIAN_POINT('',(413.150002101188,90.9,30.950002101188));
#3156=CARTESIAN_POINT('',(392.6,88.8,10.4));
#3157=CARTESIAN_POINT('Origin',(392.6,88.8,219.960437999868));
#3158=CARTESIAN_POINT('',(392.6,90.9,168.080223202309));
#3159=CARTESIAN_POINT('Origin',(369.,90.9,116.20000840475));
#3160=CARTESIAN_POINT('',(0.,0.,0.));
#3161=CARTESIAN_POINT('',(0.,0.,0.));
#3162=CARTESIAN_POINT('',(0.,0.,0.));
#3163=UNCERTAINTY_MEASURE_WITH_UNIT(LENGTH_MEASURE(0.01),#3173,
'DISTANCE_ACCURACY_VALUE',
'Maximum model space distance between geometric entities at asserted c
onnectivities');
#3164=UNCERTAINTY_MEASURE_WITH_UNIT(LENGTH_MEASURE(0.01),#3173,
'DISTANCE_ACCURACY_VALUE',
'Maximum model space distance between geometric entities at asserted c
onnectivities');
#3165=UNCERTAINTY_MEASURE_WITH_UNIT(LENGTH_MEASURE(0.01),#3173,
'DISTANCE_ACCURACY_VALUE',
'Maximum model space distance between geometric entities at asserted c
onnectivities');
#3166=UNCERTAINTY_MEASURE_WITH_UNIT(LENGTH_MEASURE(0.01),#3173,
'DISTANCE_ACCURACY_VALUE',
'Maximum model space distance between geometric entities at asserted c
onnectivities');
#3167=UNCERTAINTY_MEASURE_WITH_UNIT(LENGTH_MEASURE(0.01),#3173,
'DISTANCE_ACCURACY_VALUE',
'Maximum model space distance between geometric entities at asserted c
onnectivities');
#3168=(
GEOMETRIC_REPRESENTATION_CONTEXT(3)
GLOBAL_UNCERTAINTY_ASSIGNED_CONTEXT((#3163))
GLOBAL_UNIT_ASSIGNED_CONTEXT((#3173,#3175,#3176))
REPRESENTATION_CONTEXT('','3D')
);
#3169=(
GEOMETRIC_REPRESENTATION_CONTEXT(3)
GLOBAL_UNCERTAINTY_ASSIGNED_CONTEXT((#3164))
GLOBAL_UNIT_ASSIGNED_CONTEXT((#3173,#3175,#3176))
REPRESENTATION_CONTEXT('','3D')
);
#3170=(
GEOMETRIC_REPRESENTATION_CONTEXT(3)
GLOBAL_UNCERTAINTY_ASSIGNED_CONTEXT((#3165))
GLOBAL_UNIT_ASSIGNED_CONTEXT((#3173,#3175,#3176))
REPRESENTATION_CONTEXT('','3D')
);
#3171=(
GEOMETRIC_REPRESENTATION_CONTEXT(3)
GLOBAL_UNCERTAINTY_ASSIGNED_CONTEXT((#3166))
GLOBAL_UNIT_ASSIGNED_CONTEXT((#3173,#3175,#3176))
REPRESENTATION_CONTEXT('','3D')
);
#3172=(
GEOMETRIC_REPRESENTATION_CONTEXT(3)
GLOBAL_UNCERTAINTY_ASSIGNED_CONTEXT((#3167))
GLOBAL_UNIT_ASSIGNED_CONTEXT((#3173,#3175,#3176))
REPRESENTATION_CONTEXT('','3D')
);
#3173=(
LENGTH_UNIT()
NAMED_UNIT(*)
SI_UNIT(.MILLI.,.METRE.)
);
#3174=(
LENGTH_UNIT()
NAMED_UNIT(*)
SI_UNIT($,.METRE.)
);
#3175=(
NAMED_UNIT(*)
PLANE_ANGLE_UNIT()
SI_UNIT($,.RADIAN.)
);
#3176=(
NAMED_UNIT(*)
SI_UNIT($,.STERADIAN.)
SOLID_ANGLE_UNIT()
);
#3177=SHAPE_DEFINITION_REPRESENTATION(#3181,#3188);
#3178=SHAPE_DEFINITION_REPRESENTATION(#3182,#3189);
#3179=SHAPE_DEFINITION_REPRESENTATION(#3183,#3190);
#3180=SHAPE_DEFINITION_REPRESENTATION(#3184,#3191);
#3181=PRODUCT_DEFINITION_SHAPE('',$,#3193);
#3182=PRODUCT_DEFINITION_SHAPE('',$,#3194);
#3183=PRODUCT_DEFINITION_SHAPE('',$,#3195);
#3184=PRODUCT_DEFINITION_SHAPE('',$,#3196);
#3185=PRODUCT_DEFINITION_SHAPE($,$,#20);
#3186=PRODUCT_DEFINITION_SHAPE($,$,#21);
#3187=PRODUCT_DEFINITION_SHAPE($,$,#22);
#3188=SHAPE_REPRESENTATION('',(#1977,#2108),#3168);
#3189=SHAPE_REPRESENTATION('',(#1978,#2107),#3169);
#3190=SHAPE_REPRESENTATION('',(#1979,#2106),#3170);
#3191=SHAPE_REPRESENTATION('',(#1980),#3171);
#3192=PRODUCT_DEFINITION_CONTEXT('part definition',#3206,'design');
#3193=PRODUCT_DEFINITION('SlotCrate','SlotCrate v107',#3197,#3192);
#3194=PRODUCT_DEFINITION('SlotCrate-124','SlotCrate-124',#3198,#3192);
#3195=PRODUCT_DEFINITION('Maintenance_Modul_124',
'Maintenance_Modul_124',#3199,#3192);
#3196=PRODUCT_DEFINITION('Inlay_MM','Inlay_MM',#3200,#3192);
#3197=PRODUCT_DEFINITION_FORMATION('',$,#3208);
#3198=PRODUCT_DEFINITION_FORMATION('',$,#3209);
#3199=PRODUCT_DEFINITION_FORMATION('',$,#3210);
#3200=PRODUCT_DEFINITION_FORMATION('',$,#3211);
#3201=PRODUCT_RELATED_PRODUCT_CATEGORY('SlotCrate v107',
'SlotCrate v107',(#3208));
#3202=PRODUCT_RELATED_PRODUCT_CATEGORY('SlotCrate-124','SlotCrate-124',
(#3209));
#3203=PRODUCT_RELATED_PRODUCT_CATEGORY('Maintenance_Modul_124',
'Maintenance_Modul_124',(#3210));
#3204=PRODUCT_RELATED_PRODUCT_CATEGORY('Inlay_MM','Inlay_MM',(#3211));
#3205=APPLICATION_PROTOCOL_DEFINITION('international standard',
'automotive_design',2009,#3206);
#3206=APPLICATION_CONTEXT(
'Core Data for Automotive Mechanical Design Process');
#3207=PRODUCT_CONTEXT('part definition',#3206,'mechanical');
#3208=PRODUCT('SlotCrate','SlotCrate v107',$,(#3207));
#3209=PRODUCT('SlotCrate-124','SlotCrate-124',$,(#3207));
#3210=PRODUCT('Maintenance_Modul_124','Maintenance_Modul_124',$,(#3207));
#3211=PRODUCT('Inlay_MM','Inlay_MM',$,(#3207));
#3212=PRESENTATION_STYLE_ASSIGNMENT((#3215));
#3213=PRESENTATION_STYLE_ASSIGNMENT((#3216));
#3214=PRESENTATION_STYLE_ASSIGNMENT((#3217));
#3215=SURFACE_STYLE_USAGE(.BOTH.,#3218);
#3216=SURFACE_STYLE_USAGE(.BOTH.,#3219);
#3217=SURFACE_STYLE_USAGE(.BOTH.,#3220);
#3218=SURFACE_SIDE_STYLE('',(#3221));
#3219=SURFACE_SIDE_STYLE('',(#3222));
#3220=SURFACE_SIDE_STYLE('',(#3223));
#3221=SURFACE_STYLE_FILL_AREA(#3224);
#3222=SURFACE_STYLE_FILL_AREA(#3225);
#3223=SURFACE_STYLE_FILL_AREA(#3226);
#3224=FILL_AREA_STYLE('ABS (Wei\X\DF)',(#3227));
#3225=FILL_AREA_STYLE('Kunststoff - matt (Schwarz)',(#3228));
#3226=FILL_AREA_STYLE('Kunststoff - matt (Gr\X\FCn)',(#3229));
#3227=FILL_AREA_STYLE_COLOUR('ABS (Wei\X\DF)',#3230);
#3228=FILL_AREA_STYLE_COLOUR('Kunststoff - matt (Schwarz)',#3231);
#3229=FILL_AREA_STYLE_COLOUR('Kunststoff - matt (Gr\X\FCn)',#3232);
#3230=COLOUR_RGB('ABS (Wei\X\DF)',0.964705882352941,0.964705882352941,0.952941176470588);
#3231=COLOUR_RGB('Kunststoff - matt (Schwarz)',0.0980392156862745,0.0980392156862745,
0.0980392156862745);
#3232=COLOUR_RGB('Kunststoff - matt (Gr\X\FCn)',0.266666666666667,0.588235294117647,
0.282352941176471);
ENDSEC;
END-ISO-10303-21;
