ISO-10303-21;
HEADER;
/* Generated by software containing ST-Developer
 * from STEP Tools, Inc. (www.steptools.com) 
 */

FILE_DESCRIPTION(
/* description */ (''),
/* implementation_level */ '2;1');

FILE_NAME(
/* name */ 'SlotCrate_2x2.step',
/* time_stamp */ '2026-09-04T21:02:19+02:00',
/* author */ (''),
/* organization */ (''),
/* preprocessor_version */ 'ST-DEVELOPER v20.1',
/* originating_system */ 'Autodesk Translation Framework v15.8.0.0',
/* authorisation */ '');

FILE_SCHEMA (('AUTOMOTIVE_DESIGN { 1 0 10303 214 3 1 1 }'));
ENDSEC;

DATA;
#10=MECHANICAL_DESIGN_GEOMETRIC_PRESENTATION_REPRESENTATION('',(#13),#2774);
#11=SHAPE_REPRESENTATION_RELATIONSHIP('SRR','None',#2809,#12);
#12=ADVANCED_BREP_SHAPE_REPRESENTATION('',(#14),#2773);
#13=STYLED_ITEM('',(#2846),#14);
#14=MANIFOLD_SOLID_BREP('SC_TM_40mm_SoS_2x2_SortingTray',#1645);
#15=ELLIPSE('',#1786,3.53553390593276,2.5);
#16=ELLIPSE('',#1787,3.53553390593277,2.5);
#17=ELLIPSE('',#1789,3.53553390593272,2.5);
#18=ELLIPSE('',#1791,3.53553390593274,2.5);
#19=CYLINDRICAL_SURFACE('',#1729,6.327);
#20=CYLINDRICAL_SURFACE('',#1747,6.327);
#21=CYLINDRICAL_SURFACE('',#1765,6.327);
#22=CYLINDRICAL_SURFACE('',#1783,6.327);
#23=CYLINDRICAL_SURFACE('',#1785,2.5);
#24=CYLINDRICAL_SURFACE('',#1788,2.5);
#25=CYLINDRICAL_SURFACE('',#1790,2.5);
#26=CYLINDRICAL_SURFACE('',#1792,2.5);
#27=CONICAL_SURFACE('',#1727,6.827,0.785398163397448);
#28=CONICAL_SURFACE('',#1745,6.827,0.785398163397448);
#29=CONICAL_SURFACE('',#1763,6.827,0.785398163397448);
#30=CONICAL_SURFACE('',#1781,6.827,0.785398163397448);
#31=CIRCLE('',#1726,7.32699999999999);
#32=CIRCLE('',#1728,6.327);
#33=CIRCLE('',#1730,6.327);
#34=CIRCLE('',#1744,7.32699999999999);
#35=CIRCLE('',#1746,6.327);
#36=CIRCLE('',#1748,6.327);
#37=CIRCLE('',#1762,7.32699999999999);
#38=CIRCLE('',#1764,6.327);
#39=CIRCLE('',#1766,6.327);
#40=CIRCLE('',#1780,7.32699999999999);
#41=CIRCLE('',#1782,6.327);
#42=CIRCLE('',#1784,6.327);
#43=FACE_BOUND('',#158,.T.);
#44=FACE_BOUND('',#159,.T.);
#45=FACE_BOUND('',#160,.T.);
#46=FACE_BOUND('',#161,.T.);
#47=FACE_BOUND('',#175,.T.);
#48=FACE_BOUND('',#191,.T.);
#49=FACE_BOUND('',#207,.T.);
#50=FACE_BOUND('',#223,.T.);
#51=FACE_BOUND('',#236,.T.);
#52=FACE_OUTER_BOUND('',#151,.T.);
#53=FACE_OUTER_BOUND('',#152,.T.);
#54=FACE_OUTER_BOUND('',#153,.T.);
#55=FACE_OUTER_BOUND('',#154,.T.);
#56=FACE_OUTER_BOUND('',#155,.T.);
#57=FACE_OUTER_BOUND('',#156,.T.);
#58=FACE_OUTER_BOUND('',#157,.T.);
#59=FACE_OUTER_BOUND('',#162,.T.);
#60=FACE_OUTER_BOUND('',#163,.T.);
#61=FACE_OUTER_BOUND('',#164,.T.);
#62=FACE_OUTER_BOUND('',#165,.T.);
#63=FACE_OUTER_BOUND('',#166,.T.);
#64=FACE_OUTER_BOUND('',#167,.T.);
#65=FACE_OUTER_BOUND('',#168,.T.);
#66=FACE_OUTER_BOUND('',#169,.T.);
#67=FACE_OUTER_BOUND('',#170,.T.);
#68=FACE_OUTER_BOUND('',#171,.T.);
#69=FACE_OUTER_BOUND('',#172,.T.);
#70=FACE_OUTER_BOUND('',#173,.T.);
#71=FACE_OUTER_BOUND('',#174,.T.);
#72=FACE_OUTER_BOUND('',#176,.T.);
#73=FACE_OUTER_BOUND('',#177,.T.);
#74=FACE_OUTER_BOUND('',#178,.T.);
#75=FACE_OUTER_BOUND('',#179,.T.);
#76=FACE_OUTER_BOUND('',#180,.T.);
#77=FACE_OUTER_BOUND('',#181,.T.);
#78=FACE_OUTER_BOUND('',#182,.T.);
#79=FACE_OUTER_BOUND('',#183,.T.);
#80=FACE_OUTER_BOUND('',#184,.T.);
#81=FACE_OUTER_BOUND('',#185,.T.);
#82=FACE_OUTER_BOUND('',#186,.T.);
#83=FACE_OUTER_BOUND('',#187,.T.);
#84=FACE_OUTER_BOUND('',#188,.T.);
#85=FACE_OUTER_BOUND('',#189,.T.);
#86=FACE_OUTER_BOUND('',#190,.T.);
#87=FACE_OUTER_BOUND('',#192,.T.);
#88=FACE_OUTER_BOUND('',#193,.T.);
#89=FACE_OUTER_BOUND('',#194,.T.);
#90=FACE_OUTER_BOUND('',#195,.T.);
#91=FACE_OUTER_BOUND('',#196,.T.);
#92=FACE_OUTER_BOUND('',#197,.T.);
#93=FACE_OUTER_BOUND('',#198,.T.);
#94=FACE_OUTER_BOUND('',#199,.T.);
#95=FACE_OUTER_BOUND('',#200,.T.);
#96=FACE_OUTER_BOUND('',#201,.T.);
#97=FACE_OUTER_BOUND('',#202,.T.);
#98=FACE_OUTER_BOUND('',#203,.T.);
#99=FACE_OUTER_BOUND('',#204,.T.);
#100=FACE_OUTER_BOUND('',#205,.T.);
#101=FACE_OUTER_BOUND('',#206,.T.);
#102=FACE_OUTER_BOUND('',#208,.T.);
#103=FACE_OUTER_BOUND('',#209,.T.);
#104=FACE_OUTER_BOUND('',#210,.T.);
#105=FACE_OUTER_BOUND('',#211,.T.);
#106=FACE_OUTER_BOUND('',#212,.T.);
#107=FACE_OUTER_BOUND('',#213,.T.);
#108=FACE_OUTER_BOUND('',#214,.T.);
#109=FACE_OUTER_BOUND('',#215,.T.);
#110=FACE_OUTER_BOUND('',#216,.T.);
#111=FACE_OUTER_BOUND('',#217,.T.);
#112=FACE_OUTER_BOUND('',#218,.T.);
#113=FACE_OUTER_BOUND('',#219,.T.);
#114=FACE_OUTER_BOUND('',#220,.T.);
#115=FACE_OUTER_BOUND('',#221,.T.);
#116=FACE_OUTER_BOUND('',#222,.T.);
#117=FACE_OUTER_BOUND('',#224,.T.);
#118=FACE_OUTER_BOUND('',#225,.T.);
#119=FACE_OUTER_BOUND('',#226,.T.);
#120=FACE_OUTER_BOUND('',#227,.T.);
#121=FACE_OUTER_BOUND('',#228,.T.);
#122=FACE_OUTER_BOUND('',#229,.T.);
#123=FACE_OUTER_BOUND('',#230,.T.);
#124=FACE_OUTER_BOUND('',#231,.T.);
#125=FACE_OUTER_BOUND('',#232,.T.);
#126=FACE_OUTER_BOUND('',#233,.T.);
#127=FACE_OUTER_BOUND('',#234,.T.);
#128=FACE_OUTER_BOUND('',#235,.T.);
#129=FACE_OUTER_BOUND('',#237,.T.);
#130=FACE_OUTER_BOUND('',#238,.T.);
#131=FACE_OUTER_BOUND('',#239,.T.);
#132=FACE_OUTER_BOUND('',#240,.T.);
#133=FACE_OUTER_BOUND('',#241,.T.);
#134=FACE_OUTER_BOUND('',#242,.T.);
#135=FACE_OUTER_BOUND('',#243,.T.);
#136=FACE_OUTER_BOUND('',#244,.T.);
#137=FACE_OUTER_BOUND('',#245,.T.);
#138=FACE_OUTER_BOUND('',#246,.T.);
#139=FACE_OUTER_BOUND('',#247,.T.);
#140=FACE_OUTER_BOUND('',#248,.T.);
#141=FACE_OUTER_BOUND('',#249,.T.);
#142=FACE_OUTER_BOUND('',#250,.T.);
#143=FACE_OUTER_BOUND('',#251,.T.);
#144=FACE_OUTER_BOUND('',#252,.T.);
#145=FACE_OUTER_BOUND('',#253,.T.);
#146=FACE_OUTER_BOUND('',#254,.T.);
#147=FACE_OUTER_BOUND('',#255,.T.);
#148=FACE_OUTER_BOUND('',#256,.T.);
#149=FACE_OUTER_BOUND('',#257,.T.);
#150=FACE_OUTER_BOUND('',#258,.T.);
#151=EDGE_LOOP('',(#1019,#1020,#1021,#1022));
#152=EDGE_LOOP('',(#1023,#1024,#1025,#1026));
#153=EDGE_LOOP('',(#1027,#1028,#1029,#1030));
#154=EDGE_LOOP('',(#1031,#1032,#1033,#1034));
#155=EDGE_LOOP('',(#1035,#1036,#1037,#1038));
#156=EDGE_LOOP('',(#1039,#1040,#1041,#1042));
#157=EDGE_LOOP('',(#1043,#1044,#1045,#1046));
#158=EDGE_LOOP('',(#1047,#1048,#1049,#1050,#1051,#1052,#1053,#1054));
#159=EDGE_LOOP('',(#1055,#1056,#1057,#1058,#1059,#1060,#1061,#1062));
#160=EDGE_LOOP('',(#1063,#1064,#1065,#1066,#1067,#1068,#1069,#1070));
#161=EDGE_LOOP('',(#1071,#1072,#1073,#1074,#1075,#1076,#1077,#1078));
#162=EDGE_LOOP('',(#1079,#1080,#1081,#1082));
#163=EDGE_LOOP('',(#1083,#1084,#1085,#1086));
#164=EDGE_LOOP('',(#1087,#1088,#1089,#1090));
#165=EDGE_LOOP('',(#1091,#1092,#1093,#1094));
#166=EDGE_LOOP('',(#1095,#1096,#1097,#1098));
#167=EDGE_LOOP('',(#1099,#1100,#1101,#1102));
#168=EDGE_LOOP('',(#1103,#1104,#1105,#1106));
#169=EDGE_LOOP('',(#1107,#1108,#1109,#1110));
#170=EDGE_LOOP('',(#1111,#1112,#1113,#1114));
#171=EDGE_LOOP('',(#1115,#1116,#1117,#1118));
#172=EDGE_LOOP('',(#1119,#1120,#1121,#1122));
#173=EDGE_LOOP('',(#1123,#1124,#1125,#1126));
#174=EDGE_LOOP('',(#1127,#1128,#1129,#1130,#1131,#1132,#1133,#1134));
#175=EDGE_LOOP('',(#1135));
#176=EDGE_LOOP('',(#1136,#1137,#1138,#1139));
#177=EDGE_LOOP('',(#1140,#1141,#1142,#1143));
#178=EDGE_LOOP('',(#1144,#1145,#1146,#1147));
#179=EDGE_LOOP('',(#1148,#1149,#1150,#1151));
#180=EDGE_LOOP('',(#1152,#1153,#1154,#1155));
#181=EDGE_LOOP('',(#1156,#1157,#1158,#1159));
#182=EDGE_LOOP('',(#1160,#1161,#1162,#1163));
#183=EDGE_LOOP('',(#1164,#1165,#1166,#1167));
#184=EDGE_LOOP('',(#1168,#1169,#1170,#1171));
#185=EDGE_LOOP('',(#1172,#1173,#1174,#1175));
#186=EDGE_LOOP('',(#1176,#1177,#1178,#1179));
#187=EDGE_LOOP('',(#1180,#1181,#1182,#1183));
#188=EDGE_LOOP('',(#1184,#1185,#1186,#1187));
#189=EDGE_LOOP('',(#1188,#1189,#1190,#1191));
#190=EDGE_LOOP('',(#1192,#1193,#1194,#1195,#1196,#1197,#1198,#1199));
#191=EDGE_LOOP('',(#1200));
#192=EDGE_LOOP('',(#1201,#1202,#1203,#1204));
#193=EDGE_LOOP('',(#1205,#1206,#1207,#1208));
#194=EDGE_LOOP('',(#1209,#1210,#1211,#1212));
#195=EDGE_LOOP('',(#1213,#1214,#1215,#1216));
#196=EDGE_LOOP('',(#1217,#1218,#1219,#1220));
#197=EDGE_LOOP('',(#1221,#1222,#1223,#1224));
#198=EDGE_LOOP('',(#1225,#1226,#1227,#1228));
#199=EDGE_LOOP('',(#1229,#1230,#1231,#1232));
#200=EDGE_LOOP('',(#1233,#1234,#1235,#1236));
#201=EDGE_LOOP('',(#1237,#1238,#1239,#1240));
#202=EDGE_LOOP('',(#1241,#1242,#1243,#1244));
#203=EDGE_LOOP('',(#1245,#1246,#1247,#1248));
#204=EDGE_LOOP('',(#1249,#1250,#1251,#1252));
#205=EDGE_LOOP('',(#1253,#1254,#1255,#1256));
#206=EDGE_LOOP('',(#1257,#1258,#1259,#1260,#1261,#1262,#1263,#1264));
#207=EDGE_LOOP('',(#1265));
#208=EDGE_LOOP('',(#1266,#1267,#1268,#1269));
#209=EDGE_LOOP('',(#1270,#1271,#1272,#1273));
#210=EDGE_LOOP('',(#1274,#1275,#1276,#1277));
#211=EDGE_LOOP('',(#1278,#1279,#1280,#1281));
#212=EDGE_LOOP('',(#1282,#1283,#1284,#1285));
#213=EDGE_LOOP('',(#1286,#1287,#1288,#1289));
#214=EDGE_LOOP('',(#1290,#1291,#1292,#1293));
#215=EDGE_LOOP('',(#1294,#1295,#1296,#1297));
#216=EDGE_LOOP('',(#1298,#1299,#1300,#1301));
#217=EDGE_LOOP('',(#1302,#1303,#1304,#1305));
#218=EDGE_LOOP('',(#1306,#1307,#1308,#1309));
#219=EDGE_LOOP('',(#1310,#1311,#1312,#1313));
#220=EDGE_LOOP('',(#1314,#1315,#1316,#1317));
#221=EDGE_LOOP('',(#1318,#1319,#1320,#1321));
#222=EDGE_LOOP('',(#1322,#1323,#1324,#1325,#1326,#1327,#1328,#1329));
#223=EDGE_LOOP('',(#1330));
#224=EDGE_LOOP('',(#1331,#1332,#1333,#1334));
#225=EDGE_LOOP('',(#1335,#1336,#1337,#1338));
#226=EDGE_LOOP('',(#1339,#1340,#1341,#1342));
#227=EDGE_LOOP('',(#1343,#1344,#1345,#1346));
#228=EDGE_LOOP('',(#1347,#1348,#1349,#1350));
#229=EDGE_LOOP('',(#1351,#1352,#1353,#1354));
#230=EDGE_LOOP('',(#1355,#1356,#1357,#1358));
#231=EDGE_LOOP('',(#1359,#1360,#1361,#1362));
#232=EDGE_LOOP('',(#1363,#1364,#1365,#1366));
#233=EDGE_LOOP('',(#1367,#1368,#1369,#1370));
#234=EDGE_LOOP('',(#1371,#1372,#1373,#1374));
#235=EDGE_LOOP('',(#1375,#1376,#1377,#1378));
#236=EDGE_LOOP('',(#1379,#1380,#1381,#1382));
#237=EDGE_LOOP('',(#1383,#1384,#1385,#1386));
#238=EDGE_LOOP('',(#1387,#1388,#1389,#1390));
#239=EDGE_LOOP('',(#1391));
#240=EDGE_LOOP('',(#1392,#1393,#1394,#1395));
#241=EDGE_LOOP('',(#1396,#1397,#1398,#1399));
#242=EDGE_LOOP('',(#1400,#1401,#1402,#1403));
#243=EDGE_LOOP('',(#1404,#1405,#1406,#1407));
#244=EDGE_LOOP('',(#1408));
#245=EDGE_LOOP('',(#1409,#1410,#1411,#1412));
#246=EDGE_LOOP('',(#1413,#1414,#1415,#1416));
#247=EDGE_LOOP('',(#1417,#1418,#1419,#1420));
#248=EDGE_LOOP('',(#1421,#1422,#1423,#1424));
#249=EDGE_LOOP('',(#1425));
#250=EDGE_LOOP('',(#1426,#1427,#1428,#1429));
#251=EDGE_LOOP('',(#1430,#1431,#1432,#1433));
#252=EDGE_LOOP('',(#1434,#1435,#1436,#1437));
#253=EDGE_LOOP('',(#1438,#1439,#1440,#1441));
#254=EDGE_LOOP('',(#1442));
#255=EDGE_LOOP('',(#1443,#1444,#1445,#1446));
#256=EDGE_LOOP('',(#1447,#1448,#1449,#1450));
#257=EDGE_LOOP('',(#1451,#1452,#1453,#1454));
#258=EDGE_LOOP('',(#1455,#1456,#1457,#1458));
#259=LINE('',#2303,#463);
#260=LINE('',#2305,#464);
#261=LINE('',#2307,#465);
#262=LINE('',#2308,#466);
#263=LINE('',#2311,#467);
#264=LINE('',#2313,#468);
#265=LINE('',#2314,#469);
#266=LINE('',#2317,#470);
#267=LINE('',#2319,#471);
#268=LINE('',#2320,#472);
#269=LINE('',#2322,#473);
#270=LINE('',#2323,#474);
#271=LINE('',#2326,#475);
#272=LINE('',#2328,#476);
#273=LINE('',#2329,#477);
#274=LINE('',#2332,#478);
#275=LINE('',#2333,#479);
#276=LINE('',#2337,#480);
#277=LINE('',#2339,#481);
#278=LINE('',#2341,#482);
#279=LINE('',#2343,#483);
#280=LINE('',#2345,#484);
#281=LINE('',#2347,#485);
#282=LINE('',#2349,#486);
#283=LINE('',#2350,#487);
#284=LINE('',#2353,#488);
#285=LINE('',#2355,#489);
#286=LINE('',#2357,#490);
#287=LINE('',#2359,#491);
#288=LINE('',#2361,#492);
#289=LINE('',#2363,#493);
#290=LINE('',#2365,#494);
#291=LINE('',#2366,#495);
#292=LINE('',#2369,#496);
#293=LINE('',#2371,#497);
#294=LINE('',#2373,#498);
#295=LINE('',#2375,#499);
#296=LINE('',#2377,#500);
#297=LINE('',#2379,#501);
#298=LINE('',#2381,#502);
#299=LINE('',#2382,#503);
#300=LINE('',#2385,#504);
#301=LINE('',#2387,#505);
#302=LINE('',#2389,#506);
#303=LINE('',#2391,#507);
#304=LINE('',#2393,#508);
#305=LINE('',#2395,#509);
#306=LINE('',#2397,#510);
#307=LINE('',#2398,#511);
#308=LINE('',#2402,#512);
#309=LINE('',#2404,#513);
#310=LINE('',#2406,#514);
#311=LINE('',#2407,#515);
#312=LINE('',#2410,#516);
#313=LINE('',#2412,#517);
#314=LINE('',#2413,#518);
#315=LINE('',#2417,#519);
#316=LINE('',#2419,#520);
#317=LINE('',#2421,#521);
#318=LINE('',#2422,#522);
#319=LINE('',#2424,#523);
#320=LINE('',#2425,#524);
#321=LINE('',#2428,#525);
#322=LINE('',#2430,#526);
#323=LINE('',#2431,#527);
#324=LINE('',#2434,#528);
#325=LINE('',#2436,#529);
#326=LINE('',#2437,#530);
#327=LINE('',#2440,#531);
#328=LINE('',#2442,#532);
#329=LINE('',#2443,#533);
#330=LINE('',#2445,#534);
#331=LINE('',#2446,#535);
#332=LINE('',#2448,#536);
#333=LINE('',#2449,#537);
#334=LINE('',#2451,#538);
#335=LINE('',#2453,#539);
#336=LINE('',#2455,#540);
#337=LINE('',#2462,#541);
#338=LINE('',#2466,#542);
#339=LINE('',#2470,#543);
#340=LINE('',#2472,#544);
#341=LINE('',#2474,#545);
#342=LINE('',#2475,#546);
#343=LINE('',#2478,#547);
#344=LINE('',#2480,#548);
#345=LINE('',#2481,#549);
#346=LINE('',#2485,#550);
#347=LINE('',#2487,#551);
#348=LINE('',#2489,#552);
#349=LINE('',#2490,#553);
#350=LINE('',#2492,#554);
#351=LINE('',#2493,#555);
#352=LINE('',#2496,#556);
#353=LINE('',#2498,#557);
#354=LINE('',#2499,#558);
#355=LINE('',#2502,#559);
#356=LINE('',#2504,#560);
#357=LINE('',#2505,#561);
#358=LINE('',#2508,#562);
#359=LINE('',#2510,#563);
#360=LINE('',#2511,#564);
#361=LINE('',#2513,#565);
#362=LINE('',#2514,#566);
#363=LINE('',#2516,#567);
#364=LINE('',#2517,#568);
#365=LINE('',#2519,#569);
#366=LINE('',#2521,#570);
#367=LINE('',#2523,#571);
#368=LINE('',#2530,#572);
#369=LINE('',#2534,#573);
#370=LINE('',#2538,#574);
#371=LINE('',#2540,#575);
#372=LINE('',#2542,#576);
#373=LINE('',#2543,#577);
#374=LINE('',#2546,#578);
#375=LINE('',#2548,#579);
#376=LINE('',#2549,#580);
#377=LINE('',#2553,#581);
#378=LINE('',#2555,#582);
#379=LINE('',#2557,#583);
#380=LINE('',#2558,#584);
#381=LINE('',#2560,#585);
#382=LINE('',#2561,#586);
#383=LINE('',#2564,#587);
#384=LINE('',#2566,#588);
#385=LINE('',#2567,#589);
#386=LINE('',#2570,#590);
#387=LINE('',#2572,#591);
#388=LINE('',#2573,#592);
#389=LINE('',#2576,#593);
#390=LINE('',#2578,#594);
#391=LINE('',#2579,#595);
#392=LINE('',#2581,#596);
#393=LINE('',#2582,#597);
#394=LINE('',#2584,#598);
#395=LINE('',#2585,#599);
#396=LINE('',#2587,#600);
#397=LINE('',#2589,#601);
#398=LINE('',#2591,#602);
#399=LINE('',#2598,#603);
#400=LINE('',#2602,#604);
#401=LINE('',#2606,#605);
#402=LINE('',#2608,#606);
#403=LINE('',#2610,#607);
#404=LINE('',#2611,#608);
#405=LINE('',#2614,#609);
#406=LINE('',#2616,#610);
#407=LINE('',#2617,#611);
#408=LINE('',#2621,#612);
#409=LINE('',#2623,#613);
#410=LINE('',#2625,#614);
#411=LINE('',#2626,#615);
#412=LINE('',#2628,#616);
#413=LINE('',#2629,#617);
#414=LINE('',#2632,#618);
#415=LINE('',#2634,#619);
#416=LINE('',#2635,#620);
#417=LINE('',#2638,#621);
#418=LINE('',#2640,#622);
#419=LINE('',#2641,#623);
#420=LINE('',#2644,#624);
#421=LINE('',#2646,#625);
#422=LINE('',#2647,#626);
#423=LINE('',#2649,#627);
#424=LINE('',#2650,#628);
#425=LINE('',#2652,#629);
#426=LINE('',#2653,#630);
#427=LINE('',#2655,#631);
#428=LINE('',#2657,#632);
#429=LINE('',#2659,#633);
#430=LINE('',#2666,#634);
#431=LINE('',#2670,#635);
#432=LINE('',#2674,#636);
#433=LINE('',#2678,#637);
#434=LINE('',#2682,#638);
#435=LINE('',#2685,#639);
#436=LINE('',#2688,#640);
#437=LINE('',#2690,#641);
#438=LINE('',#2693,#642);
#439=LINE('',#2694,#643);
#440=LINE('',#2697,#644);
#441=LINE('',#2699,#645);
#442=LINE('',#2700,#646);
#443=LINE('',#2703,#647);
#444=LINE('',#2704,#648);
#445=LINE('',#2708,#649);
#446=LINE('',#2709,#650);
#447=LINE('',#2711,#651);
#448=LINE('',#2714,#652);
#449=LINE('',#2715,#653);
#450=LINE('',#2717,#654);
#451=LINE('',#2721,#655);
#452=LINE('',#2722,#656);
#453=LINE('',#2724,#657);
#454=LINE('',#2729,#658);
#455=LINE('',#2730,#659);
#456=LINE('',#2732,#660);
#457=LINE('',#2737,#661);
#458=LINE('',#2738,#662);
#459=LINE('',#2740,#663);
#460=LINE('',#2745,#664);
#461=LINE('',#2746,#665);
#462=LINE('',#2748,#666);
#463=VECTOR('',#1847,10.);
#464=VECTOR('',#1848,10.);
#465=VECTOR('',#1849,10.);
#466=VECTOR('',#1850,10.);
#467=VECTOR('',#1853,10.);
#468=VECTOR('',#1854,10.);
#469=VECTOR('',#1855,10.);
#470=VECTOR('',#1858,10.);
#471=VECTOR('',#1859,10.);
#472=VECTOR('',#1860,10.);
#473=VECTOR('',#1863,10.);
#474=VECTOR('',#1864,10.);
#475=VECTOR('',#1867,10.);
#476=VECTOR('',#1868,10.);
#477=VECTOR('',#1869,10.);
#478=VECTOR('',#1872,10.);
#479=VECTOR('',#1873,10.);
#480=VECTOR('',#1876,10.);
#481=VECTOR('',#1877,10.);
#482=VECTOR('',#1878,10.);
#483=VECTOR('',#1879,10.);
#484=VECTOR('',#1880,10.);
#485=VECTOR('',#1881,10.);
#486=VECTOR('',#1882,10.);
#487=VECTOR('',#1883,10.);
#488=VECTOR('',#1884,10.);
#489=VECTOR('',#1885,10.);
#490=VECTOR('',#1886,10.);
#491=VECTOR('',#1887,10.);
#492=VECTOR('',#1888,10.);
#493=VECTOR('',#1889,10.);
#494=VECTOR('',#1890,10.);
#495=VECTOR('',#1891,10.);
#496=VECTOR('',#1892,10.);
#497=VECTOR('',#1893,10.);
#498=VECTOR('',#1894,10.);
#499=VECTOR('',#1895,10.);
#500=VECTOR('',#1896,10.);
#501=VECTOR('',#1897,10.);
#502=VECTOR('',#1898,10.);
#503=VECTOR('',#1899,10.);
#504=VECTOR('',#1900,10.);
#505=VECTOR('',#1901,10.);
#506=VECTOR('',#1902,10.);
#507=VECTOR('',#1903,10.);
#508=VECTOR('',#1904,10.);
#509=VECTOR('',#1905,10.);
#510=VECTOR('',#1906,10.);
#511=VECTOR('',#1907,10.);
#512=VECTOR('',#1910,10.);
#513=VECTOR('',#1911,10.);
#514=VECTOR('',#1912,10.);
#515=VECTOR('',#1913,10.);
#516=VECTOR('',#1916,10.);
#517=VECTOR('',#1917,10.);
#518=VECTOR('',#1918,10.);
#519=VECTOR('',#1921,10.);
#520=VECTOR('',#1922,10.);
#521=VECTOR('',#1923,10.);
#522=VECTOR('',#1924,10.);
#523=VECTOR('',#1927,10.);
#524=VECTOR('',#1928,10.);
#525=VECTOR('',#1931,10.);
#526=VECTOR('',#1932,10.);
#527=VECTOR('',#1933,10.);
#528=VECTOR('',#1936,10.);
#529=VECTOR('',#1937,10.);
#530=VECTOR('',#1938,10.);
#531=VECTOR('',#1941,10.);
#532=VECTOR('',#1942,10.);
#533=VECTOR('',#1943,10.);
#534=VECTOR('',#1946,10.);
#535=VECTOR('',#1947,10.);
#536=VECTOR('',#1950,10.);
#537=VECTOR('',#1951,10.);
#538=VECTOR('',#1954,10.);
#539=VECTOR('',#1957,10.);
#540=VECTOR('',#1960,10.);
#541=VECTOR('',#1969,6.827);
#542=VECTOR('',#1974,6.327);
#543=VECTOR('',#1977,10.);
#544=VECTOR('',#1978,10.);
#545=VECTOR('',#1979,10.);
#546=VECTOR('',#1980,10.);
#547=VECTOR('',#1983,10.);
#548=VECTOR('',#1984,10.);
#549=VECTOR('',#1985,10.);
#550=VECTOR('',#1988,10.);
#551=VECTOR('',#1989,10.);
#552=VECTOR('',#1990,10.);
#553=VECTOR('',#1991,10.);
#554=VECTOR('',#1994,10.);
#555=VECTOR('',#1995,10.);
#556=VECTOR('',#1998,10.);
#557=VECTOR('',#1999,10.);
#558=VECTOR('',#2000,10.);
#559=VECTOR('',#2003,10.);
#560=VECTOR('',#2004,10.);
#561=VECTOR('',#2005,10.);
#562=VECTOR('',#2008,10.);
#563=VECTOR('',#2009,10.);
#564=VECTOR('',#2010,10.);
#565=VECTOR('',#2013,10.);
#566=VECTOR('',#2014,10.);
#567=VECTOR('',#2017,10.);
#568=VECTOR('',#2018,10.);
#569=VECTOR('',#2021,10.);
#570=VECTOR('',#2024,10.);
#571=VECTOR('',#2027,10.);
#572=VECTOR('',#2036,6.827);
#573=VECTOR('',#2041,6.327);
#574=VECTOR('',#2044,10.);
#575=VECTOR('',#2045,10.);
#576=VECTOR('',#2046,10.);
#577=VECTOR('',#2047,10.);
#578=VECTOR('',#2050,10.);
#579=VECTOR('',#2051,10.);
#580=VECTOR('',#2052,10.);
#581=VECTOR('',#2055,10.);
#582=VECTOR('',#2056,10.);
#583=VECTOR('',#2057,10.);
#584=VECTOR('',#2058,10.);
#585=VECTOR('',#2061,10.);
#586=VECTOR('',#2062,10.);
#587=VECTOR('',#2065,10.);
#588=VECTOR('',#2066,10.);
#589=VECTOR('',#2067,10.);
#590=VECTOR('',#2070,10.);
#591=VECTOR('',#2071,10.);
#592=VECTOR('',#2072,10.);
#593=VECTOR('',#2075,10.);
#594=VECTOR('',#2076,10.);
#595=VECTOR('',#2077,10.);
#596=VECTOR('',#2080,10.);
#597=VECTOR('',#2081,10.);
#598=VECTOR('',#2084,10.);
#599=VECTOR('',#2085,10.);
#600=VECTOR('',#2088,10.);
#601=VECTOR('',#2091,10.);
#602=VECTOR('',#2094,10.);
#603=VECTOR('',#2103,6.827);
#604=VECTOR('',#2108,6.327);
#605=VECTOR('',#2111,10.);
#606=VECTOR('',#2112,10.);
#607=VECTOR('',#2113,10.);
#608=VECTOR('',#2114,10.);
#609=VECTOR('',#2117,10.);
#610=VECTOR('',#2118,10.);
#611=VECTOR('',#2119,10.);
#612=VECTOR('',#2122,10.);
#613=VECTOR('',#2123,10.);
#614=VECTOR('',#2124,10.);
#615=VECTOR('',#2125,10.);
#616=VECTOR('',#2128,10.);
#617=VECTOR('',#2129,10.);
#618=VECTOR('',#2132,10.);
#619=VECTOR('',#2133,10.);
#620=VECTOR('',#2134,10.);
#621=VECTOR('',#2137,10.);
#622=VECTOR('',#2138,10.);
#623=VECTOR('',#2139,10.);
#624=VECTOR('',#2142,10.);
#625=VECTOR('',#2143,10.);
#626=VECTOR('',#2144,10.);
#627=VECTOR('',#2147,10.);
#628=VECTOR('',#2148,10.);
#629=VECTOR('',#2151,10.);
#630=VECTOR('',#2152,10.);
#631=VECTOR('',#2155,10.);
#632=VECTOR('',#2158,10.);
#633=VECTOR('',#2161,10.);
#634=VECTOR('',#2170,6.827);
#635=VECTOR('',#2175,6.327);
#636=VECTOR('',#2178,10.);
#637=VECTOR('',#2181,10.);
#638=VECTOR('',#2186,10.);
#639=VECTOR('',#2189,10.);
#640=VECTOR('',#2192,10.);
#641=VECTOR('',#2193,10.);
#642=VECTOR('',#2198,10.);
#643=VECTOR('',#2199,10.);
#644=VECTOR('',#2202,10.);
#645=VECTOR('',#2203,10.);
#646=VECTOR('',#2204,10.);
#647=VECTOR('',#2207,10.);
#648=VECTOR('',#2208,10.);
#649=VECTOR('',#2213,10.);
#650=VECTOR('',#2214,10.);
#651=VECTOR('',#2217,10.);
#652=VECTOR('',#2220,10.);
#653=VECTOR('',#2221,10.);
#654=VECTOR('',#2224,10.);
#655=VECTOR('',#2231,10.);
#656=VECTOR('',#2232,10.);
#657=VECTOR('',#2235,10.);
#658=VECTOR('',#2244,10.);
#659=VECTOR('',#2245,10.);
#660=VECTOR('',#2248,10.);
#661=VECTOR('',#2257,10.);
#662=VECTOR('',#2258,10.);
#663=VECTOR('',#2261,10.);
#664=VECTOR('',#2270,10.);
#665=VECTOR('',#2271,10.);
#666=VECTOR('',#2274,10.);
#667=VERTEX_POINT('',#2301);
#668=VERTEX_POINT('',#2302);
#669=VERTEX_POINT('',#2304);
#670=VERTEX_POINT('',#2306);
#671=VERTEX_POINT('',#2310);
#672=VERTEX_POINT('',#2312);
#673=VERTEX_POINT('',#2316);
#674=VERTEX_POINT('',#2318);
#675=VERTEX_POINT('',#2325);
#676=VERTEX_POINT('',#2327);
#677=VERTEX_POINT('',#2331);
#678=VERTEX_POINT('',#2335);
#679=VERTEX_POINT('',#2336);
#680=VERTEX_POINT('',#2338);
#681=VERTEX_POINT('',#2340);
#682=VERTEX_POINT('',#2342);
#683=VERTEX_POINT('',#2344);
#684=VERTEX_POINT('',#2346);
#685=VERTEX_POINT('',#2348);
#686=VERTEX_POINT('',#2351);
#687=VERTEX_POINT('',#2352);
#688=VERTEX_POINT('',#2354);
#689=VERTEX_POINT('',#2356);
#690=VERTEX_POINT('',#2358);
#691=VERTEX_POINT('',#2360);
#692=VERTEX_POINT('',#2362);
#693=VERTEX_POINT('',#2364);
#694=VERTEX_POINT('',#2367);
#695=VERTEX_POINT('',#2368);
#696=VERTEX_POINT('',#2370);
#697=VERTEX_POINT('',#2372);
#698=VERTEX_POINT('',#2374);
#699=VERTEX_POINT('',#2376);
#700=VERTEX_POINT('',#2378);
#701=VERTEX_POINT('',#2380);
#702=VERTEX_POINT('',#2383);
#703=VERTEX_POINT('',#2384);
#704=VERTEX_POINT('',#2386);
#705=VERTEX_POINT('',#2388);
#706=VERTEX_POINT('',#2390);
#707=VERTEX_POINT('',#2392);
#708=VERTEX_POINT('',#2394);
#709=VERTEX_POINT('',#2396);
#710=VERTEX_POINT('',#2400);
#711=VERTEX_POINT('',#2401);
#712=VERTEX_POINT('',#2403);
#713=VERTEX_POINT('',#2405);
#714=VERTEX_POINT('',#2409);
#715=VERTEX_POINT('',#2411);
#716=VERTEX_POINT('',#2415);
#717=VERTEX_POINT('',#2416);
#718=VERTEX_POINT('',#2418);
#719=VERTEX_POINT('',#2420);
#720=VERTEX_POINT('',#2427);
#721=VERTEX_POINT('',#2429);
#722=VERTEX_POINT('',#2433);
#723=VERTEX_POINT('',#2435);
#724=VERTEX_POINT('',#2439);
#725=VERTEX_POINT('',#2441);
#726=VERTEX_POINT('',#2457);
#727=VERTEX_POINT('',#2460);
#728=VERTEX_POINT('',#2464);
#729=VERTEX_POINT('',#2468);
#730=VERTEX_POINT('',#2469);
#731=VERTEX_POINT('',#2471);
#732=VERTEX_POINT('',#2473);
#733=VERTEX_POINT('',#2477);
#734=VERTEX_POINT('',#2479);
#735=VERTEX_POINT('',#2483);
#736=VERTEX_POINT('',#2484);
#737=VERTEX_POINT('',#2486);
#738=VERTEX_POINT('',#2488);
#739=VERTEX_POINT('',#2495);
#740=VERTEX_POINT('',#2497);
#741=VERTEX_POINT('',#2501);
#742=VERTEX_POINT('',#2503);
#743=VERTEX_POINT('',#2507);
#744=VERTEX_POINT('',#2509);
#745=VERTEX_POINT('',#2525);
#746=VERTEX_POINT('',#2528);
#747=VERTEX_POINT('',#2532);
#748=VERTEX_POINT('',#2536);
#749=VERTEX_POINT('',#2537);
#750=VERTEX_POINT('',#2539);
#751=VERTEX_POINT('',#2541);
#752=VERTEX_POINT('',#2545);
#753=VERTEX_POINT('',#2547);
#754=VERTEX_POINT('',#2551);
#755=VERTEX_POINT('',#2552);
#756=VERTEX_POINT('',#2554);
#757=VERTEX_POINT('',#2556);
#758=VERTEX_POINT('',#2563);
#759=VERTEX_POINT('',#2565);
#760=VERTEX_POINT('',#2569);
#761=VERTEX_POINT('',#2571);
#762=VERTEX_POINT('',#2575);
#763=VERTEX_POINT('',#2577);
#764=VERTEX_POINT('',#2593);
#765=VERTEX_POINT('',#2596);
#766=VERTEX_POINT('',#2600);
#767=VERTEX_POINT('',#2604);
#768=VERTEX_POINT('',#2605);
#769=VERTEX_POINT('',#2607);
#770=VERTEX_POINT('',#2609);
#771=VERTEX_POINT('',#2613);
#772=VERTEX_POINT('',#2615);
#773=VERTEX_POINT('',#2619);
#774=VERTEX_POINT('',#2620);
#775=VERTEX_POINT('',#2622);
#776=VERTEX_POINT('',#2624);
#777=VERTEX_POINT('',#2631);
#778=VERTEX_POINT('',#2633);
#779=VERTEX_POINT('',#2637);
#780=VERTEX_POINT('',#2639);
#781=VERTEX_POINT('',#2643);
#782=VERTEX_POINT('',#2645);
#783=VERTEX_POINT('',#2661);
#784=VERTEX_POINT('',#2664);
#785=VERTEX_POINT('',#2668);
#786=VERTEX_POINT('',#2672);
#787=VERTEX_POINT('',#2673);
#788=VERTEX_POINT('',#2675);
#789=VERTEX_POINT('',#2677);
#790=VERTEX_POINT('',#2681);
#791=VERTEX_POINT('',#2683);
#792=VERTEX_POINT('',#2687);
#793=VERTEX_POINT('',#2689);
#794=VERTEX_POINT('',#2696);
#795=VERTEX_POINT('',#2698);
#796=VERTEX_POINT('',#2702);
#797=VERTEX_POINT('',#2707);
#798=VERTEX_POINT('',#2713);
#799=EDGE_CURVE('',#667,#668,#259,.T.);
#800=EDGE_CURVE('',#668,#669,#260,.T.);
#801=EDGE_CURVE('',#669,#670,#261,.T.);
#802=EDGE_CURVE('',#670,#667,#262,.T.);
#803=EDGE_CURVE('',#668,#671,#263,.T.);
#804=EDGE_CURVE('',#671,#672,#264,.T.);
#805=EDGE_CURVE('',#672,#669,#265,.T.);
#806=EDGE_CURVE('',#673,#672,#266,.T.);
#807=EDGE_CURVE('',#671,#674,#267,.T.);
#808=EDGE_CURVE('',#674,#673,#268,.T.);
#809=EDGE_CURVE('',#674,#667,#269,.T.);
#810=EDGE_CURVE('',#670,#673,#270,.T.);
#811=EDGE_CURVE('',#670,#675,#271,.T.);
#812=EDGE_CURVE('',#675,#676,#272,.F.);
#813=EDGE_CURVE('',#673,#676,#273,.T.);
#814=EDGE_CURVE('',#669,#677,#274,.T.);
#815=EDGE_CURVE('',#677,#675,#275,.F.);
#816=EDGE_CURVE('',#678,#679,#276,.T.);
#817=EDGE_CURVE('',#680,#678,#277,.T.);
#818=EDGE_CURVE('',#681,#680,#278,.T.);
#819=EDGE_CURVE('',#682,#681,#279,.T.);
#820=EDGE_CURVE('',#683,#682,#280,.T.);
#821=EDGE_CURVE('',#684,#683,#281,.T.);
#822=EDGE_CURVE('',#685,#684,#282,.T.);
#823=EDGE_CURVE('',#679,#685,#283,.T.);
#824=EDGE_CURVE('',#686,#687,#284,.T.);
#825=EDGE_CURVE('',#688,#686,#285,.T.);
#826=EDGE_CURVE('',#689,#688,#286,.T.);
#827=EDGE_CURVE('',#690,#689,#287,.T.);
#828=EDGE_CURVE('',#691,#690,#288,.T.);
#829=EDGE_CURVE('',#692,#691,#289,.T.);
#830=EDGE_CURVE('',#693,#692,#290,.T.);
#831=EDGE_CURVE('',#687,#693,#291,.T.);
#832=EDGE_CURVE('',#694,#695,#292,.T.);
#833=EDGE_CURVE('',#696,#694,#293,.T.);
#834=EDGE_CURVE('',#697,#696,#294,.T.);
#835=EDGE_CURVE('',#698,#697,#295,.T.);
#836=EDGE_CURVE('',#699,#698,#296,.T.);
#837=EDGE_CURVE('',#700,#699,#297,.T.);
#838=EDGE_CURVE('',#701,#700,#298,.T.);
#839=EDGE_CURVE('',#695,#701,#299,.T.);
#840=EDGE_CURVE('',#702,#703,#300,.T.);
#841=EDGE_CURVE('',#704,#702,#301,.T.);
#842=EDGE_CURVE('',#705,#704,#302,.T.);
#843=EDGE_CURVE('',#706,#705,#303,.T.);
#844=EDGE_CURVE('',#707,#706,#304,.T.);
#845=EDGE_CURVE('',#708,#707,#305,.T.);
#846=EDGE_CURVE('',#709,#708,#306,.T.);
#847=EDGE_CURVE('',#703,#709,#307,.T.);
#848=EDGE_CURVE('',#710,#711,#308,.T.);
#849=EDGE_CURVE('',#711,#712,#309,.T.);
#850=EDGE_CURVE('',#712,#713,#310,.T.);
#851=EDGE_CURVE('',#710,#713,#311,.T.);
#852=EDGE_CURVE('',#711,#714,#312,.T.);
#853=EDGE_CURVE('',#714,#715,#313,.T.);
#854=EDGE_CURVE('',#715,#712,#314,.T.);
#855=EDGE_CURVE('',#716,#717,#315,.T.);
#856=EDGE_CURVE('',#717,#718,#316,.T.);
#857=EDGE_CURVE('',#718,#719,#317,.T.);
#858=EDGE_CURVE('',#719,#716,#318,.T.);
#859=EDGE_CURVE('',#714,#718,#319,.T.);
#860=EDGE_CURVE('',#717,#715,#320,.T.);
#861=EDGE_CURVE('',#720,#716,#321,.T.);
#862=EDGE_CURVE('',#719,#721,#322,.T.);
#863=EDGE_CURVE('',#721,#720,#323,.T.);
#864=EDGE_CURVE('',#722,#720,#324,.T.);
#865=EDGE_CURVE('',#721,#723,#325,.T.);
#866=EDGE_CURVE('',#723,#722,#326,.T.);
#867=EDGE_CURVE('',#724,#722,#327,.T.);
#868=EDGE_CURVE('',#723,#725,#328,.T.);
#869=EDGE_CURVE('',#725,#724,#329,.T.);
#870=EDGE_CURVE('',#713,#724,#330,.T.);
#871=EDGE_CURVE('',#725,#710,#331,.T.);
#872=EDGE_CURVE('',#712,#697,#332,.T.);
#873=EDGE_CURVE('',#713,#696,#333,.T.);
#874=EDGE_CURVE('',#715,#698,#334,.T.);
#875=EDGE_CURVE('',#717,#699,#335,.T.);
#876=EDGE_CURVE('',#716,#700,#336,.T.);
#877=EDGE_CURVE('',#726,#726,#31,.T.);
#878=EDGE_CURVE('',#727,#727,#32,.T.);
#879=EDGE_CURVE('',#727,#726,#337,.T.);
#880=EDGE_CURVE('',#728,#728,#33,.T.);
#881=EDGE_CURVE('',#728,#727,#338,.T.);
#882=EDGE_CURVE('',#729,#730,#339,.T.);
#883=EDGE_CURVE('',#730,#731,#340,.T.);
#884=EDGE_CURVE('',#731,#732,#341,.T.);
#885=EDGE_CURVE('',#729,#732,#342,.T.);
#886=EDGE_CURVE('',#730,#733,#343,.T.);
#887=EDGE_CURVE('',#733,#734,#344,.T.);
#888=EDGE_CURVE('',#734,#731,#345,.T.);
#889=EDGE_CURVE('',#735,#736,#346,.T.);
#890=EDGE_CURVE('',#736,#737,#347,.T.);
#891=EDGE_CURVE('',#737,#738,#348,.T.);
#892=EDGE_CURVE('',#738,#735,#349,.T.);
#893=EDGE_CURVE('',#733,#737,#350,.T.);
#894=EDGE_CURVE('',#736,#734,#351,.T.);
#895=EDGE_CURVE('',#739,#735,#352,.T.);
#896=EDGE_CURVE('',#738,#740,#353,.T.);
#897=EDGE_CURVE('',#740,#739,#354,.T.);
#898=EDGE_CURVE('',#741,#739,#355,.T.);
#899=EDGE_CURVE('',#740,#742,#356,.T.);
#900=EDGE_CURVE('',#742,#741,#357,.T.);
#901=EDGE_CURVE('',#743,#741,#358,.T.);
#902=EDGE_CURVE('',#742,#744,#359,.T.);
#903=EDGE_CURVE('',#744,#743,#360,.T.);
#904=EDGE_CURVE('',#732,#743,#361,.T.);
#905=EDGE_CURVE('',#744,#729,#362,.T.);
#906=EDGE_CURVE('',#731,#705,#363,.T.);
#907=EDGE_CURVE('',#732,#704,#364,.T.);
#908=EDGE_CURVE('',#734,#706,#365,.T.);
#909=EDGE_CURVE('',#736,#707,#366,.T.);
#910=EDGE_CURVE('',#735,#708,#367,.T.);
#911=EDGE_CURVE('',#745,#745,#34,.T.);
#912=EDGE_CURVE('',#746,#746,#35,.T.);
#913=EDGE_CURVE('',#746,#745,#368,.T.);
#914=EDGE_CURVE('',#747,#747,#36,.T.);
#915=EDGE_CURVE('',#747,#746,#369,.T.);
#916=EDGE_CURVE('',#748,#749,#370,.T.);
#917=EDGE_CURVE('',#749,#750,#371,.T.);
#918=EDGE_CURVE('',#750,#751,#372,.T.);
#919=EDGE_CURVE('',#748,#751,#373,.T.);
#920=EDGE_CURVE('',#749,#752,#374,.T.);
#921=EDGE_CURVE('',#752,#753,#375,.T.);
#922=EDGE_CURVE('',#753,#750,#376,.T.);
#923=EDGE_CURVE('',#754,#755,#377,.T.);
#924=EDGE_CURVE('',#755,#756,#378,.T.);
#925=EDGE_CURVE('',#756,#757,#379,.T.);
#926=EDGE_CURVE('',#757,#754,#380,.T.);
#927=EDGE_CURVE('',#752,#756,#381,.T.);
#928=EDGE_CURVE('',#755,#753,#382,.T.);
#929=EDGE_CURVE('',#758,#754,#383,.T.);
#930=EDGE_CURVE('',#757,#759,#384,.T.);
#931=EDGE_CURVE('',#759,#758,#385,.T.);
#932=EDGE_CURVE('',#760,#758,#386,.T.);
#933=EDGE_CURVE('',#759,#761,#387,.T.);
#934=EDGE_CURVE('',#761,#760,#388,.T.);
#935=EDGE_CURVE('',#762,#760,#389,.T.);
#936=EDGE_CURVE('',#761,#763,#390,.T.);
#937=EDGE_CURVE('',#763,#762,#391,.T.);
#938=EDGE_CURVE('',#751,#762,#392,.T.);
#939=EDGE_CURVE('',#763,#748,#393,.T.);
#940=EDGE_CURVE('',#750,#689,#394,.T.);
#941=EDGE_CURVE('',#751,#688,#395,.T.);
#942=EDGE_CURVE('',#753,#690,#396,.T.);
#943=EDGE_CURVE('',#755,#691,#397,.T.);
#944=EDGE_CURVE('',#754,#692,#398,.T.);
#945=EDGE_CURVE('',#764,#764,#37,.T.);
#946=EDGE_CURVE('',#765,#765,#38,.T.);
#947=EDGE_CURVE('',#765,#764,#399,.T.);
#948=EDGE_CURVE('',#766,#766,#39,.T.);
#949=EDGE_CURVE('',#766,#765,#400,.T.);
#950=EDGE_CURVE('',#767,#768,#401,.T.);
#951=EDGE_CURVE('',#768,#769,#402,.T.);
#952=EDGE_CURVE('',#769,#770,#403,.T.);
#953=EDGE_CURVE('',#767,#770,#404,.T.);
#954=EDGE_CURVE('',#768,#771,#405,.T.);
#955=EDGE_CURVE('',#771,#772,#406,.T.);
#956=EDGE_CURVE('',#772,#769,#407,.T.);
#957=EDGE_CURVE('',#773,#774,#408,.T.);
#958=EDGE_CURVE('',#774,#775,#409,.T.);
#959=EDGE_CURVE('',#775,#776,#410,.T.);
#960=EDGE_CURVE('',#776,#773,#411,.T.);
#961=EDGE_CURVE('',#771,#775,#412,.T.);
#962=EDGE_CURVE('',#774,#772,#413,.T.);
#963=EDGE_CURVE('',#777,#773,#414,.T.);
#964=EDGE_CURVE('',#776,#778,#415,.T.);
#965=EDGE_CURVE('',#778,#777,#416,.T.);
#966=EDGE_CURVE('',#779,#777,#417,.T.);
#967=EDGE_CURVE('',#778,#780,#418,.T.);
#968=EDGE_CURVE('',#780,#779,#419,.T.);
#969=EDGE_CURVE('',#781,#779,#420,.T.);
#970=EDGE_CURVE('',#780,#782,#421,.T.);
#971=EDGE_CURVE('',#782,#781,#422,.T.);
#972=EDGE_CURVE('',#770,#781,#423,.T.);
#973=EDGE_CURVE('',#782,#767,#424,.T.);
#974=EDGE_CURVE('',#769,#681,#425,.T.);
#975=EDGE_CURVE('',#770,#680,#426,.T.);
#976=EDGE_CURVE('',#772,#682,#427,.T.);
#977=EDGE_CURVE('',#774,#683,#428,.T.);
#978=EDGE_CURVE('',#773,#684,#429,.T.);
#979=EDGE_CURVE('',#783,#783,#40,.T.);
#980=EDGE_CURVE('',#784,#784,#41,.T.);
#981=EDGE_CURVE('',#784,#783,#430,.T.);
#982=EDGE_CURVE('',#785,#785,#42,.T.);
#983=EDGE_CURVE('',#785,#784,#431,.T.);
#984=EDGE_CURVE('',#786,#787,#432,.T.);
#985=EDGE_CURVE('',#787,#788,#15,.T.);
#986=EDGE_CURVE('',#788,#789,#433,.T.);
#987=EDGE_CURVE('',#789,#786,#16,.T.);
#988=EDGE_CURVE('',#789,#790,#434,.T.);
#989=EDGE_CURVE('',#790,#791,#17,.T.);
#990=EDGE_CURVE('',#791,#786,#435,.T.);
#991=EDGE_CURVE('',#792,#791,#436,.T.);
#992=EDGE_CURVE('',#790,#793,#437,.T.);
#993=EDGE_CURVE('',#793,#792,#18,.T.);
#994=EDGE_CURVE('',#787,#792,#438,.T.);
#995=EDGE_CURVE('',#793,#788,#439,.T.);
#996=EDGE_CURVE('',#789,#794,#440,.T.);
#997=EDGE_CURVE('',#794,#795,#441,.F.);
#998=EDGE_CURVE('',#790,#795,#442,.T.);
#999=EDGE_CURVE('',#788,#796,#443,.T.);
#1000=EDGE_CURVE('',#796,#794,#444,.F.);
#1001=EDGE_CURVE('',#795,#797,#445,.F.);
#1002=EDGE_CURVE('',#793,#797,#446,.T.);
#1003=EDGE_CURVE('',#797,#796,#447,.F.);
#1004=EDGE_CURVE('',#798,#677,#448,.F.);
#1005=EDGE_CURVE('',#676,#798,#449,.F.);
#1006=EDGE_CURVE('',#672,#798,#450,.T.);
#1007=EDGE_CURVE('',#781,#678,#451,.T.);
#1008=EDGE_CURVE('',#779,#679,#452,.T.);
#1009=EDGE_CURVE('',#777,#685,#453,.T.);
#1010=EDGE_CURVE('',#762,#686,#454,.T.);
#1011=EDGE_CURVE('',#760,#687,#455,.T.);
#1012=EDGE_CURVE('',#758,#693,#456,.T.);
#1013=EDGE_CURVE('',#724,#694,#457,.T.);
#1014=EDGE_CURVE('',#722,#695,#458,.T.);
#1015=EDGE_CURVE('',#720,#701,#459,.T.);
#1016=EDGE_CURVE('',#743,#702,#460,.T.);
#1017=EDGE_CURVE('',#741,#703,#461,.T.);
#1018=EDGE_CURVE('',#739,#709,#462,.T.);
#1019=ORIENTED_EDGE('',*,*,#799,.T.);
#1020=ORIENTED_EDGE('',*,*,#800,.T.);
#1021=ORIENTED_EDGE('',*,*,#801,.T.);
#1022=ORIENTED_EDGE('',*,*,#802,.T.);
#1023=ORIENTED_EDGE('',*,*,#803,.T.);
#1024=ORIENTED_EDGE('',*,*,#804,.T.);
#1025=ORIENTED_EDGE('',*,*,#805,.T.);
#1026=ORIENTED_EDGE('',*,*,#800,.F.);
#1027=ORIENTED_EDGE('',*,*,#806,.T.);
#1028=ORIENTED_EDGE('',*,*,#804,.F.);
#1029=ORIENTED_EDGE('',*,*,#807,.T.);
#1030=ORIENTED_EDGE('',*,*,#808,.T.);
#1031=ORIENTED_EDGE('',*,*,#809,.T.);
#1032=ORIENTED_EDGE('',*,*,#802,.F.);
#1033=ORIENTED_EDGE('',*,*,#810,.T.);
#1034=ORIENTED_EDGE('',*,*,#808,.F.);
#1035=ORIENTED_EDGE('',*,*,#810,.F.);
#1036=ORIENTED_EDGE('',*,*,#811,.T.);
#1037=ORIENTED_EDGE('',*,*,#812,.T.);
#1038=ORIENTED_EDGE('',*,*,#813,.F.);
#1039=ORIENTED_EDGE('',*,*,#801,.F.);
#1040=ORIENTED_EDGE('',*,*,#814,.T.);
#1041=ORIENTED_EDGE('',*,*,#815,.T.);
#1042=ORIENTED_EDGE('',*,*,#811,.F.);
#1043=ORIENTED_EDGE('',*,*,#799,.F.);
#1044=ORIENTED_EDGE('',*,*,#809,.F.);
#1045=ORIENTED_EDGE('',*,*,#807,.F.);
#1046=ORIENTED_EDGE('',*,*,#803,.F.);
#1047=ORIENTED_EDGE('',*,*,#816,.F.);
#1048=ORIENTED_EDGE('',*,*,#817,.F.);
#1049=ORIENTED_EDGE('',*,*,#818,.F.);
#1050=ORIENTED_EDGE('',*,*,#819,.F.);
#1051=ORIENTED_EDGE('',*,*,#820,.F.);
#1052=ORIENTED_EDGE('',*,*,#821,.F.);
#1053=ORIENTED_EDGE('',*,*,#822,.F.);
#1054=ORIENTED_EDGE('',*,*,#823,.F.);
#1055=ORIENTED_EDGE('',*,*,#824,.F.);
#1056=ORIENTED_EDGE('',*,*,#825,.F.);
#1057=ORIENTED_EDGE('',*,*,#826,.F.);
#1058=ORIENTED_EDGE('',*,*,#827,.F.);
#1059=ORIENTED_EDGE('',*,*,#828,.F.);
#1060=ORIENTED_EDGE('',*,*,#829,.F.);
#1061=ORIENTED_EDGE('',*,*,#830,.F.);
#1062=ORIENTED_EDGE('',*,*,#831,.F.);
#1063=ORIENTED_EDGE('',*,*,#832,.F.);
#1064=ORIENTED_EDGE('',*,*,#833,.F.);
#1065=ORIENTED_EDGE('',*,*,#834,.F.);
#1066=ORIENTED_EDGE('',*,*,#835,.F.);
#1067=ORIENTED_EDGE('',*,*,#836,.F.);
#1068=ORIENTED_EDGE('',*,*,#837,.F.);
#1069=ORIENTED_EDGE('',*,*,#838,.F.);
#1070=ORIENTED_EDGE('',*,*,#839,.F.);
#1071=ORIENTED_EDGE('',*,*,#840,.F.);
#1072=ORIENTED_EDGE('',*,*,#841,.F.);
#1073=ORIENTED_EDGE('',*,*,#842,.F.);
#1074=ORIENTED_EDGE('',*,*,#843,.F.);
#1075=ORIENTED_EDGE('',*,*,#844,.F.);
#1076=ORIENTED_EDGE('',*,*,#845,.F.);
#1077=ORIENTED_EDGE('',*,*,#846,.F.);
#1078=ORIENTED_EDGE('',*,*,#847,.F.);
#1079=ORIENTED_EDGE('',*,*,#848,.T.);
#1080=ORIENTED_EDGE('',*,*,#849,.T.);
#1081=ORIENTED_EDGE('',*,*,#850,.T.);
#1082=ORIENTED_EDGE('',*,*,#851,.F.);
#1083=ORIENTED_EDGE('',*,*,#852,.T.);
#1084=ORIENTED_EDGE('',*,*,#853,.T.);
#1085=ORIENTED_EDGE('',*,*,#854,.T.);
#1086=ORIENTED_EDGE('',*,*,#849,.F.);
#1087=ORIENTED_EDGE('',*,*,#855,.T.);
#1088=ORIENTED_EDGE('',*,*,#856,.T.);
#1089=ORIENTED_EDGE('',*,*,#857,.T.);
#1090=ORIENTED_EDGE('',*,*,#858,.T.);
#1091=ORIENTED_EDGE('',*,*,#859,.T.);
#1092=ORIENTED_EDGE('',*,*,#856,.F.);
#1093=ORIENTED_EDGE('',*,*,#860,.T.);
#1094=ORIENTED_EDGE('',*,*,#853,.F.);
#1095=ORIENTED_EDGE('',*,*,#861,.T.);
#1096=ORIENTED_EDGE('',*,*,#858,.F.);
#1097=ORIENTED_EDGE('',*,*,#862,.T.);
#1098=ORIENTED_EDGE('',*,*,#863,.T.);
#1099=ORIENTED_EDGE('',*,*,#864,.T.);
#1100=ORIENTED_EDGE('',*,*,#863,.F.);
#1101=ORIENTED_EDGE('',*,*,#865,.T.);
#1102=ORIENTED_EDGE('',*,*,#866,.T.);
#1103=ORIENTED_EDGE('',*,*,#867,.T.);
#1104=ORIENTED_EDGE('',*,*,#866,.F.);
#1105=ORIENTED_EDGE('',*,*,#868,.T.);
#1106=ORIENTED_EDGE('',*,*,#869,.T.);
#1107=ORIENTED_EDGE('',*,*,#870,.T.);
#1108=ORIENTED_EDGE('',*,*,#869,.F.);
#1109=ORIENTED_EDGE('',*,*,#871,.T.);
#1110=ORIENTED_EDGE('',*,*,#851,.T.);
#1111=ORIENTED_EDGE('',*,*,#850,.F.);
#1112=ORIENTED_EDGE('',*,*,#872,.T.);
#1113=ORIENTED_EDGE('',*,*,#834,.T.);
#1114=ORIENTED_EDGE('',*,*,#873,.F.);
#1115=ORIENTED_EDGE('',*,*,#854,.F.);
#1116=ORIENTED_EDGE('',*,*,#874,.T.);
#1117=ORIENTED_EDGE('',*,*,#835,.T.);
#1118=ORIENTED_EDGE('',*,*,#872,.F.);
#1119=ORIENTED_EDGE('',*,*,#860,.F.);
#1120=ORIENTED_EDGE('',*,*,#875,.T.);
#1121=ORIENTED_EDGE('',*,*,#836,.T.);
#1122=ORIENTED_EDGE('',*,*,#874,.F.);
#1123=ORIENTED_EDGE('',*,*,#855,.F.);
#1124=ORIENTED_EDGE('',*,*,#876,.T.);
#1125=ORIENTED_EDGE('',*,*,#837,.T.);
#1126=ORIENTED_EDGE('',*,*,#875,.F.);
#1127=ORIENTED_EDGE('',*,*,#857,.F.);
#1128=ORIENTED_EDGE('',*,*,#859,.F.);
#1129=ORIENTED_EDGE('',*,*,#852,.F.);
#1130=ORIENTED_EDGE('',*,*,#848,.F.);
#1131=ORIENTED_EDGE('',*,*,#871,.F.);
#1132=ORIENTED_EDGE('',*,*,#868,.F.);
#1133=ORIENTED_EDGE('',*,*,#865,.F.);
#1134=ORIENTED_EDGE('',*,*,#862,.F.);
#1135=ORIENTED_EDGE('',*,*,#877,.F.);
#1136=ORIENTED_EDGE('',*,*,#878,.T.);
#1137=ORIENTED_EDGE('',*,*,#879,.T.);
#1138=ORIENTED_EDGE('',*,*,#877,.T.);
#1139=ORIENTED_EDGE('',*,*,#879,.F.);
#1140=ORIENTED_EDGE('',*,*,#880,.T.);
#1141=ORIENTED_EDGE('',*,*,#881,.T.);
#1142=ORIENTED_EDGE('',*,*,#878,.F.);
#1143=ORIENTED_EDGE('',*,*,#881,.F.);
#1144=ORIENTED_EDGE('',*,*,#882,.T.);
#1145=ORIENTED_EDGE('',*,*,#883,.T.);
#1146=ORIENTED_EDGE('',*,*,#884,.T.);
#1147=ORIENTED_EDGE('',*,*,#885,.F.);
#1148=ORIENTED_EDGE('',*,*,#886,.T.);
#1149=ORIENTED_EDGE('',*,*,#887,.T.);
#1150=ORIENTED_EDGE('',*,*,#888,.T.);
#1151=ORIENTED_EDGE('',*,*,#883,.F.);
#1152=ORIENTED_EDGE('',*,*,#889,.T.);
#1153=ORIENTED_EDGE('',*,*,#890,.T.);
#1154=ORIENTED_EDGE('',*,*,#891,.T.);
#1155=ORIENTED_EDGE('',*,*,#892,.T.);
#1156=ORIENTED_EDGE('',*,*,#893,.T.);
#1157=ORIENTED_EDGE('',*,*,#890,.F.);
#1158=ORIENTED_EDGE('',*,*,#894,.T.);
#1159=ORIENTED_EDGE('',*,*,#887,.F.);
#1160=ORIENTED_EDGE('',*,*,#895,.T.);
#1161=ORIENTED_EDGE('',*,*,#892,.F.);
#1162=ORIENTED_EDGE('',*,*,#896,.T.);
#1163=ORIENTED_EDGE('',*,*,#897,.T.);
#1164=ORIENTED_EDGE('',*,*,#898,.T.);
#1165=ORIENTED_EDGE('',*,*,#897,.F.);
#1166=ORIENTED_EDGE('',*,*,#899,.T.);
#1167=ORIENTED_EDGE('',*,*,#900,.T.);
#1168=ORIENTED_EDGE('',*,*,#901,.T.);
#1169=ORIENTED_EDGE('',*,*,#900,.F.);
#1170=ORIENTED_EDGE('',*,*,#902,.T.);
#1171=ORIENTED_EDGE('',*,*,#903,.T.);
#1172=ORIENTED_EDGE('',*,*,#904,.T.);
#1173=ORIENTED_EDGE('',*,*,#903,.F.);
#1174=ORIENTED_EDGE('',*,*,#905,.T.);
#1175=ORIENTED_EDGE('',*,*,#885,.T.);
#1176=ORIENTED_EDGE('',*,*,#884,.F.);
#1177=ORIENTED_EDGE('',*,*,#906,.T.);
#1178=ORIENTED_EDGE('',*,*,#842,.T.);
#1179=ORIENTED_EDGE('',*,*,#907,.F.);
#1180=ORIENTED_EDGE('',*,*,#888,.F.);
#1181=ORIENTED_EDGE('',*,*,#908,.T.);
#1182=ORIENTED_EDGE('',*,*,#843,.T.);
#1183=ORIENTED_EDGE('',*,*,#906,.F.);
#1184=ORIENTED_EDGE('',*,*,#894,.F.);
#1185=ORIENTED_EDGE('',*,*,#909,.T.);
#1186=ORIENTED_EDGE('',*,*,#844,.T.);
#1187=ORIENTED_EDGE('',*,*,#908,.F.);
#1188=ORIENTED_EDGE('',*,*,#889,.F.);
#1189=ORIENTED_EDGE('',*,*,#910,.T.);
#1190=ORIENTED_EDGE('',*,*,#845,.T.);
#1191=ORIENTED_EDGE('',*,*,#909,.F.);
#1192=ORIENTED_EDGE('',*,*,#891,.F.);
#1193=ORIENTED_EDGE('',*,*,#893,.F.);
#1194=ORIENTED_EDGE('',*,*,#886,.F.);
#1195=ORIENTED_EDGE('',*,*,#882,.F.);
#1196=ORIENTED_EDGE('',*,*,#905,.F.);
#1197=ORIENTED_EDGE('',*,*,#902,.F.);
#1198=ORIENTED_EDGE('',*,*,#899,.F.);
#1199=ORIENTED_EDGE('',*,*,#896,.F.);
#1200=ORIENTED_EDGE('',*,*,#911,.F.);
#1201=ORIENTED_EDGE('',*,*,#912,.T.);
#1202=ORIENTED_EDGE('',*,*,#913,.T.);
#1203=ORIENTED_EDGE('',*,*,#911,.T.);
#1204=ORIENTED_EDGE('',*,*,#913,.F.);
#1205=ORIENTED_EDGE('',*,*,#914,.T.);
#1206=ORIENTED_EDGE('',*,*,#915,.T.);
#1207=ORIENTED_EDGE('',*,*,#912,.F.);
#1208=ORIENTED_EDGE('',*,*,#915,.F.);
#1209=ORIENTED_EDGE('',*,*,#916,.T.);
#1210=ORIENTED_EDGE('',*,*,#917,.T.);
#1211=ORIENTED_EDGE('',*,*,#918,.T.);
#1212=ORIENTED_EDGE('',*,*,#919,.F.);
#1213=ORIENTED_EDGE('',*,*,#920,.T.);
#1214=ORIENTED_EDGE('',*,*,#921,.T.);
#1215=ORIENTED_EDGE('',*,*,#922,.T.);
#1216=ORIENTED_EDGE('',*,*,#917,.F.);
#1217=ORIENTED_EDGE('',*,*,#923,.T.);
#1218=ORIENTED_EDGE('',*,*,#924,.T.);
#1219=ORIENTED_EDGE('',*,*,#925,.T.);
#1220=ORIENTED_EDGE('',*,*,#926,.T.);
#1221=ORIENTED_EDGE('',*,*,#927,.T.);
#1222=ORIENTED_EDGE('',*,*,#924,.F.);
#1223=ORIENTED_EDGE('',*,*,#928,.T.);
#1224=ORIENTED_EDGE('',*,*,#921,.F.);
#1225=ORIENTED_EDGE('',*,*,#929,.T.);
#1226=ORIENTED_EDGE('',*,*,#926,.F.);
#1227=ORIENTED_EDGE('',*,*,#930,.T.);
#1228=ORIENTED_EDGE('',*,*,#931,.T.);
#1229=ORIENTED_EDGE('',*,*,#932,.T.);
#1230=ORIENTED_EDGE('',*,*,#931,.F.);
#1231=ORIENTED_EDGE('',*,*,#933,.T.);
#1232=ORIENTED_EDGE('',*,*,#934,.T.);
#1233=ORIENTED_EDGE('',*,*,#935,.T.);
#1234=ORIENTED_EDGE('',*,*,#934,.F.);
#1235=ORIENTED_EDGE('',*,*,#936,.T.);
#1236=ORIENTED_EDGE('',*,*,#937,.T.);
#1237=ORIENTED_EDGE('',*,*,#938,.T.);
#1238=ORIENTED_EDGE('',*,*,#937,.F.);
#1239=ORIENTED_EDGE('',*,*,#939,.T.);
#1240=ORIENTED_EDGE('',*,*,#919,.T.);
#1241=ORIENTED_EDGE('',*,*,#918,.F.);
#1242=ORIENTED_EDGE('',*,*,#940,.T.);
#1243=ORIENTED_EDGE('',*,*,#826,.T.);
#1244=ORIENTED_EDGE('',*,*,#941,.F.);
#1245=ORIENTED_EDGE('',*,*,#922,.F.);
#1246=ORIENTED_EDGE('',*,*,#942,.T.);
#1247=ORIENTED_EDGE('',*,*,#827,.T.);
#1248=ORIENTED_EDGE('',*,*,#940,.F.);
#1249=ORIENTED_EDGE('',*,*,#928,.F.);
#1250=ORIENTED_EDGE('',*,*,#943,.T.);
#1251=ORIENTED_EDGE('',*,*,#828,.T.);
#1252=ORIENTED_EDGE('',*,*,#942,.F.);
#1253=ORIENTED_EDGE('',*,*,#923,.F.);
#1254=ORIENTED_EDGE('',*,*,#944,.T.);
#1255=ORIENTED_EDGE('',*,*,#829,.T.);
#1256=ORIENTED_EDGE('',*,*,#943,.F.);
#1257=ORIENTED_EDGE('',*,*,#925,.F.);
#1258=ORIENTED_EDGE('',*,*,#927,.F.);
#1259=ORIENTED_EDGE('',*,*,#920,.F.);
#1260=ORIENTED_EDGE('',*,*,#916,.F.);
#1261=ORIENTED_EDGE('',*,*,#939,.F.);
#1262=ORIENTED_EDGE('',*,*,#936,.F.);
#1263=ORIENTED_EDGE('',*,*,#933,.F.);
#1264=ORIENTED_EDGE('',*,*,#930,.F.);
#1265=ORIENTED_EDGE('',*,*,#945,.F.);
#1266=ORIENTED_EDGE('',*,*,#946,.T.);
#1267=ORIENTED_EDGE('',*,*,#947,.T.);
#1268=ORIENTED_EDGE('',*,*,#945,.T.);
#1269=ORIENTED_EDGE('',*,*,#947,.F.);
#1270=ORIENTED_EDGE('',*,*,#948,.T.);
#1271=ORIENTED_EDGE('',*,*,#949,.T.);
#1272=ORIENTED_EDGE('',*,*,#946,.F.);
#1273=ORIENTED_EDGE('',*,*,#949,.F.);
#1274=ORIENTED_EDGE('',*,*,#950,.T.);
#1275=ORIENTED_EDGE('',*,*,#951,.T.);
#1276=ORIENTED_EDGE('',*,*,#952,.T.);
#1277=ORIENTED_EDGE('',*,*,#953,.F.);
#1278=ORIENTED_EDGE('',*,*,#954,.T.);
#1279=ORIENTED_EDGE('',*,*,#955,.T.);
#1280=ORIENTED_EDGE('',*,*,#956,.T.);
#1281=ORIENTED_EDGE('',*,*,#951,.F.);
#1282=ORIENTED_EDGE('',*,*,#957,.T.);
#1283=ORIENTED_EDGE('',*,*,#958,.T.);
#1284=ORIENTED_EDGE('',*,*,#959,.T.);
#1285=ORIENTED_EDGE('',*,*,#960,.T.);
#1286=ORIENTED_EDGE('',*,*,#961,.T.);
#1287=ORIENTED_EDGE('',*,*,#958,.F.);
#1288=ORIENTED_EDGE('',*,*,#962,.T.);
#1289=ORIENTED_EDGE('',*,*,#955,.F.);
#1290=ORIENTED_EDGE('',*,*,#963,.T.);
#1291=ORIENTED_EDGE('',*,*,#960,.F.);
#1292=ORIENTED_EDGE('',*,*,#964,.T.);
#1293=ORIENTED_EDGE('',*,*,#965,.T.);
#1294=ORIENTED_EDGE('',*,*,#966,.T.);
#1295=ORIENTED_EDGE('',*,*,#965,.F.);
#1296=ORIENTED_EDGE('',*,*,#967,.T.);
#1297=ORIENTED_EDGE('',*,*,#968,.T.);
#1298=ORIENTED_EDGE('',*,*,#969,.T.);
#1299=ORIENTED_EDGE('',*,*,#968,.F.);
#1300=ORIENTED_EDGE('',*,*,#970,.T.);
#1301=ORIENTED_EDGE('',*,*,#971,.T.);
#1302=ORIENTED_EDGE('',*,*,#972,.T.);
#1303=ORIENTED_EDGE('',*,*,#971,.F.);
#1304=ORIENTED_EDGE('',*,*,#973,.T.);
#1305=ORIENTED_EDGE('',*,*,#953,.T.);
#1306=ORIENTED_EDGE('',*,*,#952,.F.);
#1307=ORIENTED_EDGE('',*,*,#974,.T.);
#1308=ORIENTED_EDGE('',*,*,#818,.T.);
#1309=ORIENTED_EDGE('',*,*,#975,.F.);
#1310=ORIENTED_EDGE('',*,*,#956,.F.);
#1311=ORIENTED_EDGE('',*,*,#976,.T.);
#1312=ORIENTED_EDGE('',*,*,#819,.T.);
#1313=ORIENTED_EDGE('',*,*,#974,.F.);
#1314=ORIENTED_EDGE('',*,*,#962,.F.);
#1315=ORIENTED_EDGE('',*,*,#977,.T.);
#1316=ORIENTED_EDGE('',*,*,#820,.T.);
#1317=ORIENTED_EDGE('',*,*,#976,.F.);
#1318=ORIENTED_EDGE('',*,*,#957,.F.);
#1319=ORIENTED_EDGE('',*,*,#978,.T.);
#1320=ORIENTED_EDGE('',*,*,#821,.T.);
#1321=ORIENTED_EDGE('',*,*,#977,.F.);
#1322=ORIENTED_EDGE('',*,*,#959,.F.);
#1323=ORIENTED_EDGE('',*,*,#961,.F.);
#1324=ORIENTED_EDGE('',*,*,#954,.F.);
#1325=ORIENTED_EDGE('',*,*,#950,.F.);
#1326=ORIENTED_EDGE('',*,*,#973,.F.);
#1327=ORIENTED_EDGE('',*,*,#970,.F.);
#1328=ORIENTED_EDGE('',*,*,#967,.F.);
#1329=ORIENTED_EDGE('',*,*,#964,.F.);
#1330=ORIENTED_EDGE('',*,*,#979,.F.);
#1331=ORIENTED_EDGE('',*,*,#980,.T.);
#1332=ORIENTED_EDGE('',*,*,#981,.T.);
#1333=ORIENTED_EDGE('',*,*,#979,.T.);
#1334=ORIENTED_EDGE('',*,*,#981,.F.);
#1335=ORIENTED_EDGE('',*,*,#982,.T.);
#1336=ORIENTED_EDGE('',*,*,#983,.T.);
#1337=ORIENTED_EDGE('',*,*,#980,.F.);
#1338=ORIENTED_EDGE('',*,*,#983,.F.);
#1339=ORIENTED_EDGE('',*,*,#984,.T.);
#1340=ORIENTED_EDGE('',*,*,#985,.T.);
#1341=ORIENTED_EDGE('',*,*,#986,.T.);
#1342=ORIENTED_EDGE('',*,*,#987,.T.);
#1343=ORIENTED_EDGE('',*,*,#988,.T.);
#1344=ORIENTED_EDGE('',*,*,#989,.T.);
#1345=ORIENTED_EDGE('',*,*,#990,.T.);
#1346=ORIENTED_EDGE('',*,*,#987,.F.);
#1347=ORIENTED_EDGE('',*,*,#991,.T.);
#1348=ORIENTED_EDGE('',*,*,#989,.F.);
#1349=ORIENTED_EDGE('',*,*,#992,.T.);
#1350=ORIENTED_EDGE('',*,*,#993,.T.);
#1351=ORIENTED_EDGE('',*,*,#994,.T.);
#1352=ORIENTED_EDGE('',*,*,#993,.F.);
#1353=ORIENTED_EDGE('',*,*,#995,.T.);
#1354=ORIENTED_EDGE('',*,*,#985,.F.);
#1355=ORIENTED_EDGE('',*,*,#988,.F.);
#1356=ORIENTED_EDGE('',*,*,#996,.T.);
#1357=ORIENTED_EDGE('',*,*,#997,.T.);
#1358=ORIENTED_EDGE('',*,*,#998,.F.);
#1359=ORIENTED_EDGE('',*,*,#986,.F.);
#1360=ORIENTED_EDGE('',*,*,#999,.T.);
#1361=ORIENTED_EDGE('',*,*,#1000,.T.);
#1362=ORIENTED_EDGE('',*,*,#996,.F.);
#1363=ORIENTED_EDGE('',*,*,#984,.F.);
#1364=ORIENTED_EDGE('',*,*,#990,.F.);
#1365=ORIENTED_EDGE('',*,*,#991,.F.);
#1366=ORIENTED_EDGE('',*,*,#994,.F.);
#1367=ORIENTED_EDGE('',*,*,#992,.F.);
#1368=ORIENTED_EDGE('',*,*,#998,.T.);
#1369=ORIENTED_EDGE('',*,*,#1001,.T.);
#1370=ORIENTED_EDGE('',*,*,#1002,.F.);
#1371=ORIENTED_EDGE('',*,*,#995,.F.);
#1372=ORIENTED_EDGE('',*,*,#1002,.T.);
#1373=ORIENTED_EDGE('',*,*,#1003,.T.);
#1374=ORIENTED_EDGE('',*,*,#999,.F.);
#1375=ORIENTED_EDGE('',*,*,#812,.F.);
#1376=ORIENTED_EDGE('',*,*,#815,.F.);
#1377=ORIENTED_EDGE('',*,*,#1004,.F.);
#1378=ORIENTED_EDGE('',*,*,#1005,.F.);
#1379=ORIENTED_EDGE('',*,*,#1001,.F.);
#1380=ORIENTED_EDGE('',*,*,#997,.F.);
#1381=ORIENTED_EDGE('',*,*,#1000,.F.);
#1382=ORIENTED_EDGE('',*,*,#1003,.F.);
#1383=ORIENTED_EDGE('',*,*,#806,.F.);
#1384=ORIENTED_EDGE('',*,*,#813,.T.);
#1385=ORIENTED_EDGE('',*,*,#1005,.T.);
#1386=ORIENTED_EDGE('',*,*,#1006,.F.);
#1387=ORIENTED_EDGE('',*,*,#805,.F.);
#1388=ORIENTED_EDGE('',*,*,#1006,.T.);
#1389=ORIENTED_EDGE('',*,*,#1004,.T.);
#1390=ORIENTED_EDGE('',*,*,#814,.F.);
#1391=ORIENTED_EDGE('',*,*,#982,.F.);
#1392=ORIENTED_EDGE('',*,*,#969,.F.);
#1393=ORIENTED_EDGE('',*,*,#1007,.T.);
#1394=ORIENTED_EDGE('',*,*,#816,.T.);
#1395=ORIENTED_EDGE('',*,*,#1008,.F.);
#1396=ORIENTED_EDGE('',*,*,#966,.F.);
#1397=ORIENTED_EDGE('',*,*,#1008,.T.);
#1398=ORIENTED_EDGE('',*,*,#823,.T.);
#1399=ORIENTED_EDGE('',*,*,#1009,.F.);
#1400=ORIENTED_EDGE('',*,*,#963,.F.);
#1401=ORIENTED_EDGE('',*,*,#1009,.T.);
#1402=ORIENTED_EDGE('',*,*,#822,.T.);
#1403=ORIENTED_EDGE('',*,*,#978,.F.);
#1404=ORIENTED_EDGE('',*,*,#972,.F.);
#1405=ORIENTED_EDGE('',*,*,#975,.T.);
#1406=ORIENTED_EDGE('',*,*,#817,.T.);
#1407=ORIENTED_EDGE('',*,*,#1007,.F.);
#1408=ORIENTED_EDGE('',*,*,#948,.F.);
#1409=ORIENTED_EDGE('',*,*,#935,.F.);
#1410=ORIENTED_EDGE('',*,*,#1010,.T.);
#1411=ORIENTED_EDGE('',*,*,#824,.T.);
#1412=ORIENTED_EDGE('',*,*,#1011,.F.);
#1413=ORIENTED_EDGE('',*,*,#932,.F.);
#1414=ORIENTED_EDGE('',*,*,#1011,.T.);
#1415=ORIENTED_EDGE('',*,*,#831,.T.);
#1416=ORIENTED_EDGE('',*,*,#1012,.F.);
#1417=ORIENTED_EDGE('',*,*,#929,.F.);
#1418=ORIENTED_EDGE('',*,*,#1012,.T.);
#1419=ORIENTED_EDGE('',*,*,#830,.T.);
#1420=ORIENTED_EDGE('',*,*,#944,.F.);
#1421=ORIENTED_EDGE('',*,*,#938,.F.);
#1422=ORIENTED_EDGE('',*,*,#941,.T.);
#1423=ORIENTED_EDGE('',*,*,#825,.T.);
#1424=ORIENTED_EDGE('',*,*,#1010,.F.);
#1425=ORIENTED_EDGE('',*,*,#880,.F.);
#1426=ORIENTED_EDGE('',*,*,#867,.F.);
#1427=ORIENTED_EDGE('',*,*,#1013,.T.);
#1428=ORIENTED_EDGE('',*,*,#832,.T.);
#1429=ORIENTED_EDGE('',*,*,#1014,.F.);
#1430=ORIENTED_EDGE('',*,*,#864,.F.);
#1431=ORIENTED_EDGE('',*,*,#1014,.T.);
#1432=ORIENTED_EDGE('',*,*,#839,.T.);
#1433=ORIENTED_EDGE('',*,*,#1015,.F.);
#1434=ORIENTED_EDGE('',*,*,#861,.F.);
#1435=ORIENTED_EDGE('',*,*,#1015,.T.);
#1436=ORIENTED_EDGE('',*,*,#838,.T.);
#1437=ORIENTED_EDGE('',*,*,#876,.F.);
#1438=ORIENTED_EDGE('',*,*,#870,.F.);
#1439=ORIENTED_EDGE('',*,*,#873,.T.);
#1440=ORIENTED_EDGE('',*,*,#833,.T.);
#1441=ORIENTED_EDGE('',*,*,#1013,.F.);
#1442=ORIENTED_EDGE('',*,*,#914,.F.);
#1443=ORIENTED_EDGE('',*,*,#901,.F.);
#1444=ORIENTED_EDGE('',*,*,#1016,.T.);
#1445=ORIENTED_EDGE('',*,*,#840,.T.);
#1446=ORIENTED_EDGE('',*,*,#1017,.F.);
#1447=ORIENTED_EDGE('',*,*,#898,.F.);
#1448=ORIENTED_EDGE('',*,*,#1017,.T.);
#1449=ORIENTED_EDGE('',*,*,#847,.T.);
#1450=ORIENTED_EDGE('',*,*,#1018,.F.);
#1451=ORIENTED_EDGE('',*,*,#895,.F.);
#1452=ORIENTED_EDGE('',*,*,#1018,.T.);
#1453=ORIENTED_EDGE('',*,*,#846,.T.);
#1454=ORIENTED_EDGE('',*,*,#910,.F.);
#1455=ORIENTED_EDGE('',*,*,#904,.F.);
#1456=ORIENTED_EDGE('',*,*,#907,.T.);
#1457=ORIENTED_EDGE('',*,*,#841,.T.);
#1458=ORIENTED_EDGE('',*,*,#1016,.F.);
#1459=PLANE('',#1706);
#1460=PLANE('',#1707);
#1461=PLANE('',#1708);
#1462=PLANE('',#1709);
#1463=PLANE('',#1710);
#1464=PLANE('',#1711);
#1465=PLANE('',#1712);
#1466=PLANE('',#1713);
#1467=PLANE('',#1714);
#1468=PLANE('',#1715);
#1469=PLANE('',#1716);
#1470=PLANE('',#1717);
#1471=PLANE('',#1718);
#1472=PLANE('',#1719);
#1473=PLANE('',#1720);
#1474=PLANE('',#1721);
#1475=PLANE('',#1722);
#1476=PLANE('',#1723);
#1477=PLANE('',#1724);
#1478=PLANE('',#1725);
#1479=PLANE('',#1731);
#1480=PLANE('',#1732);
#1481=PLANE('',#1733);
#1482=PLANE('',#1734);
#1483=PLANE('',#1735);
#1484=PLANE('',#1736);
#1485=PLANE('',#1737);
#1486=PLANE('',#1738);
#1487=PLANE('',#1739);
#1488=PLANE('',#1740);
#1489=PLANE('',#1741);
#1490=PLANE('',#1742);
#1491=PLANE('',#1743);
#1492=PLANE('',#1749);
#1493=PLANE('',#1750);
#1494=PLANE('',#1751);
#1495=PLANE('',#1752);
#1496=PLANE('',#1753);
#1497=PLANE('',#1754);
#1498=PLANE('',#1755);
#1499=PLANE('',#1756);
#1500=PLANE('',#1757);
#1501=PLANE('',#1758);
#1502=PLANE('',#1759);
#1503=PLANE('',#1760);
#1504=PLANE('',#1761);
#1505=PLANE('',#1767);
#1506=PLANE('',#1768);
#1507=PLANE('',#1769);
#1508=PLANE('',#1770);
#1509=PLANE('',#1771);
#1510=PLANE('',#1772);
#1511=PLANE('',#1773);
#1512=PLANE('',#1774);
#1513=PLANE('',#1775);
#1514=PLANE('',#1776);
#1515=PLANE('',#1777);
#1516=PLANE('',#1778);
#1517=PLANE('',#1779);
#1518=PLANE('',#1793);
#1519=PLANE('',#1794);
#1520=PLANE('',#1795);
#1521=PLANE('',#1796);
#1522=PLANE('',#1797);
#1523=PLANE('',#1798);
#1524=PLANE('',#1799);
#1525=PLANE('',#1800);
#1526=PLANE('',#1801);
#1527=PLANE('',#1802);
#1528=PLANE('',#1803);
#1529=PLANE('',#1804);
#1530=PLANE('',#1805);
#1531=PLANE('',#1806);
#1532=PLANE('',#1807);
#1533=PLANE('',#1808);
#1534=PLANE('',#1809);
#1535=PLANE('',#1810);
#1536=PLANE('',#1811);
#1537=PLANE('',#1812);
#1538=PLANE('',#1813);
#1539=PLANE('',#1814);
#1540=PLANE('',#1815);
#1541=PLANE('',#1816);
#1542=PLANE('',#1817);
#1543=PLANE('',#1818);
#1544=PLANE('',#1819);
#1545=PLANE('',#1820);
#1546=ADVANCED_FACE('',(#52),#1459,.T.);
#1547=ADVANCED_FACE('',(#53),#1460,.T.);
#1548=ADVANCED_FACE('',(#54),#1461,.T.);
#1549=ADVANCED_FACE('',(#55),#1462,.T.);
#1550=ADVANCED_FACE('',(#56),#1463,.T.);
#1551=ADVANCED_FACE('',(#57),#1464,.T.);
#1552=ADVANCED_FACE('',(#58,#43,#44,#45,#46),#1465,.F.);
#1553=ADVANCED_FACE('',(#59),#1466,.T.);
#1554=ADVANCED_FACE('',(#60),#1467,.T.);
#1555=ADVANCED_FACE('',(#61),#1468,.T.);
#1556=ADVANCED_FACE('',(#62),#1469,.T.);
#1557=ADVANCED_FACE('',(#63),#1470,.T.);
#1558=ADVANCED_FACE('',(#64),#1471,.T.);
#1559=ADVANCED_FACE('',(#65),#1472,.T.);
#1560=ADVANCED_FACE('',(#66),#1473,.T.);
#1561=ADVANCED_FACE('',(#67),#1474,.T.);
#1562=ADVANCED_FACE('',(#68),#1475,.T.);
#1563=ADVANCED_FACE('',(#69),#1476,.T.);
#1564=ADVANCED_FACE('',(#70),#1477,.T.);
#1565=ADVANCED_FACE('',(#71,#47),#1478,.T.);
#1566=ADVANCED_FACE('',(#72),#27,.F.);
#1567=ADVANCED_FACE('',(#73),#19,.F.);
#1568=ADVANCED_FACE('',(#74),#1479,.T.);
#1569=ADVANCED_FACE('',(#75),#1480,.T.);
#1570=ADVANCED_FACE('',(#76),#1481,.T.);
#1571=ADVANCED_FACE('',(#77),#1482,.T.);
#1572=ADVANCED_FACE('',(#78),#1483,.T.);
#1573=ADVANCED_FACE('',(#79),#1484,.T.);
#1574=ADVANCED_FACE('',(#80),#1485,.T.);
#1575=ADVANCED_FACE('',(#81),#1486,.T.);
#1576=ADVANCED_FACE('',(#82),#1487,.T.);
#1577=ADVANCED_FACE('',(#83),#1488,.T.);
#1578=ADVANCED_FACE('',(#84),#1489,.T.);
#1579=ADVANCED_FACE('',(#85),#1490,.T.);
#1580=ADVANCED_FACE('',(#86,#48),#1491,.T.);
#1581=ADVANCED_FACE('',(#87),#28,.F.);
#1582=ADVANCED_FACE('',(#88),#20,.F.);
#1583=ADVANCED_FACE('',(#89),#1492,.T.);
#1584=ADVANCED_FACE('',(#90),#1493,.T.);
#1585=ADVANCED_FACE('',(#91),#1494,.T.);
#1586=ADVANCED_FACE('',(#92),#1495,.T.);
#1587=ADVANCED_FACE('',(#93),#1496,.T.);
#1588=ADVANCED_FACE('',(#94),#1497,.T.);
#1589=ADVANCED_FACE('',(#95),#1498,.T.);
#1590=ADVANCED_FACE('',(#96),#1499,.T.);
#1591=ADVANCED_FACE('',(#97),#1500,.T.);
#1592=ADVANCED_FACE('',(#98),#1501,.T.);
#1593=ADVANCED_FACE('',(#99),#1502,.T.);
#1594=ADVANCED_FACE('',(#100),#1503,.T.);
#1595=ADVANCED_FACE('',(#101,#49),#1504,.T.);
#1596=ADVANCED_FACE('',(#102),#29,.F.);
#1597=ADVANCED_FACE('',(#103),#21,.F.);
#1598=ADVANCED_FACE('',(#104),#1505,.T.);
#1599=ADVANCED_FACE('',(#105),#1506,.T.);
#1600=ADVANCED_FACE('',(#106),#1507,.T.);
#1601=ADVANCED_FACE('',(#107),#1508,.T.);
#1602=ADVANCED_FACE('',(#108),#1509,.T.);
#1603=ADVANCED_FACE('',(#109),#1510,.T.);
#1604=ADVANCED_FACE('',(#110),#1511,.T.);
#1605=ADVANCED_FACE('',(#111),#1512,.T.);
#1606=ADVANCED_FACE('',(#112),#1513,.T.);
#1607=ADVANCED_FACE('',(#113),#1514,.T.);
#1608=ADVANCED_FACE('',(#114),#1515,.T.);
#1609=ADVANCED_FACE('',(#115),#1516,.T.);
#1610=ADVANCED_FACE('',(#116,#50),#1517,.T.);
#1611=ADVANCED_FACE('',(#117),#30,.F.);
#1612=ADVANCED_FACE('',(#118),#22,.F.);
#1613=ADVANCED_FACE('',(#119),#23,.F.);
#1614=ADVANCED_FACE('',(#120),#24,.F.);
#1615=ADVANCED_FACE('',(#121),#25,.F.);
#1616=ADVANCED_FACE('',(#122),#26,.F.);
#1617=ADVANCED_FACE('',(#123),#1518,.T.);
#1618=ADVANCED_FACE('',(#124),#1519,.T.);
#1619=ADVANCED_FACE('',(#125),#1520,.T.);
#1620=ADVANCED_FACE('',(#126),#1521,.T.);
#1621=ADVANCED_FACE('',(#127),#1522,.T.);
#1622=ADVANCED_FACE('',(#128,#51),#1523,.T.);
#1623=ADVANCED_FACE('',(#129),#1524,.T.);
#1624=ADVANCED_FACE('',(#130),#1525,.T.);
#1625=ADVANCED_FACE('',(#131),#1526,.F.);
#1626=ADVANCED_FACE('',(#132),#1527,.T.);
#1627=ADVANCED_FACE('',(#133),#1528,.T.);
#1628=ADVANCED_FACE('',(#134),#1529,.T.);
#1629=ADVANCED_FACE('',(#135),#1530,.T.);
#1630=ADVANCED_FACE('',(#136),#1531,.F.);
#1631=ADVANCED_FACE('',(#137),#1532,.T.);
#1632=ADVANCED_FACE('',(#138),#1533,.T.);
#1633=ADVANCED_FACE('',(#139),#1534,.T.);
#1634=ADVANCED_FACE('',(#140),#1535,.T.);
#1635=ADVANCED_FACE('',(#141),#1536,.F.);
#1636=ADVANCED_FACE('',(#142),#1537,.T.);
#1637=ADVANCED_FACE('',(#143),#1538,.T.);
#1638=ADVANCED_FACE('',(#144),#1539,.T.);
#1639=ADVANCED_FACE('',(#145),#1540,.T.);
#1640=ADVANCED_FACE('',(#146),#1541,.F.);
#1641=ADVANCED_FACE('',(#147),#1542,.T.);
#1642=ADVANCED_FACE('',(#148),#1543,.T.);
#1643=ADVANCED_FACE('',(#149),#1544,.T.);
#1644=ADVANCED_FACE('',(#150),#1545,.T.);
#1645=CLOSED_SHELL('',(#1546,#1547,#1548,#1549,#1550,#1551,#1552,#1553,
#1554,#1555,#1556,#1557,#1558,#1559,#1560,#1561,#1562,#1563,#1564,#1565,
#1566,#1567,#1568,#1569,#1570,#1571,#1572,#1573,#1574,#1575,#1576,#1577,
#1578,#1579,#1580,#1581,#1582,#1583,#1584,#1585,#1586,#1587,#1588,#1589,
#1590,#1591,#1592,#1593,#1594,#1595,#1596,#1597,#1598,#1599,#1600,#1601,
#1602,#1603,#1604,#1605,#1606,#1607,#1608,#1609,#1610,#1611,#1612,#1613,
#1614,#1615,#1616,#1617,#1618,#1619,#1620,#1621,#1622,#1623,#1624,#1625,
#1626,#1627,#1628,#1629,#1630,#1631,#1632,#1633,#1634,#1635,#1636,#1637,
#1638,#1639,#1640,#1641,#1642,#1643,#1644));
#1646=ITEM_DEFINED_TRANSFORMATION($,$,#1700,#1701);
#1647=ITEM_DEFINED_TRANSFORMATION($,$,#1705,#1821);
#1648=ITEM_DEFINED_TRANSFORMATION($,$,#1704,#1822);
#1649=ITEM_DEFINED_TRANSFORMATION($,$,#1703,#1823);
#1650=ITEM_DEFINED_TRANSFORMATION($,$,#1699,#1824);
#1651=ITEM_DEFINED_TRANSFORMATION($,$,#1702,#1825);
#1652=ITEM_DEFINED_TRANSFORMATION($,$,#1698,#1826);
#1653=(
REPRESENTATION_RELATIONSHIP($,$,#2805,#2804)
REPRESENTATION_RELATIONSHIP_WITH_TRANSFORMATION(#1646)
SHAPE_REPRESENTATION_RELATIONSHIP()
);
#1654=(
REPRESENTATION_RELATIONSHIP($,$,#2809,#2808)
REPRESENTATION_RELATIONSHIP_WITH_TRANSFORMATION(#1647)
SHAPE_REPRESENTATION_RELATIONSHIP()
);
#1655=(
REPRESENTATION_RELATIONSHIP($,$,#2808,#2807)
REPRESENTATION_RELATIONSHIP_WITH_TRANSFORMATION(#1648)
SHAPE_REPRESENTATION_RELATIONSHIP()
);
#1656=(
REPRESENTATION_RELATIONSHIP($,$,#2807,#2806)
REPRESENTATION_RELATIONSHIP_WITH_TRANSFORMATION(#1649)
SHAPE_REPRESENTATION_RELATIONSHIP()
);
#1657=(
REPRESENTATION_RELATIONSHIP($,$,#2804,#2803)
REPRESENTATION_RELATIONSHIP_WITH_TRANSFORMATION(#1650)
SHAPE_REPRESENTATION_RELATIONSHIP()
);
#1658=(
REPRESENTATION_RELATIONSHIP($,$,#2806,#2803)
REPRESENTATION_RELATIONSHIP_WITH_TRANSFORMATION(#1651)
SHAPE_REPRESENTATION_RELATIONSHIP()
);
#1659=(
REPRESENTATION_RELATIONSHIP($,$,#2803,#2802)
REPRESENTATION_RELATIONSHIP_WITH_TRANSFORMATION(#1652)
SHAPE_REPRESENTATION_RELATIONSHIP()
);
#1660=CONTEXT_DEPENDENT_SHAPE_REPRESENTATION(#1653,#2791);
#1661=CONTEXT_DEPENDENT_SHAPE_REPRESENTATION(#1654,#2796);
#1662=CONTEXT_DEPENDENT_SHAPE_REPRESENTATION(#1655,#2797);
#1663=CONTEXT_DEPENDENT_SHAPE_REPRESENTATION(#1656,#2798);
#1664=CONTEXT_DEPENDENT_SHAPE_REPRESENTATION(#1657,#2799);
#1665=CONTEXT_DEPENDENT_SHAPE_REPRESENTATION(#1658,#2800);
#1666=CONTEXT_DEPENDENT_SHAPE_REPRESENTATION(#1659,#2801);
#1667=NEXT_ASSEMBLY_USAGE_OCCURRENCE('Inlay_124_SM:1','Inlay_124_SM:1',
'Inlay_124_SM:1',#2813,#2814,'Inlay_124_SM:1');
#1668=NEXT_ASSEMBLY_USAGE_OCCURRENCE('SoS_TM_124:1','SoS_TM_124:1',
'SoS_TM_124:1',#2817,#2818,'SoS_TM_124:1');
#1669=NEXT_ASSEMBLY_USAGE_OCCURRENCE('Drawers_TM_124:1',
'Drawers_TM_124:1','Drawers_TM_124:1',#2816,#2817,'Drawers_TM_124:1');
#1670=NEXT_ASSEMBLY_USAGE_OCCURRENCE('Inlays_TM_124:1',
'Inlays_TM_124:1','Inlays_TM_124:1',#2815,#2816,'Inlays_TM_124:1');
#1671=NEXT_ASSEMBLY_USAGE_OCCURRENCE('Slotcar_Modul_124:1',
'Slotcar_Modul_124:1','Slotcar_Modul_124:1',#2812,#2813,
'Slotcar_Modul_124:1');
#1672=NEXT_ASSEMBLY_USAGE_OCCURRENCE('Tools_Modul_124:1',
'Tools_Modul_124:1','Tools_Modul_124:1',#2812,#2815,'Tools_Modul_124:1');
#1673=NEXT_ASSEMBLY_USAGE_OCCURRENCE('SlotCrate-124:1',
'SlotCrate-124:1','SlotCrate-124:1',#2811,#2812,'SlotCrate-124:1');
#1674=DERIVED_UNIT_ELEMENT(#1678,1.);
#1675=DERIVED_UNIT_ELEMENT(#2776,-3.);
#1676=DERIVED_UNIT_ELEMENT(#1678,1.);
#1677=DERIVED_UNIT_ELEMENT(#2776,-3.);
#1678=(
MASS_UNIT()
NAMED_UNIT(*)
SI_UNIT(.KILO.,.GRAM.)
);
#1679=DERIVED_UNIT((#1674,#1675));
#1680=DERIVED_UNIT((#1676,#1677));
#1681=MEASURE_REPRESENTATION_ITEM('density measure',
POSITIVE_RATIO_MEASURE(1060.),#1679);
#1682=MEASURE_REPRESENTATION_ITEM('density measure',
POSITIVE_RATIO_MEASURE(1060.),#1680);
#1683=PROPERTY_DEFINITION_REPRESENTATION(#1693,#1687);
#1684=PROPERTY_DEFINITION_REPRESENTATION(#1694,#1688);
#1685=PROPERTY_DEFINITION_REPRESENTATION(#1695,#1689);
#1686=PROPERTY_DEFINITION_REPRESENTATION(#1696,#1690);
#1687=REPRESENTATION('material name',(#1691),#2769);
#1688=REPRESENTATION('density',(#1681),#2769);
#1689=REPRESENTATION('material name',(#1692),#2773);
#1690=REPRESENTATION('density',(#1682),#2773);
#1691=DESCRIPTIVE_REPRESENTATION_ITEM('ABS-Kunststoff','ABS-Kunststoff');
#1692=DESCRIPTIVE_REPRESENTATION_ITEM('ABS-Kunststoff','ABS-Kunststoff');
#1693=PROPERTY_DEFINITION('material property','material name',#2814);
#1694=PROPERTY_DEFINITION('material property','density of part',#2814);
#1695=PROPERTY_DEFINITION('material property','material name',#2818);
#1696=PROPERTY_DEFINITION('material property','density of part',#2818);
#1697=AXIS2_PLACEMENT_3D('',#2291,#1827,#1828);
#1698=AXIS2_PLACEMENT_3D('',#2292,#1829,#1830);
#1699=AXIS2_PLACEMENT_3D('',#2293,#1831,#1832);
#1700=AXIS2_PLACEMENT_3D('',#2294,#1833,#1834);
#1701=AXIS2_PLACEMENT_3D('',#2295,#1835,#1836);
#1702=AXIS2_PLACEMENT_3D('',#2296,#1837,#1838);
#1703=AXIS2_PLACEMENT_3D('',#2297,#1839,#1840);
#1704=AXIS2_PLACEMENT_3D('',#2298,#1841,#1842);
#1705=AXIS2_PLACEMENT_3D('',#2299,#1843,#1844);
#1706=AXIS2_PLACEMENT_3D('',#2300,#1845,#1846);
#1707=AXIS2_PLACEMENT_3D('',#2309,#1851,#1852);
#1708=AXIS2_PLACEMENT_3D('',#2315,#1856,#1857);
#1709=AXIS2_PLACEMENT_3D('',#2321,#1861,#1862);
#1710=AXIS2_PLACEMENT_3D('',#2324,#1865,#1866);
#1711=AXIS2_PLACEMENT_3D('',#2330,#1870,#1871);
#1712=AXIS2_PLACEMENT_3D('',#2334,#1874,#1875);
#1713=AXIS2_PLACEMENT_3D('',#2399,#1908,#1909);
#1714=AXIS2_PLACEMENT_3D('',#2408,#1914,#1915);
#1715=AXIS2_PLACEMENT_3D('',#2414,#1919,#1920);
#1716=AXIS2_PLACEMENT_3D('',#2423,#1925,#1926);
#1717=AXIS2_PLACEMENT_3D('',#2426,#1929,#1930);
#1718=AXIS2_PLACEMENT_3D('',#2432,#1934,#1935);
#1719=AXIS2_PLACEMENT_3D('',#2438,#1939,#1940);
#1720=AXIS2_PLACEMENT_3D('',#2444,#1944,#1945);
#1721=AXIS2_PLACEMENT_3D('',#2447,#1948,#1949);
#1722=AXIS2_PLACEMENT_3D('',#2450,#1952,#1953);
#1723=AXIS2_PLACEMENT_3D('',#2452,#1955,#1956);
#1724=AXIS2_PLACEMENT_3D('',#2454,#1958,#1959);
#1725=AXIS2_PLACEMENT_3D('',#2456,#1961,#1962);
#1726=AXIS2_PLACEMENT_3D('',#2458,#1963,#1964);
#1727=AXIS2_PLACEMENT_3D('',#2459,#1965,#1966);
#1728=AXIS2_PLACEMENT_3D('',#2461,#1967,#1968);
#1729=AXIS2_PLACEMENT_3D('',#2463,#1970,#1971);
#1730=AXIS2_PLACEMENT_3D('',#2465,#1972,#1973);
#1731=AXIS2_PLACEMENT_3D('',#2467,#1975,#1976);
#1732=AXIS2_PLACEMENT_3D('',#2476,#1981,#1982);
#1733=AXIS2_PLACEMENT_3D('',#2482,#1986,#1987);
#1734=AXIS2_PLACEMENT_3D('',#2491,#1992,#1993);
#1735=AXIS2_PLACEMENT_3D('',#2494,#1996,#1997);
#1736=AXIS2_PLACEMENT_3D('',#2500,#2001,#2002);
#1737=AXIS2_PLACEMENT_3D('',#2506,#2006,#2007);
#1738=AXIS2_PLACEMENT_3D('',#2512,#2011,#2012);
#1739=AXIS2_PLACEMENT_3D('',#2515,#2015,#2016);
#1740=AXIS2_PLACEMENT_3D('',#2518,#2019,#2020);
#1741=AXIS2_PLACEMENT_3D('',#2520,#2022,#2023);
#1742=AXIS2_PLACEMENT_3D('',#2522,#2025,#2026);
#1743=AXIS2_PLACEMENT_3D('',#2524,#2028,#2029);
#1744=AXIS2_PLACEMENT_3D('',#2526,#2030,#2031);
#1745=AXIS2_PLACEMENT_3D('',#2527,#2032,#2033);
#1746=AXIS2_PLACEMENT_3D('',#2529,#2034,#2035);
#1747=AXIS2_PLACEMENT_3D('',#2531,#2037,#2038);
#1748=AXIS2_PLACEMENT_3D('',#2533,#2039,#2040);
#1749=AXIS2_PLACEMENT_3D('',#2535,#2042,#2043);
#1750=AXIS2_PLACEMENT_3D('',#2544,#2048,#2049);
#1751=AXIS2_PLACEMENT_3D('',#2550,#2053,#2054);
#1752=AXIS2_PLACEMENT_3D('',#2559,#2059,#2060);
#1753=AXIS2_PLACEMENT_3D('',#2562,#2063,#2064);
#1754=AXIS2_PLACEMENT_3D('',#2568,#2068,#2069);
#1755=AXIS2_PLACEMENT_3D('',#2574,#2073,#2074);
#1756=AXIS2_PLACEMENT_3D('',#2580,#2078,#2079);
#1757=AXIS2_PLACEMENT_3D('',#2583,#2082,#2083);
#1758=AXIS2_PLACEMENT_3D('',#2586,#2086,#2087);
#1759=AXIS2_PLACEMENT_3D('',#2588,#2089,#2090);
#1760=AXIS2_PLACEMENT_3D('',#2590,#2092,#2093);
#1761=AXIS2_PLACEMENT_3D('',#2592,#2095,#2096);
#1762=AXIS2_PLACEMENT_3D('',#2594,#2097,#2098);
#1763=AXIS2_PLACEMENT_3D('',#2595,#2099,#2100);
#1764=AXIS2_PLACEMENT_3D('',#2597,#2101,#2102);
#1765=AXIS2_PLACEMENT_3D('',#2599,#2104,#2105);
#1766=AXIS2_PLACEMENT_3D('',#2601,#2106,#2107);
#1767=AXIS2_PLACEMENT_3D('',#2603,#2109,#2110);
#1768=AXIS2_PLACEMENT_3D('',#2612,#2115,#2116);
#1769=AXIS2_PLACEMENT_3D('',#2618,#2120,#2121);
#1770=AXIS2_PLACEMENT_3D('',#2627,#2126,#2127);
#1771=AXIS2_PLACEMENT_3D('',#2630,#2130,#2131);
#1772=AXIS2_PLACEMENT_3D('',#2636,#2135,#2136);
#1773=AXIS2_PLACEMENT_3D('',#2642,#2140,#2141);
#1774=AXIS2_PLACEMENT_3D('',#2648,#2145,#2146);
#1775=AXIS2_PLACEMENT_3D('',#2651,#2149,#2150);
#1776=AXIS2_PLACEMENT_3D('',#2654,#2153,#2154);
#1777=AXIS2_PLACEMENT_3D('',#2656,#2156,#2157);
#1778=AXIS2_PLACEMENT_3D('',#2658,#2159,#2160);
#1779=AXIS2_PLACEMENT_3D('',#2660,#2162,#2163);
#1780=AXIS2_PLACEMENT_3D('',#2662,#2164,#2165);
#1781=AXIS2_PLACEMENT_3D('',#2663,#2166,#2167);
#1782=AXIS2_PLACEMENT_3D('',#2665,#2168,#2169);
#1783=AXIS2_PLACEMENT_3D('',#2667,#2171,#2172);
#1784=AXIS2_PLACEMENT_3D('',#2669,#2173,#2174);
#1785=AXIS2_PLACEMENT_3D('',#2671,#2176,#2177);
#1786=AXIS2_PLACEMENT_3D('',#2676,#2179,#2180);
#1787=AXIS2_PLACEMENT_3D('',#2679,#2182,#2183);
#1788=AXIS2_PLACEMENT_3D('',#2680,#2184,#2185);
#1789=AXIS2_PLACEMENT_3D('',#2684,#2187,#2188);
#1790=AXIS2_PLACEMENT_3D('',#2686,#2190,#2191);
#1791=AXIS2_PLACEMENT_3D('',#2691,#2194,#2195);
#1792=AXIS2_PLACEMENT_3D('',#2692,#2196,#2197);
#1793=AXIS2_PLACEMENT_3D('',#2695,#2200,#2201);
#1794=AXIS2_PLACEMENT_3D('',#2701,#2205,#2206);
#1795=AXIS2_PLACEMENT_3D('',#2705,#2209,#2210);
#1796=AXIS2_PLACEMENT_3D('',#2706,#2211,#2212);
#1797=AXIS2_PLACEMENT_3D('',#2710,#2215,#2216);
#1798=AXIS2_PLACEMENT_3D('',#2712,#2218,#2219);
#1799=AXIS2_PLACEMENT_3D('',#2716,#2222,#2223);
#1800=AXIS2_PLACEMENT_3D('',#2718,#2225,#2226);
#1801=AXIS2_PLACEMENT_3D('',#2719,#2227,#2228);
#1802=AXIS2_PLACEMENT_3D('',#2720,#2229,#2230);
#1803=AXIS2_PLACEMENT_3D('',#2723,#2233,#2234);
#1804=AXIS2_PLACEMENT_3D('',#2725,#2236,#2237);
#1805=AXIS2_PLACEMENT_3D('',#2726,#2238,#2239);
#1806=AXIS2_PLACEMENT_3D('',#2727,#2240,#2241);
#1807=AXIS2_PLACEMENT_3D('',#2728,#2242,#2243);
#1808=AXIS2_PLACEMENT_3D('',#2731,#2246,#2247);
#1809=AXIS2_PLACEMENT_3D('',#2733,#2249,#2250);
#1810=AXIS2_PLACEMENT_3D('',#2734,#2251,#2252);
#1811=AXIS2_PLACEMENT_3D('',#2735,#2253,#2254);
#1812=AXIS2_PLACEMENT_3D('',#2736,#2255,#2256);
#1813=AXIS2_PLACEMENT_3D('',#2739,#2259,#2260);
#1814=AXIS2_PLACEMENT_3D('',#2741,#2262,#2263);
#1815=AXIS2_PLACEMENT_3D('',#2742,#2264,#2265);
#1816=AXIS2_PLACEMENT_3D('',#2743,#2266,#2267);
#1817=AXIS2_PLACEMENT_3D('',#2744,#2268,#2269);
#1818=AXIS2_PLACEMENT_3D('',#2747,#2272,#2273);
#1819=AXIS2_PLACEMENT_3D('',#2749,#2275,#2276);
#1820=AXIS2_PLACEMENT_3D('',#2750,#2277,#2278);
#1821=AXIS2_PLACEMENT_3D('',#2751,#2279,#2280);
#1822=AXIS2_PLACEMENT_3D('',#2752,#2281,#2282);
#1823=AXIS2_PLACEMENT_3D('',#2753,#2283,#2284);
#1824=AXIS2_PLACEMENT_3D('',#2754,#2285,#2286);
#1825=AXIS2_PLACEMENT_3D('',#2755,#2287,#2288);
#1826=AXIS2_PLACEMENT_3D('',#2756,#2289,#2290);
#1827=DIRECTION('axis',(0.,0.,1.));
#1828=DIRECTION('refdir',(1.,0.,0.));
#1829=DIRECTION('axis',(0.,0.,1.));
#1830=DIRECTION('refdir',(1.,0.,0.));
#1831=DIRECTION('axis',(0.,0.,1.));
#1832=DIRECTION('refdir',(1.,0.,0.));
#1833=DIRECTION('axis',(0.,0.,1.));
#1834=DIRECTION('refdir',(1.,0.,0.));
#1835=DIRECTION('',(0.,0.,1.));
#1836=DIRECTION('',(1.,0.,0.));
#1837=DIRECTION('axis',(0.,0.,1.));
#1838=DIRECTION('refdir',(1.,0.,0.));
#1839=DIRECTION('axis',(0.,0.,1.));
#1840=DIRECTION('refdir',(1.,0.,0.));
#1841=DIRECTION('axis',(0.,0.,1.));
#1842=DIRECTION('refdir',(1.,0.,0.));
#1843=DIRECTION('axis',(0.,0.,1.));
#1844=DIRECTION('refdir',(1.,0.,0.));
#1845=DIRECTION('center_axis',(-0.707106781186548,-0.707106781186548,0.));
#1846=DIRECTION('ref_axis',(0.,0.,1.));
#1847=DIRECTION('',(0.,0.,1.));
#1848=DIRECTION('',(-0.577350269189616,0.577350269189626,0.577350269189636));
#1849=DIRECTION('',(0.,0.,-1.));
#1850=DIRECTION('',(0.577350269189609,-0.577350269189619,0.57735026918965));
#1851=DIRECTION('center_axis',(0.,-0.707106781186554,0.707106781186541));
#1852=DIRECTION('ref_axis',(1.,0.,0.));
#1853=DIRECTION('',(1.,0.,0.));
#1854=DIRECTION('',(0.577350269189622,0.577350269189622,0.577350269189633));
#1855=DIRECTION('',(-1.,0.,0.));
#1856=DIRECTION('center_axis',(0.707106781186548,-0.707106781186548,0.));
#1857=DIRECTION('ref_axis',(0.,0.,-1.));
#1858=DIRECTION('',(0.,0.,1.));
#1859=DIRECTION('',(0.,0.,-1.));
#1860=DIRECTION('',(0.577350269189616,0.577350269189616,-0.577350269189646));
#1861=DIRECTION('center_axis',(0.,-0.707106781186554,-0.707106781186541));
#1862=DIRECTION('ref_axis',(-1.,0.,0.));
#1863=DIRECTION('',(-1.,0.,0.));
#1864=DIRECTION('',(1.,0.,0.));
#1865=DIRECTION('center_axis',(0.,0.,-1.));
#1866=DIRECTION('ref_axis',(-1.,0.,0.));
#1867=DIRECTION('',(0.,1.,0.));
#1868=DIRECTION('',(-1.,0.,0.));
#1869=DIRECTION('',(0.,1.,0.));
#1870=DIRECTION('center_axis',(-1.,0.,0.));
#1871=DIRECTION('ref_axis',(0.,0.,1.));
#1872=DIRECTION('',(0.,1.,0.));
#1873=DIRECTION('',(0.,8.11121844475E-17,1.));
#1874=DIRECTION('center_axis',(0.,1.,0.));
#1875=DIRECTION('ref_axis',(0.,0.,1.));
#1876=DIRECTION('',(-0.707106781186521,0.,0.707106781186574));
#1877=DIRECTION('',(0.,0.,1.));
#1878=DIRECTION('',(0.707106781186548,0.,0.707106781186548));
#1879=DIRECTION('',(1.,0.,0.));
#1880=DIRECTION('',(0.707106781186548,0.,-0.707106781186548));
#1881=DIRECTION('',(0.,0.,-1.));
#1882=DIRECTION('',(-0.707106781186574,0.,-0.707106781186521));
#1883=DIRECTION('',(-1.,0.,0.));
#1884=DIRECTION('',(-0.707106781186521,0.,0.707106781186574));
#1885=DIRECTION('',(0.,0.,1.));
#1886=DIRECTION('',(0.707106781186548,0.,0.707106781186548));
#1887=DIRECTION('',(1.,0.,0.));
#1888=DIRECTION('',(0.707106781186548,0.,-0.707106781186548));
#1889=DIRECTION('',(0.,0.,-1.));
#1890=DIRECTION('',(-0.707106781186574,0.,-0.707106781186521));
#1891=DIRECTION('',(-1.,0.,0.));
#1892=DIRECTION('',(-0.707106781186521,0.,0.707106781186574));
#1893=DIRECTION('',(0.,0.,1.));
#1894=DIRECTION('',(0.707106781186548,0.,0.707106781186548));
#1895=DIRECTION('',(1.,0.,0.));
#1896=DIRECTION('',(0.707106781186548,0.,-0.707106781186548));
#1897=DIRECTION('',(0.,0.,-1.));
#1898=DIRECTION('',(-0.707106781186574,0.,-0.707106781186521));
#1899=DIRECTION('',(-1.,0.,0.));
#1900=DIRECTION('',(-0.707106781186521,0.,0.707106781186574));
#1901=DIRECTION('',(0.,0.,1.));
#1902=DIRECTION('',(0.707106781186548,0.,0.707106781186548));
#1903=DIRECTION('',(1.,0.,0.));
#1904=DIRECTION('',(0.707106781186548,0.,-0.707106781186548));
#1905=DIRECTION('',(0.,0.,-1.));
#1906=DIRECTION('',(-0.707106781186574,0.,-0.707106781186521));
#1907=DIRECTION('',(-1.,0.,0.));
#1908=DIRECTION('center_axis',(0.5,-0.707106781186548,-0.5));
#1909=DIRECTION('ref_axis',(-0.707106781186547,0.,-0.707106781186547));
#1910=DIRECTION('',(-0.707106781186548,0.,-0.707106781186548));
#1911=DIRECTION('',(0.281084637714797,0.678598344545846,-0.678598344545858));
#1912=DIRECTION('',(0.707106781186548,0.,0.707106781186548));
#1913=DIRECTION('',(0.678598344545849,0.678598344545849,-0.281084637714811));
#1914=DIRECTION('center_axis',(0.,-0.707106781186554,-0.707106781186541));
#1915=DIRECTION('ref_axis',(-1.,0.,0.));
#1916=DIRECTION('',(-1.,0.,0.));
#1917=DIRECTION('',(-0.28108463771483,0.678598344545839,-0.678598344545851));
#1918=DIRECTION('',(1.,0.,0.));
#1919=DIRECTION('center_axis',(-0.707106781186541,-0.707106781186554,0.));
#1920=DIRECTION('ref_axis',(0.,0.,1.));
#1921=DIRECTION('',(0.,0.,-1.));
#1922=DIRECTION('',(0.678598344545851,-0.678598344545839,0.28108463771483));
#1923=DIRECTION('',(0.,0.,1.));
#1924=DIRECTION('',(-0.678598344545857,0.678598344545833,0.281084637714828));
#1925=DIRECTION('center_axis',(-0.49999999999999,-0.707106781186562,-0.49999999999999));
#1926=DIRECTION('ref_axis',(-0.707106781186548,0.,0.707106781186548));
#1927=DIRECTION('',(-0.707106781186548,0.,0.707106781186548));
#1928=DIRECTION('',(0.707106781186548,0.,-0.707106781186548));
#1929=DIRECTION('center_axis',(-0.499999999999978,-0.707106781186553,0.500000000000015));
#1930=DIRECTION('ref_axis',(0.707106781186574,0.,0.707106781186521));
#1931=DIRECTION('',(-0.707106781186574,0.,-0.707106781186521));
#1932=DIRECTION('',(0.707106781186574,0.,0.707106781186521));
#1933=DIRECTION('',(-0.281084637714835,0.67859834454585,0.678598344545838));
#1934=DIRECTION('center_axis',(0.,-0.707106781186554,0.707106781186541));
#1935=DIRECTION('ref_axis',(1.,0.,0.));
#1936=DIRECTION('',(-1.,0.,0.));
#1937=DIRECTION('',(1.,0.,0.));
#1938=DIRECTION('',(0.281084637714846,0.678598344545848,0.678598344545836));
#1939=DIRECTION('center_axis',(0.500000000000012,-0.707106781186557,0.499999999999975));
#1940=DIRECTION('ref_axis',(0.707106781186521,0.,-0.707106781186574));
#1941=DIRECTION('',(-0.707106781186521,0.,0.707106781186574));
#1942=DIRECTION('',(0.707106781186521,0.,-0.707106781186574));
#1943=DIRECTION('',(0.678598344545849,0.678598344545849,0.281084637714811));
#1944=DIRECTION('center_axis',(0.707106781186541,-0.707106781186554,0.));
#1945=DIRECTION('ref_axis',(0.,0.,-1.));
#1946=DIRECTION('',(0.,0.,1.));
#1947=DIRECTION('',(0.,0.,-1.));
#1948=DIRECTION('center_axis',(0.707106781186548,0.,-0.707106781186548));
#1949=DIRECTION('ref_axis',(-0.707106781186548,0.,-0.707106781186548));
#1950=DIRECTION('',(0.,1.,0.));
#1951=DIRECTION('',(0.,1.,0.));
#1952=DIRECTION('center_axis',(0.,0.,-1.));
#1953=DIRECTION('ref_axis',(-1.,0.,0.));
#1954=DIRECTION('',(0.,1.,0.));
#1955=DIRECTION('center_axis',(-0.707106781186548,0.,-0.707106781186548));
#1956=DIRECTION('ref_axis',(-0.707106781186548,0.,0.707106781186548));
#1957=DIRECTION('',(0.,1.,0.));
#1958=DIRECTION('center_axis',(-1.,0.,0.));
#1959=DIRECTION('ref_axis',(0.,0.,1.));
#1960=DIRECTION('',(0.,1.,0.));
#1961=DIRECTION('center_axis',(0.,-1.,0.));
#1962=DIRECTION('ref_axis',(0.,0.,-1.));
#1963=DIRECTION('center_axis',(0.,-1.,0.));
#1964=DIRECTION('ref_axis',(-1.,0.,0.));
#1965=DIRECTION('center_axis',(0.,-1.,0.));
#1966=DIRECTION('ref_axis',(-1.,0.,0.));
#1967=DIRECTION('center_axis',(0.,1.,0.));
#1968=DIRECTION('ref_axis',(-1.,0.,0.));
#1969=DIRECTION('',(0.707106781186548,-0.707106781186548,-8.65956056235493E-17));
#1970=DIRECTION('center_axis',(0.,1.,0.));
#1971=DIRECTION('ref_axis',(-1.,0.,0.));
#1972=DIRECTION('center_axis',(0.,1.,0.));
#1973=DIRECTION('ref_axis',(-1.,0.,0.));
#1974=DIRECTION('',(0.,-1.,0.));
#1975=DIRECTION('center_axis',(0.5,-0.707106781186548,-0.5));
#1976=DIRECTION('ref_axis',(-0.707106781186547,0.,-0.707106781186547));
#1977=DIRECTION('',(-0.707106781186548,0.,-0.707106781186548));
#1978=DIRECTION('',(0.281084637714819,0.678598344545841,-0.678598344545853));
#1979=DIRECTION('',(0.707106781186548,0.,0.707106781186548));
#1980=DIRECTION('',(0.678598344545844,0.678598344545844,-0.281084637714833));
#1981=DIRECTION('center_axis',(0.,-0.707106781186554,-0.707106781186541));
#1982=DIRECTION('ref_axis',(-1.,0.,0.));
#1983=DIRECTION('',(-1.,0.,0.));
#1984=DIRECTION('',(-0.281084637714808,0.678598344545844,-0.678598344545856));
#1985=DIRECTION('',(1.,0.,0.));
#1986=DIRECTION('center_axis',(-0.707106781186541,-0.707106781186554,0.));
#1987=DIRECTION('ref_axis',(0.,0.,1.));
#1988=DIRECTION('',(0.,0.,-1.));
#1989=DIRECTION('',(0.678598344545856,-0.678598344545843,0.281084637714808));
#1990=DIRECTION('',(0.,0.,1.));
#1991=DIRECTION('',(-0.678598344545851,0.678598344545839,0.28108463771483));
#1992=DIRECTION('center_axis',(-0.5,-0.707106781186548,-0.5));
#1993=DIRECTION('ref_axis',(-0.707106781186547,0.,0.707106781186547));
#1994=DIRECTION('',(-0.707106781186548,0.,0.707106781186548));
#1995=DIRECTION('',(0.707106781186548,0.,-0.707106781186548));
#1996=DIRECTION('center_axis',(-0.499999999999978,-0.707106781186553,0.500000000000015));
#1997=DIRECTION('ref_axis',(0.707106781186574,0.,0.707106781186521));
#1998=DIRECTION('',(-0.707106781186574,0.,-0.707106781186521));
#1999=DIRECTION('',(0.707106781186574,0.,0.707106781186521));
#2000=DIRECTION('',(-0.281084637714835,0.67859834454585,0.678598344545838));
#2001=DIRECTION('center_axis',(0.,-0.707106781186554,0.707106781186541));
#2002=DIRECTION('ref_axis',(1.,0.,0.));
#2003=DIRECTION('',(-1.,0.,0.));
#2004=DIRECTION('',(1.,0.,0.));
#2005=DIRECTION('',(0.281084637714846,0.678598344545848,0.678598344545836));
#2006=DIRECTION('center_axis',(0.500000000000021,-0.707106781186544,0.499999999999984));
#2007=DIRECTION('ref_axis',(0.707106781186521,0.,-0.707106781186574));
#2008=DIRECTION('',(-0.707106781186521,0.,0.707106781186574));
#2009=DIRECTION('',(0.707106781186521,0.,-0.707106781186574));
#2010=DIRECTION('',(0.67859834454586,0.678598344545848,0.281084637714786));
#2011=DIRECTION('center_axis',(0.707106781186541,-0.707106781186554,0.));
#2012=DIRECTION('ref_axis',(0.,0.,-1.));
#2013=DIRECTION('',(0.,0.,1.));
#2014=DIRECTION('',(0.,0.,-1.));
#2015=DIRECTION('center_axis',(0.707106781186548,0.,-0.707106781186548));
#2016=DIRECTION('ref_axis',(-0.707106781186548,0.,-0.707106781186548));
#2017=DIRECTION('',(0.,1.,0.));
#2018=DIRECTION('',(0.,1.,0.));
#2019=DIRECTION('center_axis',(0.,0.,-1.));
#2020=DIRECTION('ref_axis',(-1.,0.,0.));
#2021=DIRECTION('',(0.,1.,0.));
#2022=DIRECTION('center_axis',(-0.707106781186548,0.,-0.707106781186548));
#2023=DIRECTION('ref_axis',(-0.707106781186548,0.,0.707106781186548));
#2024=DIRECTION('',(0.,1.,0.));
#2025=DIRECTION('center_axis',(-1.,0.,0.));
#2026=DIRECTION('ref_axis',(0.,0.,1.));
#2027=DIRECTION('',(0.,1.,0.));
#2028=DIRECTION('center_axis',(0.,-1.,0.));
#2029=DIRECTION('ref_axis',(0.,0.,-1.));
#2030=DIRECTION('center_axis',(0.,-1.,0.));
#2031=DIRECTION('ref_axis',(-1.,0.,0.));
#2032=DIRECTION('center_axis',(0.,-1.,0.));
#2033=DIRECTION('ref_axis',(-1.,0.,0.));
#2034=DIRECTION('center_axis',(0.,1.,0.));
#2035=DIRECTION('ref_axis',(-1.,0.,0.));
#2036=DIRECTION('',(0.707106781186548,-0.707106781186548,-8.65956056235493E-17));
#2037=DIRECTION('center_axis',(0.,1.,0.));
#2038=DIRECTION('ref_axis',(-1.,0.,0.));
#2039=DIRECTION('center_axis',(0.,1.,0.));
#2040=DIRECTION('ref_axis',(-1.,0.,0.));
#2041=DIRECTION('',(0.,-1.,0.));
#2042=DIRECTION('center_axis',(0.5,-0.707106781186548,-0.5));
#2043=DIRECTION('ref_axis',(-0.707106781186547,0.,-0.707106781186547));
#2044=DIRECTION('',(-0.707106781186548,0.,-0.707106781186548));
#2045=DIRECTION('',(0.281084637714808,0.678598344545844,-0.678598344545856));
#2046=DIRECTION('',(0.707106781186548,0.,0.707106781186548));
#2047=DIRECTION('',(0.678598344545856,0.678598344545843,-0.281084637714808));
#2048=DIRECTION('center_axis',(0.,-0.707106781186554,-0.707106781186541));
#2049=DIRECTION('ref_axis',(-1.,0.,0.));
#2050=DIRECTION('',(-1.,0.,0.));
#2051=DIRECTION('',(-0.281084637714797,0.678598344545846,-0.678598344545858));
#2052=DIRECTION('',(1.,0.,0.));
#2053=DIRECTION('center_axis',(-0.707106781186541,-0.707106781186554,0.));
#2054=DIRECTION('ref_axis',(0.,0.,1.));
#2055=DIRECTION('',(0.,0.,-1.));
#2056=DIRECTION('',(0.678598344545867,-0.678598344545843,0.281084637714784));
#2057=DIRECTION('',(0.,0.,1.));
#2058=DIRECTION('',(-0.678598344545851,0.678598344545839,0.28108463771483));
#2059=DIRECTION('center_axis',(-0.5,-0.707106781186548,-0.5));
#2060=DIRECTION('ref_axis',(-0.707106781186547,0.,0.707106781186547));
#2061=DIRECTION('',(-0.707106781186548,0.,0.707106781186548));
#2062=DIRECTION('',(0.707106781186548,0.,-0.707106781186548));
#2063=DIRECTION('center_axis',(-0.499999999999978,-0.707106781186553,0.500000000000015));
#2064=DIRECTION('ref_axis',(0.707106781186574,0.,0.707106781186521));
#2065=DIRECTION('',(-0.707106781186574,0.,-0.707106781186521));
#2066=DIRECTION('',(0.707106781186574,0.,0.707106781186521));
#2067=DIRECTION('',(-0.28108463771477,0.678598344545839,0.678598344545875));
#2068=DIRECTION('center_axis',(0.,-0.707106781186554,0.707106781186541));
#2069=DIRECTION('ref_axis',(1.,0.,0.));
#2070=DIRECTION('',(-1.,0.,0.));
#2071=DIRECTION('',(1.,0.,0.));
#2072=DIRECTION('',(0.281084637714793,0.678598344545835,0.678598344545871));
#2073=DIRECTION('center_axis',(0.500000000000021,-0.707106781186544,0.499999999999984));
#2074=DIRECTION('ref_axis',(0.707106781186521,0.,-0.707106781186574));
#2075=DIRECTION('',(-0.707106781186521,0.,0.707106781186574));
#2076=DIRECTION('',(0.707106781186521,0.,-0.707106781186574));
#2077=DIRECTION('',(0.67859834454586,0.678598344545848,0.281084637714786));
#2078=DIRECTION('center_axis',(0.707106781186541,-0.707106781186554,0.));
#2079=DIRECTION('ref_axis',(0.,0.,-1.));
#2080=DIRECTION('',(0.,0.,1.));
#2081=DIRECTION('',(0.,0.,-1.));
#2082=DIRECTION('center_axis',(0.707106781186548,0.,-0.707106781186548));
#2083=DIRECTION('ref_axis',(-0.707106781186548,0.,-0.707106781186548));
#2084=DIRECTION('',(0.,1.,0.));
#2085=DIRECTION('',(0.,1.,0.));
#2086=DIRECTION('center_axis',(0.,0.,-1.));
#2087=DIRECTION('ref_axis',(-1.,0.,0.));
#2088=DIRECTION('',(0.,1.,0.));
#2089=DIRECTION('center_axis',(-0.707106781186548,0.,-0.707106781186548));
#2090=DIRECTION('ref_axis',(-0.707106781186548,0.,0.707106781186548));
#2091=DIRECTION('',(0.,1.,0.));
#2092=DIRECTION('center_axis',(-1.,0.,0.));
#2093=DIRECTION('ref_axis',(0.,0.,1.));
#2094=DIRECTION('',(0.,1.,0.));
#2095=DIRECTION('center_axis',(0.,-1.,0.));
#2096=DIRECTION('ref_axis',(0.,0.,-1.));
#2097=DIRECTION('center_axis',(0.,-1.,0.));
#2098=DIRECTION('ref_axis',(-1.,0.,0.));
#2099=DIRECTION('center_axis',(0.,-1.,0.));
#2100=DIRECTION('ref_axis',(-1.,0.,0.));
#2101=DIRECTION('center_axis',(0.,1.,0.));
#2102=DIRECTION('ref_axis',(-1.,0.,0.));
#2103=DIRECTION('',(0.707106781186548,-0.707106781186548,-8.65956056235493E-17));
#2104=DIRECTION('center_axis',(0.,1.,0.));
#2105=DIRECTION('ref_axis',(-1.,0.,0.));
#2106=DIRECTION('center_axis',(0.,1.,0.));
#2107=DIRECTION('ref_axis',(-1.,0.,0.));
#2108=DIRECTION('',(0.,-1.,0.));
#2109=DIRECTION('center_axis',(0.5,-0.707106781186548,-0.5));
#2110=DIRECTION('ref_axis',(-0.707106781186547,0.,-0.707106781186547));
#2111=DIRECTION('',(-0.707106781186548,0.,-0.707106781186548));
#2112=DIRECTION('',(0.281084637714797,0.678598344545846,-0.678598344545858));
#2113=DIRECTION('',(0.707106781186548,0.,0.707106781186548));
#2114=DIRECTION('',(0.678598344545849,0.678598344545849,-0.281084637714811));
#2115=DIRECTION('center_axis',(0.,-0.707106781186554,-0.707106781186541));
#2116=DIRECTION('ref_axis',(-1.,0.,0.));
#2117=DIRECTION('',(-1.,0.,0.));
#2118=DIRECTION('',(-0.281084637714797,0.678598344545846,-0.678598344545858));
#2119=DIRECTION('',(1.,0.,0.));
#2120=DIRECTION('center_axis',(-0.707106781186541,-0.707106781186554,0.));
#2121=DIRECTION('ref_axis',(0.,0.,1.));
#2122=DIRECTION('',(0.,0.,-1.));
#2123=DIRECTION('',(0.678598344545867,-0.678598344545843,0.281084637714784));
#2124=DIRECTION('',(0.,0.,1.));
#2125=DIRECTION('',(-0.678598344545862,0.678598344545838,0.281084637714806));
#2126=DIRECTION('center_axis',(-0.5,-0.707106781186548,-0.5));
#2127=DIRECTION('ref_axis',(-0.707106781186547,0.,0.707106781186547));
#2128=DIRECTION('',(-0.707106781186548,0.,0.707106781186548));
#2129=DIRECTION('',(0.707106781186548,0.,-0.707106781186548));
#2130=DIRECTION('center_axis',(-0.499999999999978,-0.707106781186553,0.500000000000015));
#2131=DIRECTION('ref_axis',(0.707106781186574,0.,0.707106781186521));
#2132=DIRECTION('',(-0.707106781186574,0.,-0.707106781186521));
#2133=DIRECTION('',(0.707106781186574,0.,0.707106781186521));
#2134=DIRECTION('',(-0.28108463771477,0.678598344545839,0.678598344545875));
#2135=DIRECTION('center_axis',(0.,-0.707106781186554,0.707106781186541));
#2136=DIRECTION('ref_axis',(1.,0.,0.));
#2137=DIRECTION('',(-1.,0.,0.));
#2138=DIRECTION('',(1.,0.,0.));
#2139=DIRECTION('',(0.281084637714759,0.678598344545842,0.678598344545878));
#2140=DIRECTION('center_axis',(0.500000000000025,-0.707106781186539,0.499999999999987));
#2141=DIRECTION('ref_axis',(0.707106781186521,0.,-0.707106781186574));
#2142=DIRECTION('',(-0.707106781186521,0.,0.707106781186574));
#2143=DIRECTION('',(0.707106781186521,0.,-0.707106781186574));
#2144=DIRECTION('',(0.678598344545858,0.678598344545858,0.281084637714766));
#2145=DIRECTION('center_axis',(0.707106781186541,-0.707106781186554,0.));
#2146=DIRECTION('ref_axis',(0.,0.,-1.));
#2147=DIRECTION('',(0.,0.,1.));
#2148=DIRECTION('',(0.,0.,-1.));
#2149=DIRECTION('center_axis',(0.707106781186548,0.,-0.707106781186548));
#2150=DIRECTION('ref_axis',(-0.707106781186548,0.,-0.707106781186548));
#2151=DIRECTION('',(0.,1.,0.));
#2152=DIRECTION('',(0.,1.,0.));
#2153=DIRECTION('center_axis',(0.,0.,-1.));
#2154=DIRECTION('ref_axis',(-1.,0.,0.));
#2155=DIRECTION('',(0.,1.,0.));
#2156=DIRECTION('center_axis',(-0.707106781186548,0.,-0.707106781186548));
#2157=DIRECTION('ref_axis',(-0.707106781186548,0.,0.707106781186548));
#2158=DIRECTION('',(0.,1.,0.));
#2159=DIRECTION('center_axis',(-1.,0.,0.));
#2160=DIRECTION('ref_axis',(0.,0.,1.));
#2161=DIRECTION('',(0.,1.,0.));
#2162=DIRECTION('center_axis',(0.,-1.,0.));
#2163=DIRECTION('ref_axis',(0.,0.,-1.));
#2164=DIRECTION('center_axis',(0.,-1.,0.));
#2165=DIRECTION('ref_axis',(-1.,0.,0.));
#2166=DIRECTION('center_axis',(0.,-1.,0.));
#2167=DIRECTION('ref_axis',(-1.,0.,0.));
#2168=DIRECTION('center_axis',(0.,1.,0.));
#2169=DIRECTION('ref_axis',(-1.,0.,0.));
#2170=DIRECTION('',(0.707106781186548,-0.707106781186548,-8.65956056235493E-17));
#2171=DIRECTION('center_axis',(0.,1.,0.));
#2172=DIRECTION('ref_axis',(-1.,0.,0.));
#2173=DIRECTION('center_axis',(0.,1.,0.));
#2174=DIRECTION('ref_axis',(-1.,0.,0.));
#2175=DIRECTION('',(0.,-1.,0.));
#2176=DIRECTION('center_axis',(1.,0.,0.));
#2177=DIRECTION('ref_axis',(0.,-0.707106781186547,0.707106781186547));
#2178=DIRECTION('',(-1.,0.,0.));
#2179=DIRECTION('center_axis',(-0.707106781186543,0.,-0.707106781186553));
#2180=DIRECTION('ref_axis',(-0.707106781186553,0.,0.707106781186543));
#2181=DIRECTION('',(1.,0.,0.));
#2182=DIRECTION('center_axis',(0.70710678118654,0.,-0.707106781186555));
#2183=DIRECTION('ref_axis',(-0.707106781186555,0.,-0.70710678118654));
#2184=DIRECTION('center_axis',(0.,0.,-1.));
#2185=DIRECTION('ref_axis',(0.707106781186547,-0.707106781186547,0.));
#2186=DIRECTION('',(0.,0.,-1.));
#2187=DIRECTION('center_axis',(-0.707106781186545,0.,-0.70710678118655));
#2188=DIRECTION('ref_axis',(-0.70710678118655,0.,0.707106781186545));
#2189=DIRECTION('',(0.,0.,1.));
#2190=DIRECTION('center_axis',(-1.,0.,0.));
#2191=DIRECTION('ref_axis',(0.,-0.707106781186547,-0.707106781186547));
#2192=DIRECTION('',(1.,0.,0.));
#2193=DIRECTION('',(-1.,0.,0.));
#2194=DIRECTION('center_axis',(-0.707106781186548,0.,0.707106781186548));
#2195=DIRECTION('ref_axis',(0.707106781186547,0.,0.707106781186547));
#2196=DIRECTION('center_axis',(0.,0.,1.));
#2197=DIRECTION('ref_axis',(-0.707106781186547,-0.707106781186547,0.));
#2198=DIRECTION('',(0.,0.,-1.));
#2199=DIRECTION('',(0.,0.,1.));
#2200=DIRECTION('center_axis',(-1.,0.,0.));
#2201=DIRECTION('ref_axis',(0.,0.,1.));
#2202=DIRECTION('',(0.,1.,0.));
#2203=DIRECTION('',(0.,8.11121844475E-17,1.));
#2204=DIRECTION('',(0.,1.,0.));
#2205=DIRECTION('center_axis',(0.,0.,-1.));
#2206=DIRECTION('ref_axis',(-1.,0.,0.));
#2207=DIRECTION('',(0.,1.,0.));
#2208=DIRECTION('',(-1.,0.,0.));
#2209=DIRECTION('center_axis',(0.,1.,0.));
#2210=DIRECTION('ref_axis',(0.,0.,1.));
#2211=DIRECTION('center_axis',(0.,0.,1.));
#2212=DIRECTION('ref_axis',(1.,0.,0.));
#2213=DIRECTION('',(1.,0.,0.));
#2214=DIRECTION('',(0.,1.,0.));
#2215=DIRECTION('center_axis',(1.,0.,0.));
#2216=DIRECTION('ref_axis',(0.,0.,-1.));
#2217=DIRECTION('',(0.,-8.11121844475E-17,-1.));
#2218=DIRECTION('center_axis',(0.,1.,-8.11121844475E-17));
#2219=DIRECTION('ref_axis',(0.,8.11121844475E-17,1.));
#2220=DIRECTION('',(1.,0.,0.));
#2221=DIRECTION('',(0.,-8.11121844475E-17,-1.));
#2222=DIRECTION('center_axis',(1.,0.,0.));
#2223=DIRECTION('ref_axis',(0.,0.,-1.));
#2224=DIRECTION('',(0.,1.,0.));
#2225=DIRECTION('center_axis',(0.,0.,1.));
#2226=DIRECTION('ref_axis',(1.,0.,0.));
#2227=DIRECTION('center_axis',(0.,1.,0.));
#2228=DIRECTION('ref_axis',(0.,0.,1.));
#2229=DIRECTION('center_axis',(0.707106781186574,0.,0.707106781186521));
#2230=DIRECTION('ref_axis',(0.707106781186521,0.,-0.707106781186574));
#2231=DIRECTION('',(0.,1.,0.));
#2232=DIRECTION('',(0.,1.,0.));
#2233=DIRECTION('center_axis',(0.,0.,1.));
#2234=DIRECTION('ref_axis',(1.,0.,0.));
#2235=DIRECTION('',(0.,1.,0.));
#2236=DIRECTION('center_axis',(-0.707106781186521,0.,0.707106781186574));
#2237=DIRECTION('ref_axis',(0.707106781186574,0.,0.707106781186521));
#2238=DIRECTION('center_axis',(1.,0.,0.));
#2239=DIRECTION('ref_axis',(0.,0.,-1.));
#2240=DIRECTION('center_axis',(0.,1.,0.));
#2241=DIRECTION('ref_axis',(0.,0.,1.));
#2242=DIRECTION('center_axis',(0.707106781186574,0.,0.707106781186521));
#2243=DIRECTION('ref_axis',(0.707106781186521,0.,-0.707106781186574));
#2244=DIRECTION('',(0.,1.,0.));
#2245=DIRECTION('',(0.,1.,0.));
#2246=DIRECTION('center_axis',(0.,0.,1.));
#2247=DIRECTION('ref_axis',(1.,0.,0.));
#2248=DIRECTION('',(0.,1.,0.));
#2249=DIRECTION('center_axis',(-0.707106781186521,0.,0.707106781186574));
#2250=DIRECTION('ref_axis',(0.707106781186574,0.,0.707106781186521));
#2251=DIRECTION('center_axis',(1.,0.,0.));
#2252=DIRECTION('ref_axis',(0.,0.,-1.));
#2253=DIRECTION('center_axis',(0.,1.,0.));
#2254=DIRECTION('ref_axis',(0.,0.,1.));
#2255=DIRECTION('center_axis',(0.707106781186574,0.,0.707106781186521));
#2256=DIRECTION('ref_axis',(0.707106781186521,0.,-0.707106781186574));
#2257=DIRECTION('',(0.,1.,0.));
#2258=DIRECTION('',(0.,1.,0.));
#2259=DIRECTION('center_axis',(0.,0.,1.));
#2260=DIRECTION('ref_axis',(1.,0.,0.));
#2261=DIRECTION('',(0.,1.,0.));
#2262=DIRECTION('center_axis',(-0.707106781186521,0.,0.707106781186574));
#2263=DIRECTION('ref_axis',(0.707106781186574,0.,0.707106781186521));
#2264=DIRECTION('center_axis',(1.,0.,0.));
#2265=DIRECTION('ref_axis',(0.,0.,-1.));
#2266=DIRECTION('center_axis',(0.,1.,0.));
#2267=DIRECTION('ref_axis',(0.,0.,1.));
#2268=DIRECTION('center_axis',(0.707106781186574,0.,0.707106781186521));
#2269=DIRECTION('ref_axis',(0.707106781186521,0.,-0.707106781186574));
#2270=DIRECTION('',(0.,1.,0.));
#2271=DIRECTION('',(0.,1.,0.));
#2272=DIRECTION('center_axis',(0.,0.,1.));
#2273=DIRECTION('ref_axis',(1.,0.,0.));
#2274=DIRECTION('',(0.,1.,0.));
#2275=DIRECTION('center_axis',(-0.707106781186521,0.,0.707106781186574));
#2276=DIRECTION('ref_axis',(0.707106781186574,0.,0.707106781186521));
#2277=DIRECTION('center_axis',(1.,0.,0.));
#2278=DIRECTION('ref_axis',(0.,0.,-1.));
#2279=DIRECTION('',(0.,0.,1.));
#2280=DIRECTION('',(1.,0.,0.));
#2281=DIRECTION('',(0.,0.,1.));
#2282=DIRECTION('',(1.,0.,0.));
#2283=DIRECTION('',(0.,0.,1.));
#2284=DIRECTION('',(1.,0.,0.));
#2285=DIRECTION('',(0.,0.,1.));
#2286=DIRECTION('',(1.,0.,0.));
#2287=DIRECTION('',(0.,0.,1.));
#2288=DIRECTION('',(1.,0.,0.));
#2289=DIRECTION('',(0.,0.,1.));
#2290=DIRECTION('',(1.,0.,0.));
#2291=CARTESIAN_POINT('',(0.,0.,0.));
#2292=CARTESIAN_POINT('',(0.,0.,0.));
#2293=CARTESIAN_POINT('',(0.,0.,0.));
#2294=CARTESIAN_POINT('',(0.,0.,0.));
#2295=CARTESIAN_POINT('',(0.,0.,0.));
#2296=CARTESIAN_POINT('',(0.,0.,0.));
#2297=CARTESIAN_POINT('',(0.,0.,0.));
#2298=CARTESIAN_POINT('',(0.,0.,0.));
#2299=CARTESIAN_POINT('',(0.,0.,0.));
#2300=CARTESIAN_POINT('Origin',(119.2,105.2,192.415));
#2301=CARTESIAN_POINT('',(119.7,104.7,182.87));
#2302=CARTESIAN_POINT('',(119.7,104.7,223.05));
#2303=CARTESIAN_POINT('',(119.7,104.7,192.415));
#2304=CARTESIAN_POINT('',(118.7,105.7,224.05));
#2305=CARTESIAN_POINT('',(119.7,104.7,223.05));
#2306=CARTESIAN_POINT('',(118.7,105.7,181.87));
#2307=CARTESIAN_POINT('',(118.7,105.7,192.415));
#2308=CARTESIAN_POINT('',(118.7,105.7,181.87));
#2309=CARTESIAN_POINT('Origin',(129.245,105.2,223.55));
#2310=CARTESIAN_POINT('',(159.88,104.7,223.05));
#2311=CARTESIAN_POINT('',(129.245,104.7,223.05));
#2312=CARTESIAN_POINT('',(160.88,105.7,224.05));
#2313=CARTESIAN_POINT('',(159.88,104.7,223.05));
#2314=CARTESIAN_POINT('',(129.245,105.7,224.05));
#2315=CARTESIAN_POINT('Origin',(160.38,105.2,213.505));
#2316=CARTESIAN_POINT('',(160.88,105.7,181.87));
#2317=CARTESIAN_POINT('',(160.88,105.7,213.505));
#2318=CARTESIAN_POINT('',(159.88,104.7,182.87));
#2319=CARTESIAN_POINT('',(159.88,104.7,213.505));
#2320=CARTESIAN_POINT('',(159.88,104.7,182.87));
#2321=CARTESIAN_POINT('Origin',(150.335,105.2,182.37));
#2322=CARTESIAN_POINT('',(150.335,104.7,182.87));
#2323=CARTESIAN_POINT('',(150.335,105.7,181.87));
#2324=CARTESIAN_POINT('Origin',(160.88,104.7,181.87));
#2325=CARTESIAN_POINT('',(118.7,136.5,181.87));
#2326=CARTESIAN_POINT('',(118.7,104.7,181.87));
#2327=CARTESIAN_POINT('',(160.88,136.5,181.87));
#2328=CARTESIAN_POINT('',(150.335,136.5,181.87));
#2329=CARTESIAN_POINT('',(160.88,104.7,181.87));
#2330=CARTESIAN_POINT('Origin',(118.7,104.7,181.87));
#2331=CARTESIAN_POINT('',(118.7,136.5,224.05));
#2332=CARTESIAN_POINT('',(118.7,104.7,224.05));
#2333=CARTESIAN_POINT('',(118.7,136.5,192.415));
#2334=CARTESIAN_POINT('Origin',(139.79,104.7,202.96));
#2335=CARTESIAN_POINT('',(159.58,104.7,221.7955));
#2336=CARTESIAN_POINT('',(158.6255,104.7,222.75));
#2337=CARTESIAN_POINT('',(158.864125,104.7,222.511375));
#2338=CARTESIAN_POINT('',(159.58,104.7,205.2145));
#2339=CARTESIAN_POINT('',(159.58,104.7,212.37775));
#2340=CARTESIAN_POINT('',(158.6255,104.7,204.26));
#2341=CARTESIAN_POINT('',(154.068875,104.7,199.703375));
#2342=CARTESIAN_POINT('',(142.0445,104.7,204.26));
#2343=CARTESIAN_POINT('',(149.20775,104.7,204.26));
#2344=CARTESIAN_POINT('',(141.09,104.7,205.2145));
#2345=CARTESIAN_POINT('',(141.805875,104.7,204.498625));
#2346=CARTESIAN_POINT('',(141.09,104.7,221.7955));
#2347=CARTESIAN_POINT('',(141.09,104.7,204.08725));
#2348=CARTESIAN_POINT('',(142.0445,104.7,222.75));
#2349=CARTESIAN_POINT('',(136.056125,104.7,216.761625));
#2350=CARTESIAN_POINT('',(140.91725,104.7,222.75));
#2351=CARTESIAN_POINT('',(138.49,104.7,221.7955));
#2352=CARTESIAN_POINT('',(137.5355,104.7,222.75));
#2353=CARTESIAN_POINT('',(143.046625,104.7,217.238875));
#2354=CARTESIAN_POINT('',(138.49,104.7,205.2145));
#2355=CARTESIAN_POINT('',(138.49,104.7,212.37775));
#2356=CARTESIAN_POINT('',(137.5355,104.7,204.26));
#2357=CARTESIAN_POINT('',(138.251375,104.7,204.975875));
#2358=CARTESIAN_POINT('',(120.9545,104.7,204.26));
#2359=CARTESIAN_POINT('',(138.66275,104.7,204.26));
#2360=CARTESIAN_POINT('',(120.,104.7,205.2145));
#2361=CARTESIAN_POINT('',(125.988375,104.7,199.226125));
#2362=CARTESIAN_POINT('',(120.,104.7,221.7955));
#2363=CARTESIAN_POINT('',(120.,104.7,204.08725));
#2364=CARTESIAN_POINT('',(120.9545,104.7,222.75));
#2365=CARTESIAN_POINT('',(120.238625,104.7,222.034125));
#2366=CARTESIAN_POINT('',(130.37225,104.7,222.75));
#2367=CARTESIAN_POINT('',(159.58,104.7,200.7055));
#2368=CARTESIAN_POINT('',(158.6255,104.7,201.66));
#2369=CARTESIAN_POINT('',(153.591625,104.7,206.693875));
#2370=CARTESIAN_POINT('',(159.58,104.7,184.1245));
#2371=CARTESIAN_POINT('',(159.58,104.7,201.83275));
#2372=CARTESIAN_POINT('',(158.6255,104.7,183.17));
#2373=CARTESIAN_POINT('',(159.341375,104.7,183.885875));
#2374=CARTESIAN_POINT('',(142.0445,104.7,183.17));
#2375=CARTESIAN_POINT('',(149.20775,104.7,183.17));
#2376=CARTESIAN_POINT('',(141.09,104.7,184.1245));
#2377=CARTESIAN_POINT('',(136.533375,104.7,188.681125));
#2378=CARTESIAN_POINT('',(141.09,104.7,200.7055));
#2379=CARTESIAN_POINT('',(141.09,104.7,193.54225));
#2380=CARTESIAN_POINT('',(142.0445,104.7,201.66));
#2381=CARTESIAN_POINT('',(141.328625,104.7,200.944125));
#2382=CARTESIAN_POINT('',(140.91725,104.7,201.66));
#2383=CARTESIAN_POINT('',(138.49,104.7,200.7055));
#2384=CARTESIAN_POINT('',(137.5355,104.7,201.66));
#2385=CARTESIAN_POINT('',(137.774125,104.7,201.421375));
#2386=CARTESIAN_POINT('',(138.49,104.7,184.1245));
#2387=CARTESIAN_POINT('',(138.49,104.7,201.83275));
#2388=CARTESIAN_POINT('',(137.5355,104.7,183.17));
#2389=CARTESIAN_POINT('',(143.523875,104.7,189.158375));
#2390=CARTESIAN_POINT('',(120.9545,104.7,183.17));
#2391=CARTESIAN_POINT('',(138.66275,104.7,183.17));
#2392=CARTESIAN_POINT('',(120.,104.7,184.1245));
#2393=CARTESIAN_POINT('',(120.715875,104.7,183.408625));
#2394=CARTESIAN_POINT('',(120.,104.7,200.7055));
#2395=CARTESIAN_POINT('',(120.,104.7,193.54225));
#2396=CARTESIAN_POINT('',(120.9545,104.7,201.66));
#2397=CARTESIAN_POINT('',(125.511125,104.7,206.216625));
#2398=CARTESIAN_POINT('',(130.37225,104.7,201.66));
#2399=CARTESIAN_POINT('Origin',(158.987821609407,101.2,184.239428390593));
#2400=CARTESIAN_POINT('',(158.58,100.7,184.538713562373));
#2401=CARTESIAN_POINT('',(158.211286437627,100.7,184.17));
#2402=CARTESIAN_POINT('',(158.634268218813,100.7,184.592981781187));
#2403=CARTESIAN_POINT('',(158.6255,101.7,183.17));
#2404=CARTESIAN_POINT('',(158.211286437627,100.7,184.17));
#2405=CARTESIAN_POINT('',(159.58,101.7,184.1245));
#2406=CARTESIAN_POINT('',(159.341375,101.7,183.885875));
#2407=CARTESIAN_POINT('',(158.58,100.7,184.538713562373));
#2408=CARTESIAN_POINT('Origin',(149.20775,101.2,183.67));
#2409=CARTESIAN_POINT('',(142.458713562373,100.7,184.17));
#2410=CARTESIAN_POINT('',(149.20775,100.7,184.17));
#2411=CARTESIAN_POINT('',(142.0445,101.7,183.17));
#2412=CARTESIAN_POINT('',(142.458713562373,100.7,184.17));
#2413=CARTESIAN_POINT('',(149.20775,101.7,183.17));
#2414=CARTESIAN_POINT('Origin',(141.59,101.2,193.54225));
#2415=CARTESIAN_POINT('',(141.09,101.7,200.7055));
#2416=CARTESIAN_POINT('',(141.09,101.7,184.1245));
#2417=CARTESIAN_POINT('',(141.09,101.7,193.54225));
#2418=CARTESIAN_POINT('',(142.09,100.7,184.538713562373));
#2419=CARTESIAN_POINT('',(141.09,101.7,184.1245));
#2420=CARTESIAN_POINT('',(142.09,100.7,200.291286437627));
#2421=CARTESIAN_POINT('',(142.09,100.7,193.54225));
#2422=CARTESIAN_POINT('',(142.09,100.7,200.291286437627));
#2423=CARTESIAN_POINT('Origin',(136.886928390593,101.2,189.034678390593));
#2424=CARTESIAN_POINT('',(137.240481781187,100.7,189.388231781187));
#2425=CARTESIAN_POINT('',(136.533375,101.7,188.681125));
#2426=CARTESIAN_POINT('Origin',(141.682178390593,101.2,200.590571609407));
#2427=CARTESIAN_POINT('',(142.0445,101.7,201.66));
#2428=CARTESIAN_POINT('',(141.328625,101.7,200.944125));
#2429=CARTESIAN_POINT('',(142.458713562373,100.7,200.66));
#2430=CARTESIAN_POINT('',(142.035731781187,100.7,200.237018218813));
#2431=CARTESIAN_POINT('',(142.458713562373,100.7,200.66));
#2432=CARTESIAN_POINT('Origin',(140.91725,101.2,201.16));
#2433=CARTESIAN_POINT('',(158.6255,101.7,201.66));
#2434=CARTESIAN_POINT('',(140.91725,101.7,201.66));
#2435=CARTESIAN_POINT('',(158.211286437627,100.7,200.66));
#2436=CARTESIAN_POINT('',(140.91725,100.7,200.66));
#2437=CARTESIAN_POINT('',(158.211286437627,100.7,200.66));
#2438=CARTESIAN_POINT('Origin',(153.238071609407,101.2,206.340321609407));
#2439=CARTESIAN_POINT('',(159.58,101.7,200.7055));
#2440=CARTESIAN_POINT('',(153.591625,101.7,206.693875));
#2441=CARTESIAN_POINT('',(158.58,100.7,200.291286437627));
#2442=CARTESIAN_POINT('',(152.884518218814,100.7,205.986768218813));
#2443=CARTESIAN_POINT('',(158.58,100.7,200.291286437627));
#2444=CARTESIAN_POINT('Origin',(159.08,101.2,201.83275));
#2445=CARTESIAN_POINT('',(159.58,101.7,201.83275));
#2446=CARTESIAN_POINT('',(158.58,100.7,201.83275));
#2447=CARTESIAN_POINT('Origin',(159.58,100.7,184.1245));
#2448=CARTESIAN_POINT('',(158.6255,100.7,183.17));
#2449=CARTESIAN_POINT('',(159.58,100.7,184.1245));
#2450=CARTESIAN_POINT('Origin',(158.6255,100.7,183.17));
#2451=CARTESIAN_POINT('',(142.0445,100.7,183.17));
#2452=CARTESIAN_POINT('Origin',(142.0445,100.7,183.17));
#2453=CARTESIAN_POINT('',(141.09,100.7,184.1245));
#2454=CARTESIAN_POINT('Origin',(141.09,100.7,184.1245));
#2455=CARTESIAN_POINT('',(141.09,100.7,200.7055));
#2456=CARTESIAN_POINT('Origin',(139.79,100.7,202.96));
#2457=CARTESIAN_POINT('',(157.662,100.7,192.415));
#2458=CARTESIAN_POINT('Origin',(150.335,100.7,192.415));
#2459=CARTESIAN_POINT('Origin',(150.335,101.2,192.415));
#2460=CARTESIAN_POINT('',(156.662,101.7,192.415));
#2461=CARTESIAN_POINT('Origin',(150.335,101.7,192.415));
#2462=CARTESIAN_POINT('',(157.162,101.2,192.415));
#2463=CARTESIAN_POINT('Origin',(150.335,100.7,192.415));
#2464=CARTESIAN_POINT('',(156.662,102.7,192.415));
#2465=CARTESIAN_POINT('Origin',(150.335,102.7,192.415));
#2466=CARTESIAN_POINT('',(156.662,100.7,192.415));
#2467=CARTESIAN_POINT('Origin',(143.170321609407,101.2,189.511928390593));
#2468=CARTESIAN_POINT('',(137.49,100.7,184.538713562373));
#2469=CARTESIAN_POINT('',(137.121286437627,100.7,184.17));
#2470=CARTESIAN_POINT('',(142.816768218813,100.7,189.865481781187));
#2471=CARTESIAN_POINT('',(137.5355,101.7,183.17));
#2472=CARTESIAN_POINT('',(137.121286437627,100.7,184.17));
#2473=CARTESIAN_POINT('',(138.49,101.7,184.1245));
#2474=CARTESIAN_POINT('',(143.523875,101.7,189.158375));
#2475=CARTESIAN_POINT('',(137.49,100.7,184.538713562373));
#2476=CARTESIAN_POINT('Origin',(138.66275,101.2,183.67));
#2477=CARTESIAN_POINT('',(121.368713562373,100.7,184.17));
#2478=CARTESIAN_POINT('',(138.66275,100.7,184.17));
#2479=CARTESIAN_POINT('',(120.9545,101.7,183.17));
#2480=CARTESIAN_POINT('',(121.368713562373,100.7,184.17));
#2481=CARTESIAN_POINT('',(138.66275,101.7,183.17));
#2482=CARTESIAN_POINT('Origin',(120.5,101.2,193.54225));
#2483=CARTESIAN_POINT('',(120.,101.7,200.7055));
#2484=CARTESIAN_POINT('',(120.,101.7,184.1245));
#2485=CARTESIAN_POINT('',(120.,101.7,193.54225));
#2486=CARTESIAN_POINT('',(121.,100.7,184.538713562373));
#2487=CARTESIAN_POINT('',(120.,101.7,184.1245));
#2488=CARTESIAN_POINT('',(121.,100.7,200.291286437627));
#2489=CARTESIAN_POINT('',(121.,100.7,193.54225));
#2490=CARTESIAN_POINT('',(121.,100.7,200.291286437627));
#2491=CARTESIAN_POINT('Origin',(121.069428390593,101.2,183.762178390593));
#2492=CARTESIAN_POINT('',(121.422981781187,100.7,184.115731781187));
#2493=CARTESIAN_POINT('',(120.715875,101.7,183.408625));
#2494=CARTESIAN_POINT('Origin',(125.864678390594,101.2,205.863071609407));
#2495=CARTESIAN_POINT('',(120.9545,101.7,201.66));
#2496=CARTESIAN_POINT('',(125.511125,101.7,206.216625));
#2497=CARTESIAN_POINT('',(121.368713562373,100.7,200.66));
#2498=CARTESIAN_POINT('',(126.218231781187,100.7,205.509518218813));
#2499=CARTESIAN_POINT('',(121.368713562373,100.7,200.66));
#2500=CARTESIAN_POINT('Origin',(130.37225,101.2,201.16));
#2501=CARTESIAN_POINT('',(137.5355,101.7,201.66));
#2502=CARTESIAN_POINT('',(130.37225,101.7,201.66));
#2503=CARTESIAN_POINT('',(137.121286437627,100.7,200.66));
#2504=CARTESIAN_POINT('',(130.37225,100.7,200.66));
#2505=CARTESIAN_POINT('',(137.121286437627,100.7,200.66));
#2506=CARTESIAN_POINT('Origin',(137.420571609407,101.2,201.067821609407));
#2507=CARTESIAN_POINT('',(138.49,101.7,200.7055));
#2508=CARTESIAN_POINT('',(137.774125,101.7,201.421375));
#2509=CARTESIAN_POINT('',(137.49,100.7,200.291286437627));
#2510=CARTESIAN_POINT('',(137.067018218813,100.7,200.714268218813));
#2511=CARTESIAN_POINT('',(137.49,100.7,200.291286437627));
#2512=CARTESIAN_POINT('Origin',(137.99,101.2,201.83275));
#2513=CARTESIAN_POINT('',(138.49,101.7,201.83275));
#2514=CARTESIAN_POINT('',(137.49,100.7,201.83275));
#2515=CARTESIAN_POINT('Origin',(138.49,100.7,184.1245));
#2516=CARTESIAN_POINT('',(137.5355,100.7,183.17));
#2517=CARTESIAN_POINT('',(138.49,100.7,184.1245));
#2518=CARTESIAN_POINT('Origin',(137.5355,100.7,183.17));
#2519=CARTESIAN_POINT('',(120.9545,100.7,183.17));
#2520=CARTESIAN_POINT('Origin',(120.9545,100.7,183.17));
#2521=CARTESIAN_POINT('',(120.,100.7,184.1245));
#2522=CARTESIAN_POINT('Origin',(120.,100.7,184.1245));
#2523=CARTESIAN_POINT('',(120.,100.7,200.7055));
#2524=CARTESIAN_POINT('Origin',(139.79,100.7,202.96));
#2525=CARTESIAN_POINT('',(136.572,100.7,192.415));
#2526=CARTESIAN_POINT('Origin',(129.245,100.7,192.415));
#2527=CARTESIAN_POINT('Origin',(129.245,101.2,192.415));
#2528=CARTESIAN_POINT('',(135.572,101.7,192.415));
#2529=CARTESIAN_POINT('Origin',(129.245,101.7,192.415));
#2530=CARTESIAN_POINT('',(136.072,101.2,192.415));
#2531=CARTESIAN_POINT('Origin',(129.245,100.7,192.415));
#2532=CARTESIAN_POINT('',(135.572,102.7,192.415));
#2533=CARTESIAN_POINT('Origin',(129.245,102.7,192.415));
#2534=CARTESIAN_POINT('',(135.572,100.7,192.415));
#2535=CARTESIAN_POINT('Origin',(137.897821609407,101.2,205.329428390593));
#2536=CARTESIAN_POINT('',(137.49,100.7,205.628713562373));
#2537=CARTESIAN_POINT('',(137.121286437627,100.7,205.26));
#2538=CARTESIAN_POINT('',(137.544268218813,100.7,205.682981781187));
#2539=CARTESIAN_POINT('',(137.5355,101.7,204.26));
#2540=CARTESIAN_POINT('',(137.121286437627,100.7,205.26));
#2541=CARTESIAN_POINT('',(138.49,101.7,205.2145));
#2542=CARTESIAN_POINT('',(138.251375,101.7,204.975875));
#2543=CARTESIAN_POINT('',(137.49,100.7,205.628713562373));
#2544=CARTESIAN_POINT('Origin',(138.66275,101.2,204.76));
#2545=CARTESIAN_POINT('',(121.368713562373,100.7,205.26));
#2546=CARTESIAN_POINT('',(138.66275,100.7,205.26));
#2547=CARTESIAN_POINT('',(120.9545,101.7,204.26));
#2548=CARTESIAN_POINT('',(121.368713562373,100.7,205.26));
#2549=CARTESIAN_POINT('',(138.66275,101.7,204.26));
#2550=CARTESIAN_POINT('Origin',(120.5,101.2,204.08725));
#2551=CARTESIAN_POINT('',(120.,101.7,221.7955));
#2552=CARTESIAN_POINT('',(120.,101.7,205.2145));
#2553=CARTESIAN_POINT('',(120.,101.7,204.08725));
#2554=CARTESIAN_POINT('',(121.,100.7,205.628713562373));
#2555=CARTESIAN_POINT('',(120.,101.7,205.2145));
#2556=CARTESIAN_POINT('',(121.,100.7,221.381286437627));
#2557=CARTESIAN_POINT('',(121.,100.7,204.08725));
#2558=CARTESIAN_POINT('',(121.,100.7,221.381286437627));
#2559=CARTESIAN_POINT('Origin',(126.341928390593,101.2,199.579678390593));
#2560=CARTESIAN_POINT('',(126.695481781187,100.7,199.933231781187));
#2561=CARTESIAN_POINT('',(125.988375,101.7,199.226125));
#2562=CARTESIAN_POINT('Origin',(120.592178390594,101.2,221.680571609407));
#2563=CARTESIAN_POINT('',(120.9545,101.7,222.75));
#2564=CARTESIAN_POINT('',(120.238625,101.7,222.034125));
#2565=CARTESIAN_POINT('',(121.368713562373,100.7,221.75));
#2566=CARTESIAN_POINT('',(120.945731781187,100.7,221.327018218814));
#2567=CARTESIAN_POINT('',(121.368713562373,100.7,221.75));
#2568=CARTESIAN_POINT('Origin',(130.37225,101.2,222.25));
#2569=CARTESIAN_POINT('',(137.5355,101.7,222.75));
#2570=CARTESIAN_POINT('',(130.37225,101.7,222.75));
#2571=CARTESIAN_POINT('',(137.121286437627,100.7,221.75));
#2572=CARTESIAN_POINT('',(130.37225,100.7,221.75));
#2573=CARTESIAN_POINT('',(137.121286437627,100.7,221.75));
#2574=CARTESIAN_POINT('Origin',(142.693071609407,101.2,216.885321609406));
#2575=CARTESIAN_POINT('',(138.49,101.7,221.7955));
#2576=CARTESIAN_POINT('',(143.046625,101.7,217.238875));
#2577=CARTESIAN_POINT('',(137.49,100.7,221.381286437627));
#2578=CARTESIAN_POINT('',(142.339518218813,100.7,216.531768218813));
#2579=CARTESIAN_POINT('',(137.49,100.7,221.381286437627));
#2580=CARTESIAN_POINT('Origin',(137.99,101.2,212.37775));
#2581=CARTESIAN_POINT('',(138.49,101.7,212.37775));
#2582=CARTESIAN_POINT('',(137.49,100.7,212.37775));
#2583=CARTESIAN_POINT('Origin',(138.49,100.7,205.2145));
#2584=CARTESIAN_POINT('',(137.5355,100.7,204.26));
#2585=CARTESIAN_POINT('',(138.49,100.7,205.2145));
#2586=CARTESIAN_POINT('Origin',(137.5355,100.7,204.26));
#2587=CARTESIAN_POINT('',(120.9545,100.7,204.26));
#2588=CARTESIAN_POINT('Origin',(120.9545,100.7,204.26));
#2589=CARTESIAN_POINT('',(120.,100.7,205.2145));
#2590=CARTESIAN_POINT('Origin',(120.,100.7,205.2145));
#2591=CARTESIAN_POINT('',(120.,100.7,221.7955));
#2592=CARTESIAN_POINT('Origin',(139.79,100.7,202.96));
#2593=CARTESIAN_POINT('',(136.572,100.7,213.505));
#2594=CARTESIAN_POINT('Origin',(129.245,100.7,213.505));
#2595=CARTESIAN_POINT('Origin',(129.245,101.2,213.505));
#2596=CARTESIAN_POINT('',(135.572,101.7,213.505));
#2597=CARTESIAN_POINT('Origin',(129.245,101.7,213.505));
#2598=CARTESIAN_POINT('',(136.072,101.2,213.505));
#2599=CARTESIAN_POINT('Origin',(129.245,100.7,213.505));
#2600=CARTESIAN_POINT('',(135.572,102.7,213.505));
#2601=CARTESIAN_POINT('Origin',(129.245,102.7,213.505));
#2602=CARTESIAN_POINT('',(135.572,100.7,213.505));
#2603=CARTESIAN_POINT('Origin',(153.715321609407,101.2,200.056928390593));
#2604=CARTESIAN_POINT('',(158.58,100.7,205.628713562373));
#2605=CARTESIAN_POINT('',(158.211286437627,100.7,205.26));
#2606=CARTESIAN_POINT('',(153.361768218813,100.7,200.410481781187));
#2607=CARTESIAN_POINT('',(158.6255,101.7,204.26));
#2608=CARTESIAN_POINT('',(158.211286437627,100.7,205.26));
#2609=CARTESIAN_POINT('',(159.58,101.7,205.2145));
#2610=CARTESIAN_POINT('',(154.068875,101.7,199.703375));
#2611=CARTESIAN_POINT('',(158.58,100.7,205.628713562373));
#2612=CARTESIAN_POINT('Origin',(149.20775,101.2,204.76));
#2613=CARTESIAN_POINT('',(142.458713562373,100.7,205.26));
#2614=CARTESIAN_POINT('',(149.20775,100.7,205.26));
#2615=CARTESIAN_POINT('',(142.0445,101.7,204.26));
#2616=CARTESIAN_POINT('',(142.458713562373,100.7,205.26));
#2617=CARTESIAN_POINT('',(149.20775,101.7,204.26));
#2618=CARTESIAN_POINT('Origin',(141.59,101.2,204.08725));
#2619=CARTESIAN_POINT('',(141.09,101.7,221.7955));
#2620=CARTESIAN_POINT('',(141.09,101.7,205.2145));
#2621=CARTESIAN_POINT('',(141.09,101.7,204.08725));
#2622=CARTESIAN_POINT('',(142.09,100.7,205.628713562373));
#2623=CARTESIAN_POINT('',(141.09,101.7,205.2145));
#2624=CARTESIAN_POINT('',(142.09,100.7,221.381286437627));
#2625=CARTESIAN_POINT('',(142.09,100.7,204.08725));
#2626=CARTESIAN_POINT('',(142.09,100.7,221.381286437627));
#2627=CARTESIAN_POINT('Origin',(142.159428390593,101.2,204.852178390593));
#2628=CARTESIAN_POINT('',(142.512981781187,100.7,205.205731781187));
#2629=CARTESIAN_POINT('',(141.805875,101.7,204.498625));
#2630=CARTESIAN_POINT('Origin',(136.409678390593,101.2,216.408071609407));
#2631=CARTESIAN_POINT('',(142.0445,101.7,222.75));
#2632=CARTESIAN_POINT('',(136.056125,101.7,216.761625));
#2633=CARTESIAN_POINT('',(142.458713562373,100.7,221.75));
#2634=CARTESIAN_POINT('',(136.763231781187,100.7,216.054518218814));
#2635=CARTESIAN_POINT('',(142.458713562373,100.7,221.75));
#2636=CARTESIAN_POINT('Origin',(140.91725,101.2,222.25));
#2637=CARTESIAN_POINT('',(158.6255,101.7,222.75));
#2638=CARTESIAN_POINT('',(140.91725,101.7,222.75));
#2639=CARTESIAN_POINT('',(158.211286437627,100.7,221.75));
#2640=CARTESIAN_POINT('',(140.91725,100.7,221.75));
#2641=CARTESIAN_POINT('',(158.211286437627,100.7,221.75));
#2642=CARTESIAN_POINT('Origin',(158.510571609407,101.2,222.157821609406));
#2643=CARTESIAN_POINT('',(159.58,101.7,221.7955));
#2644=CARTESIAN_POINT('',(158.864125,101.7,222.511375));
#2645=CARTESIAN_POINT('',(158.58,100.7,221.381286437627));
#2646=CARTESIAN_POINT('',(158.157018218814,100.7,221.804268218813));
#2647=CARTESIAN_POINT('',(158.58,100.7,221.381286437627));
#2648=CARTESIAN_POINT('Origin',(159.08,101.2,212.37775));
#2649=CARTESIAN_POINT('',(159.58,101.7,212.37775));
#2650=CARTESIAN_POINT('',(158.58,100.7,212.37775));
#2651=CARTESIAN_POINT('Origin',(159.58,100.7,205.2145));
#2652=CARTESIAN_POINT('',(158.6255,100.7,204.26));
#2653=CARTESIAN_POINT('',(159.58,100.7,205.2145));
#2654=CARTESIAN_POINT('Origin',(158.6255,100.7,204.26));
#2655=CARTESIAN_POINT('',(142.0445,100.7,204.26));
#2656=CARTESIAN_POINT('Origin',(142.0445,100.7,204.26));
#2657=CARTESIAN_POINT('',(141.09,100.7,205.2145));
#2658=CARTESIAN_POINT('Origin',(141.09,100.7,205.2145));
#2659=CARTESIAN_POINT('',(141.09,100.7,221.7955));
#2660=CARTESIAN_POINT('Origin',(139.79,100.7,202.96));
#2661=CARTESIAN_POINT('',(157.662,100.7,213.505));
#2662=CARTESIAN_POINT('Origin',(150.335,100.7,213.505));
#2663=CARTESIAN_POINT('Origin',(150.335,101.2,213.505));
#2664=CARTESIAN_POINT('',(156.662,101.7,213.505));
#2665=CARTESIAN_POINT('Origin',(150.335,101.7,213.505));
#2666=CARTESIAN_POINT('',(157.162,101.2,213.505));
#2667=CARTESIAN_POINT('Origin',(150.335,100.7,213.505));
#2668=CARTESIAN_POINT('',(156.662,102.7,213.505));
#2669=CARTESIAN_POINT('Origin',(150.335,102.7,213.505));
#2670=CARTESIAN_POINT('',(156.662,100.7,213.505));
#2671=CARTESIAN_POINT('Origin',(149.735,108.2,220.35));
#2672=CARTESIAN_POINT('',(157.18,105.7,220.35));
#2673=CARTESIAN_POINT('',(122.4,105.7,220.35));
#2674=CARTESIAN_POINT('',(149.735,105.7,220.35));
#2675=CARTESIAN_POINT('',(119.9,108.2,222.85));
#2676=CARTESIAN_POINT('Origin',(122.4,108.2,220.35));
#2677=CARTESIAN_POINT('',(159.68,108.2,222.85));
#2678=CARTESIAN_POINT('',(149.735,108.2,222.85));
#2679=CARTESIAN_POINT('Origin',(157.18,108.2,220.35));
#2680=CARTESIAN_POINT('Origin',(157.18,108.2,193.015));
#2681=CARTESIAN_POINT('',(159.68,108.2,183.07));
#2682=CARTESIAN_POINT('',(159.68,108.2,193.015));
#2683=CARTESIAN_POINT('',(157.18,105.7,185.57));
#2684=CARTESIAN_POINT('Origin',(157.18,108.2,185.57));
#2685=CARTESIAN_POINT('',(157.18,105.7,193.015));
#2686=CARTESIAN_POINT('Origin',(129.845,108.2,185.57));
#2687=CARTESIAN_POINT('',(122.4,105.7,185.57));
#2688=CARTESIAN_POINT('',(129.845,105.7,185.57));
#2689=CARTESIAN_POINT('',(119.9,108.2,183.07));
#2690=CARTESIAN_POINT('',(129.845,108.2,183.07));
#2691=CARTESIAN_POINT('Origin',(122.4,108.2,185.57));
#2692=CARTESIAN_POINT('Origin',(122.4,108.2,212.905));
#2693=CARTESIAN_POINT('',(122.4,105.7,212.905));
#2694=CARTESIAN_POINT('',(119.9,108.2,212.905));
#2695=CARTESIAN_POINT('Origin',(159.68,105.7,183.07));
#2696=CARTESIAN_POINT('',(159.68,136.5,222.85));
#2697=CARTESIAN_POINT('',(159.68,105.7,222.85));
#2698=CARTESIAN_POINT('',(159.68,136.5,183.07));
#2699=CARTESIAN_POINT('',(159.68,136.5,193.015));
#2700=CARTESIAN_POINT('',(159.68,105.7,183.07));
#2701=CARTESIAN_POINT('Origin',(159.68,105.7,222.85));
#2702=CARTESIAN_POINT('',(119.9,136.5,222.85));
#2703=CARTESIAN_POINT('',(119.9,105.7,222.85));
#2704=CARTESIAN_POINT('',(149.735,136.5,222.85));
#2705=CARTESIAN_POINT('Origin',(139.79,105.7,202.96));
#2706=CARTESIAN_POINT('Origin',(119.9,105.7,183.07));
#2707=CARTESIAN_POINT('',(119.9,136.5,183.07));
#2708=CARTESIAN_POINT('',(129.845,136.5,183.07));
#2709=CARTESIAN_POINT('',(119.9,105.7,183.07));
#2710=CARTESIAN_POINT('Origin',(119.9,105.7,222.85));
#2711=CARTESIAN_POINT('',(119.9,136.5,212.905));
#2712=CARTESIAN_POINT('Origin',(139.79,136.5,202.96));
#2713=CARTESIAN_POINT('',(160.88,136.5,224.05));
#2714=CARTESIAN_POINT('',(129.245,136.5,224.05));
#2715=CARTESIAN_POINT('',(160.88,136.5,213.505));
#2716=CARTESIAN_POINT('Origin',(160.88,104.7,224.05));
#2717=CARTESIAN_POINT('',(160.88,104.7,224.05));
#2718=CARTESIAN_POINT('Origin',(118.7,104.7,224.05));
#2719=CARTESIAN_POINT('Origin',(139.79,102.7,202.96));
#2720=CARTESIAN_POINT('Origin',(158.6255,100.7,222.75));
#2721=CARTESIAN_POINT('',(159.58,100.7,221.7955));
#2722=CARTESIAN_POINT('',(158.6255,100.7,222.75));
#2723=CARTESIAN_POINT('Origin',(142.0445,100.7,222.75));
#2724=CARTESIAN_POINT('',(142.0445,100.7,222.75));
#2725=CARTESIAN_POINT('Origin',(141.09,100.7,221.7955));
#2726=CARTESIAN_POINT('Origin',(159.58,100.7,221.7955));
#2727=CARTESIAN_POINT('Origin',(139.79,102.7,202.96));
#2728=CARTESIAN_POINT('Origin',(137.5355,100.7,222.75));
#2729=CARTESIAN_POINT('',(138.49,100.7,221.7955));
#2730=CARTESIAN_POINT('',(137.5355,100.7,222.75));
#2731=CARTESIAN_POINT('Origin',(120.9545,100.7,222.75));
#2732=CARTESIAN_POINT('',(120.9545,100.7,222.75));
#2733=CARTESIAN_POINT('Origin',(120.,100.7,221.7955));
#2734=CARTESIAN_POINT('Origin',(138.49,100.7,221.7955));
#2735=CARTESIAN_POINT('Origin',(139.79,102.7,202.96));
#2736=CARTESIAN_POINT('Origin',(158.6255,100.7,201.66));
#2737=CARTESIAN_POINT('',(159.58,100.7,200.7055));
#2738=CARTESIAN_POINT('',(158.6255,100.7,201.66));
#2739=CARTESIAN_POINT('Origin',(142.0445,100.7,201.66));
#2740=CARTESIAN_POINT('',(142.0445,100.7,201.66));
#2741=CARTESIAN_POINT('Origin',(141.09,100.7,200.7055));
#2742=CARTESIAN_POINT('Origin',(159.58,100.7,200.7055));
#2743=CARTESIAN_POINT('Origin',(139.79,102.7,202.96));
#2744=CARTESIAN_POINT('Origin',(137.5355,100.7,201.66));
#2745=CARTESIAN_POINT('',(138.49,100.7,200.7055));
#2746=CARTESIAN_POINT('',(137.5355,100.7,201.66));
#2747=CARTESIAN_POINT('Origin',(120.9545,100.7,201.66));
#2748=CARTESIAN_POINT('',(120.9545,100.7,201.66));
#2749=CARTESIAN_POINT('Origin',(120.,100.7,200.7055));
#2750=CARTESIAN_POINT('Origin',(138.49,100.7,200.7055));
#2751=CARTESIAN_POINT('',(0.,0.,0.));
#2752=CARTESIAN_POINT('',(0.,0.,0.));
#2753=CARTESIAN_POINT('',(0.,0.,0.));
#2754=CARTESIAN_POINT('',(0.,0.,0.));
#2755=CARTESIAN_POINT('',(0.,0.,0.));
#2756=CARTESIAN_POINT('',(0.,0.,0.));
#2757=UNCERTAINTY_MEASURE_WITH_UNIT(LENGTH_MEASURE(0.01),#2775,
'DISTANCE_ACCURACY_VALUE',
'Maximum model space distance between geometric entities at asserted c
onnectivities');
#2758=UNCERTAINTY_MEASURE_WITH_UNIT(LENGTH_MEASURE(0.01),#2775,
'DISTANCE_ACCURACY_VALUE',
'Maximum model space distance between geometric entities at asserted c
onnectivities');
#2759=UNCERTAINTY_MEASURE_WITH_UNIT(LENGTH_MEASURE(0.01),#2775,
'DISTANCE_ACCURACY_VALUE',
'Maximum model space distance between geometric entities at asserted c
onnectivities');
#2760=UNCERTAINTY_MEASURE_WITH_UNIT(LENGTH_MEASURE(0.01),#2775,
'DISTANCE_ACCURACY_VALUE',
'Maximum model space distance between geometric entities at asserted c
onnectivities');
#2761=UNCERTAINTY_MEASURE_WITH_UNIT(LENGTH_MEASURE(0.01),#2775,
'DISTANCE_ACCURACY_VALUE',
'Maximum model space distance between geometric entities at asserted c
onnectivities');
#2762=UNCERTAINTY_MEASURE_WITH_UNIT(LENGTH_MEASURE(0.01),#2775,
'DISTANCE_ACCURACY_VALUE',
'Maximum model space distance between geometric entities at asserted c
onnectivities');
#2763=UNCERTAINTY_MEASURE_WITH_UNIT(LENGTH_MEASURE(0.01),#2775,
'DISTANCE_ACCURACY_VALUE',
'Maximum model space distance between geometric entities at asserted c
onnectivities');
#2764=UNCERTAINTY_MEASURE_WITH_UNIT(LENGTH_MEASURE(0.01),#2775,
'DISTANCE_ACCURACY_VALUE',
'Maximum model space distance between geometric entities at asserted c
onnectivities');
#2765=UNCERTAINTY_MEASURE_WITH_UNIT(LENGTH_MEASURE(0.01),#2775,
'DISTANCE_ACCURACY_VALUE',
'Maximum model space distance between geometric entities at asserted c
onnectivities');
#2766=(
GEOMETRIC_REPRESENTATION_CONTEXT(3)
GLOBAL_UNCERTAINTY_ASSIGNED_CONTEXT((#2757))
GLOBAL_UNIT_ASSIGNED_CONTEXT((#2775,#2777,#2778))
REPRESENTATION_CONTEXT('','3D')
);
#2767=(
GEOMETRIC_REPRESENTATION_CONTEXT(3)
GLOBAL_UNCERTAINTY_ASSIGNED_CONTEXT((#2758))
GLOBAL_UNIT_ASSIGNED_CONTEXT((#2775,#2777,#2778))
REPRESENTATION_CONTEXT('','3D')
);
#2768=(
GEOMETRIC_REPRESENTATION_CONTEXT(3)
GLOBAL_UNCERTAINTY_ASSIGNED_CONTEXT((#2759))
GLOBAL_UNIT_ASSIGNED_CONTEXT((#2775,#2777,#2778))
REPRESENTATION_CONTEXT('','3D')
);
#2769=(
GEOMETRIC_REPRESENTATION_CONTEXT(3)
GLOBAL_UNCERTAINTY_ASSIGNED_CONTEXT((#2760))
GLOBAL_UNIT_ASSIGNED_CONTEXT((#2775,#2777,#2778))
REPRESENTATION_CONTEXT('','3D')
);
#2770=(
GEOMETRIC_REPRESENTATION_CONTEXT(3)
GLOBAL_UNCERTAINTY_ASSIGNED_CONTEXT((#2761))
GLOBAL_UNIT_ASSIGNED_CONTEXT((#2775,#2777,#2778))
REPRESENTATION_CONTEXT('','3D')
);
#2771=(
GEOMETRIC_REPRESENTATION_CONTEXT(3)
GLOBAL_UNCERTAINTY_ASSIGNED_CONTEXT((#2762))
GLOBAL_UNIT_ASSIGNED_CONTEXT((#2775,#2777,#2778))
REPRESENTATION_CONTEXT('','3D')
);
#2772=(
GEOMETRIC_REPRESENTATION_CONTEXT(3)
GLOBAL_UNCERTAINTY_ASSIGNED_CONTEXT((#2763))
GLOBAL_UNIT_ASSIGNED_CONTEXT((#2775,#2777,#2778))
REPRESENTATION_CONTEXT('','3D')
);
#2773=(
GEOMETRIC_REPRESENTATION_CONTEXT(3)
GLOBAL_UNCERTAINTY_ASSIGNED_CONTEXT((#2764))
GLOBAL_UNIT_ASSIGNED_CONTEXT((#2775,#2777,#2778))
REPRESENTATION_CONTEXT('','3D')
);
#2774=(
GEOMETRIC_REPRESENTATION_CONTEXT(3)
GLOBAL_UNCERTAINTY_ASSIGNED_CONTEXT((#2765))
GLOBAL_UNIT_ASSIGNED_CONTEXT((#2775,#2777,#2778))
REPRESENTATION_CONTEXT('','3D')
);
#2775=(
LENGTH_UNIT()
NAMED_UNIT(*)
SI_UNIT(.MILLI.,.METRE.)
);
#2776=(
LENGTH_UNIT()
NAMED_UNIT(*)
SI_UNIT($,.METRE.)
);
#2777=(
NAMED_UNIT(*)
PLANE_ANGLE_UNIT()
SI_UNIT($,.RADIAN.)
);
#2778=(
NAMED_UNIT(*)
SI_UNIT($,.STERADIAN.)
SOLID_ANGLE_UNIT()
);
#2779=SHAPE_DEFINITION_REPRESENTATION(#2787,#2802);
#2780=SHAPE_DEFINITION_REPRESENTATION(#2788,#2803);
#2781=SHAPE_DEFINITION_REPRESENTATION(#2789,#2804);
#2782=SHAPE_DEFINITION_REPRESENTATION(#2790,#2805);
#2783=SHAPE_DEFINITION_REPRESENTATION(#2792,#2806);
#2784=SHAPE_DEFINITION_REPRESENTATION(#2793,#2807);
#2785=SHAPE_DEFINITION_REPRESENTATION(#2794,#2808);
#2786=SHAPE_DEFINITION_REPRESENTATION(#2795,#2809);
#2787=PRODUCT_DEFINITION_SHAPE('',$,#2811);
#2788=PRODUCT_DEFINITION_SHAPE('',$,#2812);
#2789=PRODUCT_DEFINITION_SHAPE('',$,#2813);
#2790=PRODUCT_DEFINITION_SHAPE('',$,#2814);
#2791=PRODUCT_DEFINITION_SHAPE($,$,#1667);
#2792=PRODUCT_DEFINITION_SHAPE('',$,#2815);
#2793=PRODUCT_DEFINITION_SHAPE('',$,#2816);
#2794=PRODUCT_DEFINITION_SHAPE('',$,#2817);
#2795=PRODUCT_DEFINITION_SHAPE('',$,#2818);
#2796=PRODUCT_DEFINITION_SHAPE($,$,#1668);
#2797=PRODUCT_DEFINITION_SHAPE($,$,#1669);
#2798=PRODUCT_DEFINITION_SHAPE($,$,#1670);
#2799=PRODUCT_DEFINITION_SHAPE($,$,#1671);
#2800=PRODUCT_DEFINITION_SHAPE($,$,#1672);
#2801=PRODUCT_DEFINITION_SHAPE($,$,#1673);
#2802=SHAPE_REPRESENTATION('',(#1697,#1826),#2766);
#2803=SHAPE_REPRESENTATION('',(#1698,#1824,#1825),#2767);
#2804=SHAPE_REPRESENTATION('',(#1699,#1701),#2768);
#2805=SHAPE_REPRESENTATION('',(#1700),#2769);
#2806=SHAPE_REPRESENTATION('',(#1702,#1823),#2770);
#2807=SHAPE_REPRESENTATION('',(#1703,#1822),#2771);
#2808=SHAPE_REPRESENTATION('',(#1704,#1821),#2772);
#2809=SHAPE_REPRESENTATION('',(#1705),#2773);
#2810=PRODUCT_DEFINITION_CONTEXT('part definition',#2836,'design');
#2811=PRODUCT_DEFINITION('SlotCrate','SlotCrate v99',#2819,#2810);
#2812=PRODUCT_DEFINITION('SlotCrate-124','SlotCrate-124',#2820,#2810);
#2813=PRODUCT_DEFINITION('Slotcar_Modul_124','Slotcar_Modul_124',#2821,
#2810);
#2814=PRODUCT_DEFINITION('Inlay_124_SM','Inlay_124_SM',#2822,#2810);
#2815=PRODUCT_DEFINITION('Tools_Modul_124','Tools_Modul_124',#2823,#2810);
#2816=PRODUCT_DEFINITION('Inlays_TM_124','Inlays_TM_124',#2824,#2810);
#2817=PRODUCT_DEFINITION('Drawers_TM_124','Drawers_TM_124',#2825,#2810);
#2818=PRODUCT_DEFINITION('SoS_TM_124','SoS_TM_124',#2826,#2810);
#2819=PRODUCT_DEFINITION_FORMATION('',$,#2838);
#2820=PRODUCT_DEFINITION_FORMATION('',$,#2839);
#2821=PRODUCT_DEFINITION_FORMATION('',$,#2840);
#2822=PRODUCT_DEFINITION_FORMATION('',$,#2841);
#2823=PRODUCT_DEFINITION_FORMATION('',$,#2842);
#2824=PRODUCT_DEFINITION_FORMATION('',$,#2843);
#2825=PRODUCT_DEFINITION_FORMATION('',$,#2844);
#2826=PRODUCT_DEFINITION_FORMATION('',$,#2845);
#2827=PRODUCT_RELATED_PRODUCT_CATEGORY('SlotCrate v99','SlotCrate v99',
(#2838));
#2828=PRODUCT_RELATED_PRODUCT_CATEGORY('SlotCrate-124','SlotCrate-124',
(#2839));
#2829=PRODUCT_RELATED_PRODUCT_CATEGORY('Slotcar_Modul_124',
'Slotcar_Modul_124',(#2840));
#2830=PRODUCT_RELATED_PRODUCT_CATEGORY('Inlay_124_SM','Inlay_124_SM',(#2841));
#2831=PRODUCT_RELATED_PRODUCT_CATEGORY('Tools_Modul_124',
'Tools_Modul_124',(#2842));
#2832=PRODUCT_RELATED_PRODUCT_CATEGORY('Inlays_TM_124','Inlays_TM_124',
(#2843));
#2833=PRODUCT_RELATED_PRODUCT_CATEGORY('Drawers_TM_124',
'Drawers_TM_124',(#2844));
#2834=PRODUCT_RELATED_PRODUCT_CATEGORY('SoS_TM_124','SoS_TM_124',(#2845));
#2835=APPLICATION_PROTOCOL_DEFINITION('international standard',
'automotive_design',2009,#2836);
#2836=APPLICATION_CONTEXT(
'Core Data for Automotive Mechanical Design Process');
#2837=PRODUCT_CONTEXT('part definition',#2836,'mechanical');
#2838=PRODUCT('SlotCrate','SlotCrate v99',$,(#2837));
#2839=PRODUCT('SlotCrate-124','SlotCrate-124',$,(#2837));
#2840=PRODUCT('Slotcar_Modul_124','Slotcar_Modul_124',$,(#2837));
#2841=PRODUCT('Inlay_124_SM','Inlay_124_SM',$,(#2837));
#2842=PRODUCT('Tools_Modul_124','Tools_Modul_124',$,(#2837));
#2843=PRODUCT('Inlays_TM_124','Inlays_TM_124',$,(#2837));
#2844=PRODUCT('Drawers_TM_124','Drawers_TM_124',$,(#2837));
#2845=PRODUCT('SoS_TM_124','SoS_TM_124',$,(#2837));
#2846=PRESENTATION_STYLE_ASSIGNMENT((#2854));
#2847=PRESENTATION_STYLE_ASSIGNMENT((#2855));
#2848=PRESENTATION_STYLE_ASSIGNMENT((#2856));
#2849=PRESENTATION_STYLE_ASSIGNMENT((#2857));
#2850=PRESENTATION_STYLE_ASSIGNMENT((#2858));
#2851=PRESENTATION_STYLE_ASSIGNMENT((#2859));
#2852=PRESENTATION_STYLE_ASSIGNMENT((#2860));
#2853=PRESENTATION_STYLE_ASSIGNMENT((#2861));
#2854=SURFACE_STYLE_USAGE(.BOTH.,#2862);
#2855=SURFACE_STYLE_USAGE(.BOTH.,#2863);
#2856=SURFACE_STYLE_USAGE(.BOTH.,#2864);
#2857=SURFACE_STYLE_USAGE(.BOTH.,#2865);
#2858=SURFACE_STYLE_USAGE(.BOTH.,#2866);
#2859=SURFACE_STYLE_USAGE(.BOTH.,#2867);
#2860=SURFACE_STYLE_USAGE(.BOTH.,#2868);
#2861=SURFACE_STYLE_USAGE(.BOTH.,#2869);
#2862=SURFACE_SIDE_STYLE('',(#2870));
#2863=SURFACE_SIDE_STYLE('',(#2871));
#2864=SURFACE_SIDE_STYLE('',(#2872));
#2865=SURFACE_SIDE_STYLE('',(#2873));
#2866=SURFACE_SIDE_STYLE('',(#2874));
#2867=SURFACE_SIDE_STYLE('',(#2875));
#2868=SURFACE_SIDE_STYLE('',(#2876));
#2869=SURFACE_SIDE_STYLE('',(#2877));
#2870=SURFACE_STYLE_FILL_AREA(#2878);
#2871=SURFACE_STYLE_FILL_AREA(#2879);
#2872=SURFACE_STYLE_FILL_AREA(#2880);
#2873=SURFACE_STYLE_FILL_AREA(#2881);
#2874=SURFACE_STYLE_FILL_AREA(#2882);
#2875=SURFACE_STYLE_FILL_AREA(#2883);
#2876=SURFACE_STYLE_FILL_AREA(#2884);
#2877=SURFACE_STYLE_FILL_AREA(#2885);
#2878=FILL_AREA_STYLE('ABS (Wei\X\DF)',(#2886));
#2879=FILL_AREA_STYLE('Kunststoff - matt (Schwarz)',(#2887));
#2880=FILL_AREA_STYLE('Kunststoff - matt (Gr\X\FCn)',(#2888));
#2881=FILL_AREA_STYLE('FR4',(#2889));
#2882=FILL_AREA_STYLE('Kunststoff - matt (Gelb)',(#2890));
#2883=FILL_AREA_STYLE('Kunststoff - matt (Rot)',(#2891));
#2884=FILL_AREA_STYLE('Pulverbeschichtung - rau (Dunkelgrau)',(#2892));
#2885=FILL_AREA_STYLE('Kunststoff - matt (Blau)',(#2893));
#2886=FILL_AREA_STYLE_COLOUR('ABS (Wei\X\DF)',#2894);
#2887=FILL_AREA_STYLE_COLOUR('Kunststoff - matt (Schwarz)',#2895);
#2888=FILL_AREA_STYLE_COLOUR('Kunststoff - matt (Gr\X\FCn)',#2896);
#2889=FILL_AREA_STYLE_COLOUR('FR4',#2897);
#2890=FILL_AREA_STYLE_COLOUR('Kunststoff - matt (Gelb)',#2898);
#2891=FILL_AREA_STYLE_COLOUR('Kunststoff - matt (Rot)',#2899);
#2892=FILL_AREA_STYLE_COLOUR('Pulverbeschichtung - rau (Dunkelgrau)',#2900);
#2893=FILL_AREA_STYLE_COLOUR('Kunststoff - matt (Blau)',#2901);
#2894=COLOUR_RGB('ABS (Wei\X\DF)',0.964705882352941,0.964705882352941,0.952941176470588);
#2895=COLOUR_RGB('Kunststoff - matt (Schwarz)',0.0980392156862745,0.0980392156862745,
0.0980392156862745);
#2896=COLOUR_RGB('Kunststoff - matt (Gr\X\FCn)',0.266666666666667,0.588235294117647,
0.282352941176471);
#2897=COLOUR_RGB('FR4',0.266666666666667,0.466666666666667,0.4);
#2898=COLOUR_RGB('Kunststoff - matt (Gelb)',0.909803921568627,0.67843137254902,
0.137254901960784);
#2899=COLOUR_RGB('Kunststoff - matt (Rot)',0.768627450980392,0.207843137254902,
0.152941176470588);
#2900=COLOUR_RGB('Pulverbeschichtung - rau (Dunkelgrau)',0.349019607843137,
0.349019607843137,0.349019607843137);
#2901=COLOUR_RGB('Kunststoff - matt (Blau)',0.188235294117647,0.231372549019608,
0.588235294117647);
ENDSEC;
END-ISO-10303-21;
