ISO-10303-21;
HEADER;
/* Generated by software containing ST-Developer
 * from STEP Tools, Inc. (www.steptools.com) 
 */

FILE_DESCRIPTION(
/* description */ (''),
/* implementation_level */ '2;1');

FILE_NAME(
/* name */ 'SlotCrate.step',
/* time_stamp */ '2026-09-04T20:59:26+02:00',
/* author */ (''),
/* organization */ (''),
/* preprocessor_version */ 'ST-DEVELOPER v20.1',
/* originating_system */ 'Autodesk Translation Framework v15.8.0.0',
/* authorisation */ '');

FILE_SCHEMA (('AUTOMOTIVE_DESIGN { 1 0 10303 214 3 1 1 }'));
ENDSEC;

DATA;
#10=MECHANICAL_DESIGN_GEOMETRIC_PRESENTATION_REPRESENTATION('',(#13),#13892);
#11=SHAPE_REPRESENTATION_RELATIONSHIP('SRR','None',#13927,#12);
#12=ADVANCED_BREP_SHAPE_REPRESENTATION('',(#14),#13891);
#13=STYLED_ITEM('',(#13968),#14);
#14=MANIFOLD_SOLID_BREP('SC_TM_SoS 20mm',#8907);
#15=FACE_BOUND('',#1026,.T.);
#16=FACE_BOUND('',#1027,.T.);
#17=FACE_BOUND('',#1028,.T.);
#18=FACE_BOUND('',#1029,.T.);
#19=FACE_BOUND('',#1030,.T.);
#20=FACE_BOUND('',#1031,.T.);
#21=FACE_BOUND('',#1032,.T.);
#22=FACE_BOUND('',#1033,.T.);
#23=FACE_BOUND('',#1034,.T.);
#24=FACE_BOUND('',#1035,.T.);
#25=FACE_BOUND('',#1036,.T.);
#26=FACE_BOUND('',#1037,.T.);
#27=FACE_BOUND('',#1038,.T.);
#28=FACE_BOUND('',#1039,.T.);
#29=FACE_BOUND('',#1040,.T.);
#30=FACE_BOUND('',#1041,.T.);
#31=FACE_BOUND('',#1042,.T.);
#32=FACE_BOUND('',#1043,.T.);
#33=FACE_BOUND('',#1044,.T.);
#34=FACE_BOUND('',#1045,.T.);
#35=FACE_BOUND('',#1046,.T.);
#36=FACE_BOUND('',#1047,.T.);
#37=FACE_BOUND('',#1048,.T.);
#38=FACE_BOUND('',#1049,.T.);
#39=FACE_BOUND('',#1050,.T.);
#40=FACE_BOUND('',#1051,.T.);
#41=FACE_BOUND('',#1052,.T.);
#42=FACE_BOUND('',#1053,.T.);
#43=FACE_BOUND('',#1054,.T.);
#44=FACE_BOUND('',#1055,.T.);
#45=FACE_BOUND('',#1056,.T.);
#46=FACE_BOUND('',#1057,.T.);
#47=FACE_BOUND('',#1058,.T.);
#48=FACE_BOUND('',#1059,.T.);
#49=FACE_BOUND('',#1060,.T.);
#50=FACE_BOUND('',#1061,.T.);
#51=FACE_BOUND('',#1062,.T.);
#52=FACE_BOUND('',#1063,.T.);
#53=FACE_BOUND('',#1064,.T.);
#54=FACE_BOUND('',#1065,.T.);
#55=FACE_BOUND('',#1066,.T.);
#56=FACE_BOUND('',#1067,.T.);
#57=FACE_BOUND('',#1068,.T.);
#58=FACE_BOUND('',#1069,.T.);
#59=FACE_BOUND('',#1070,.T.);
#60=FACE_BOUND('',#1071,.T.);
#61=FACE_BOUND('',#1072,.T.);
#62=FACE_BOUND('',#1073,.T.);
#63=FACE_BOUND('',#1074,.T.);
#64=FACE_BOUND('',#1075,.T.);
#65=FACE_BOUND('',#1076,.T.);
#66=FACE_BOUND('',#1077,.T.);
#67=FACE_BOUND('',#1078,.T.);
#68=FACE_BOUND('',#1079,.T.);
#69=FACE_BOUND('',#1080,.T.);
#70=FACE_BOUND('',#1081,.T.);
#71=FACE_BOUND('',#1082,.T.);
#72=FACE_BOUND('',#1083,.T.);
#73=FACE_BOUND('',#1084,.T.);
#74=FACE_BOUND('',#1085,.T.);
#75=FACE_BOUND('',#1086,.T.);
#76=FACE_BOUND('',#1087,.T.);
#77=FACE_BOUND('',#1088,.T.);
#78=FACE_BOUND('',#1089,.T.);
#79=FACE_BOUND('',#1090,.T.);
#80=FACE_BOUND('',#1091,.T.);
#81=FACE_BOUND('',#1092,.T.);
#82=FACE_BOUND('',#1093,.T.);
#83=FACE_BOUND('',#1094,.T.);
#84=FACE_BOUND('',#1095,.T.);
#85=FACE_BOUND('',#1096,.T.);
#86=FACE_BOUND('',#1097,.T.);
#87=FACE_BOUND('',#1098,.T.);
#88=FACE_BOUND('',#1099,.T.);
#89=FACE_BOUND('',#1100,.T.);
#90=FACE_BOUND('',#1101,.T.);
#91=FACE_BOUND('',#1102,.T.);
#92=FACE_BOUND('',#1103,.T.);
#93=FACE_BOUND('',#1104,.T.);
#94=FACE_BOUND('',#1105,.T.);
#95=FACE_BOUND('',#1106,.T.);
#96=FACE_BOUND('',#1107,.T.);
#97=FACE_BOUND('',#1108,.T.);
#98=FACE_BOUND('',#1109,.T.);
#99=FACE_BOUND('',#1110,.T.);
#100=FACE_BOUND('',#1111,.T.);
#101=FACE_BOUND('',#1112,.T.);
#102=FACE_BOUND('',#1113,.T.);
#103=FACE_BOUND('',#1114,.T.);
#104=FACE_BOUND('',#1115,.T.);
#105=FACE_BOUND('',#1116,.T.);
#106=FACE_BOUND('',#1117,.T.);
#107=FACE_BOUND('',#1118,.T.);
#108=FACE_BOUND('',#1119,.T.);
#109=FACE_BOUND('',#1120,.T.);
#110=FACE_BOUND('',#1121,.T.);
#111=FACE_BOUND('',#1122,.T.);
#112=FACE_BOUND('',#1123,.T.);
#113=FACE_BOUND('',#1124,.T.);
#114=FACE_BOUND('',#1125,.T.);
#115=FACE_BOUND('',#1127,.T.);
#116=FACE_BOUND('',#1128,.T.);
#117=FACE_BOUND('',#1129,.T.);
#118=FACE_BOUND('',#1130,.T.);
#119=FACE_BOUND('',#1131,.T.);
#120=FACE_BOUND('',#1132,.T.);
#121=FACE_BOUND('',#1133,.T.);
#122=FACE_BOUND('',#1134,.T.);
#123=FACE_BOUND('',#1135,.T.);
#124=FACE_BOUND('',#1136,.T.);
#125=FACE_BOUND('',#1137,.T.);
#126=FACE_BOUND('',#1138,.T.);
#127=FACE_BOUND('',#1139,.T.);
#128=FACE_BOUND('',#1140,.T.);
#129=FACE_BOUND('',#1141,.T.);
#130=FACE_BOUND('',#1142,.T.);
#131=FACE_BOUND('',#1143,.T.);
#132=FACE_BOUND('',#1144,.T.);
#133=FACE_BOUND('',#1145,.T.);
#134=FACE_BOUND('',#1146,.T.);
#135=FACE_BOUND('',#1147,.T.);
#136=FACE_BOUND('',#1148,.T.);
#137=FACE_BOUND('',#1149,.T.);
#138=FACE_BOUND('',#1150,.T.);
#139=FACE_BOUND('',#1151,.T.);
#140=FACE_BOUND('',#1152,.T.);
#141=FACE_BOUND('',#1153,.T.);
#142=FACE_BOUND('',#1154,.T.);
#143=FACE_BOUND('',#1155,.T.);
#144=FACE_BOUND('',#1156,.T.);
#145=FACE_BOUND('',#1157,.T.);
#146=FACE_BOUND('',#1158,.T.);
#147=FACE_BOUND('',#1159,.T.);
#148=FACE_BOUND('',#1160,.T.);
#149=FACE_BOUND('',#1161,.T.);
#150=FACE_BOUND('',#1162,.T.);
#151=FACE_BOUND('',#1163,.T.);
#152=FACE_BOUND('',#1164,.T.);
#153=FACE_BOUND('',#1165,.T.);
#154=FACE_BOUND('',#1166,.T.);
#155=FACE_BOUND('',#1167,.T.);
#156=FACE_BOUND('',#1168,.T.);
#157=FACE_BOUND('',#1169,.T.);
#158=FACE_BOUND('',#1170,.T.);
#159=FACE_BOUND('',#1171,.T.);
#160=FACE_BOUND('',#1172,.T.);
#161=FACE_BOUND('',#1173,.T.);
#162=FACE_BOUND('',#1174,.T.);
#163=FACE_BOUND('',#1175,.T.);
#164=FACE_BOUND('',#1176,.T.);
#165=FACE_BOUND('',#1177,.T.);
#166=FACE_BOUND('',#1178,.T.);
#167=FACE_BOUND('',#1179,.T.);
#168=FACE_BOUND('',#1180,.T.);
#169=FACE_BOUND('',#1181,.T.);
#170=FACE_BOUND('',#1182,.T.);
#171=FACE_BOUND('',#1183,.T.);
#172=FACE_BOUND('',#1184,.T.);
#173=FACE_BOUND('',#1185,.T.);
#174=FACE_BOUND('',#1186,.T.);
#175=FACE_BOUND('',#1187,.T.);
#176=FACE_BOUND('',#1188,.T.);
#177=FACE_BOUND('',#1189,.T.);
#178=FACE_BOUND('',#1190,.T.);
#179=FACE_BOUND('',#1191,.T.);
#180=FACE_BOUND('',#1192,.T.);
#181=FACE_BOUND('',#1193,.T.);
#182=FACE_BOUND('',#1194,.T.);
#183=FACE_BOUND('',#1195,.T.);
#184=FACE_BOUND('',#1196,.T.);
#185=FACE_BOUND('',#1197,.T.);
#186=FACE_BOUND('',#1198,.T.);
#187=FACE_BOUND('',#1199,.T.);
#188=FACE_BOUND('',#1200,.T.);
#189=FACE_BOUND('',#1201,.T.);
#190=FACE_BOUND('',#1202,.T.);
#191=FACE_BOUND('',#1203,.T.);
#192=FACE_BOUND('',#1204,.T.);
#193=FACE_BOUND('',#1205,.T.);
#194=FACE_BOUND('',#1206,.T.);
#195=FACE_BOUND('',#1207,.T.);
#196=FACE_BOUND('',#1208,.T.);
#197=FACE_BOUND('',#1209,.T.);
#198=FACE_BOUND('',#1210,.T.);
#199=FACE_BOUND('',#1211,.T.);
#200=FACE_BOUND('',#1212,.T.);
#201=FACE_BOUND('',#1213,.T.);
#202=FACE_BOUND('',#1214,.T.);
#203=FACE_BOUND('',#1215,.T.);
#204=FACE_BOUND('',#1216,.T.);
#205=FACE_BOUND('',#1217,.T.);
#206=FACE_BOUND('',#1218,.T.);
#207=FACE_BOUND('',#1219,.T.);
#208=FACE_BOUND('',#1220,.T.);
#209=FACE_BOUND('',#1221,.T.);
#210=FACE_BOUND('',#1222,.T.);
#211=FACE_BOUND('',#1223,.T.);
#212=FACE_BOUND('',#1224,.T.);
#213=FACE_BOUND('',#1225,.T.);
#214=FACE_BOUND('',#1226,.T.);
#215=FACE_OUTER_BOUND('',#621,.T.);
#216=FACE_OUTER_BOUND('',#622,.T.);
#217=FACE_OUTER_BOUND('',#623,.T.);
#218=FACE_OUTER_BOUND('',#624,.T.);
#219=FACE_OUTER_BOUND('',#625,.T.);
#220=FACE_OUTER_BOUND('',#626,.T.);
#221=FACE_OUTER_BOUND('',#627,.T.);
#222=FACE_OUTER_BOUND('',#628,.T.);
#223=FACE_OUTER_BOUND('',#629,.T.);
#224=FACE_OUTER_BOUND('',#630,.T.);
#225=FACE_OUTER_BOUND('',#631,.T.);
#226=FACE_OUTER_BOUND('',#632,.T.);
#227=FACE_OUTER_BOUND('',#633,.T.);
#228=FACE_OUTER_BOUND('',#634,.T.);
#229=FACE_OUTER_BOUND('',#635,.T.);
#230=FACE_OUTER_BOUND('',#636,.T.);
#231=FACE_OUTER_BOUND('',#637,.T.);
#232=FACE_OUTER_BOUND('',#638,.T.);
#233=FACE_OUTER_BOUND('',#639,.T.);
#234=FACE_OUTER_BOUND('',#640,.T.);
#235=FACE_OUTER_BOUND('',#641,.T.);
#236=FACE_OUTER_BOUND('',#642,.T.);
#237=FACE_OUTER_BOUND('',#643,.T.);
#238=FACE_OUTER_BOUND('',#644,.T.);
#239=FACE_OUTER_BOUND('',#645,.T.);
#240=FACE_OUTER_BOUND('',#646,.T.);
#241=FACE_OUTER_BOUND('',#647,.T.);
#242=FACE_OUTER_BOUND('',#648,.T.);
#243=FACE_OUTER_BOUND('',#649,.T.);
#244=FACE_OUTER_BOUND('',#650,.T.);
#245=FACE_OUTER_BOUND('',#651,.T.);
#246=FACE_OUTER_BOUND('',#652,.T.);
#247=FACE_OUTER_BOUND('',#653,.T.);
#248=FACE_OUTER_BOUND('',#654,.T.);
#249=FACE_OUTER_BOUND('',#655,.T.);
#250=FACE_OUTER_BOUND('',#656,.T.);
#251=FACE_OUTER_BOUND('',#657,.T.);
#252=FACE_OUTER_BOUND('',#658,.T.);
#253=FACE_OUTER_BOUND('',#659,.T.);
#254=FACE_OUTER_BOUND('',#660,.T.);
#255=FACE_OUTER_BOUND('',#661,.T.);
#256=FACE_OUTER_BOUND('',#662,.T.);
#257=FACE_OUTER_BOUND('',#663,.T.);
#258=FACE_OUTER_BOUND('',#664,.T.);
#259=FACE_OUTER_BOUND('',#665,.T.);
#260=FACE_OUTER_BOUND('',#666,.T.);
#261=FACE_OUTER_BOUND('',#667,.T.);
#262=FACE_OUTER_BOUND('',#668,.T.);
#263=FACE_OUTER_BOUND('',#669,.T.);
#264=FACE_OUTER_BOUND('',#670,.T.);
#265=FACE_OUTER_BOUND('',#671,.T.);
#266=FACE_OUTER_BOUND('',#672,.T.);
#267=FACE_OUTER_BOUND('',#673,.T.);
#268=FACE_OUTER_BOUND('',#674,.T.);
#269=FACE_OUTER_BOUND('',#675,.T.);
#270=FACE_OUTER_BOUND('',#676,.T.);
#271=FACE_OUTER_BOUND('',#677,.T.);
#272=FACE_OUTER_BOUND('',#678,.T.);
#273=FACE_OUTER_BOUND('',#679,.T.);
#274=FACE_OUTER_BOUND('',#680,.T.);
#275=FACE_OUTER_BOUND('',#681,.T.);
#276=FACE_OUTER_BOUND('',#682,.T.);
#277=FACE_OUTER_BOUND('',#683,.T.);
#278=FACE_OUTER_BOUND('',#684,.T.);
#279=FACE_OUTER_BOUND('',#685,.T.);
#280=FACE_OUTER_BOUND('',#686,.T.);
#281=FACE_OUTER_BOUND('',#687,.T.);
#282=FACE_OUTER_BOUND('',#688,.T.);
#283=FACE_OUTER_BOUND('',#689,.T.);
#284=FACE_OUTER_BOUND('',#690,.T.);
#285=FACE_OUTER_BOUND('',#691,.T.);
#286=FACE_OUTER_BOUND('',#692,.T.);
#287=FACE_OUTER_BOUND('',#693,.T.);
#288=FACE_OUTER_BOUND('',#694,.T.);
#289=FACE_OUTER_BOUND('',#695,.T.);
#290=FACE_OUTER_BOUND('',#696,.T.);
#291=FACE_OUTER_BOUND('',#697,.T.);
#292=FACE_OUTER_BOUND('',#698,.T.);
#293=FACE_OUTER_BOUND('',#699,.T.);
#294=FACE_OUTER_BOUND('',#700,.T.);
#295=FACE_OUTER_BOUND('',#701,.T.);
#296=FACE_OUTER_BOUND('',#702,.T.);
#297=FACE_OUTER_BOUND('',#703,.T.);
#298=FACE_OUTER_BOUND('',#704,.T.);
#299=FACE_OUTER_BOUND('',#705,.T.);
#300=FACE_OUTER_BOUND('',#706,.T.);
#301=FACE_OUTER_BOUND('',#707,.T.);
#302=FACE_OUTER_BOUND('',#708,.T.);
#303=FACE_OUTER_BOUND('',#709,.T.);
#304=FACE_OUTER_BOUND('',#710,.T.);
#305=FACE_OUTER_BOUND('',#711,.T.);
#306=FACE_OUTER_BOUND('',#712,.T.);
#307=FACE_OUTER_BOUND('',#713,.T.);
#308=FACE_OUTER_BOUND('',#714,.T.);
#309=FACE_OUTER_BOUND('',#715,.T.);
#310=FACE_OUTER_BOUND('',#716,.T.);
#311=FACE_OUTER_BOUND('',#717,.T.);
#312=FACE_OUTER_BOUND('',#718,.T.);
#313=FACE_OUTER_BOUND('',#719,.T.);
#314=FACE_OUTER_BOUND('',#720,.T.);
#315=FACE_OUTER_BOUND('',#721,.T.);
#316=FACE_OUTER_BOUND('',#722,.T.);
#317=FACE_OUTER_BOUND('',#723,.T.);
#318=FACE_OUTER_BOUND('',#724,.T.);
#319=FACE_OUTER_BOUND('',#725,.T.);
#320=FACE_OUTER_BOUND('',#726,.T.);
#321=FACE_OUTER_BOUND('',#727,.T.);
#322=FACE_OUTER_BOUND('',#728,.T.);
#323=FACE_OUTER_BOUND('',#729,.T.);
#324=FACE_OUTER_BOUND('',#730,.T.);
#325=FACE_OUTER_BOUND('',#731,.T.);
#326=FACE_OUTER_BOUND('',#732,.T.);
#327=FACE_OUTER_BOUND('',#733,.T.);
#328=FACE_OUTER_BOUND('',#734,.T.);
#329=FACE_OUTER_BOUND('',#735,.T.);
#330=FACE_OUTER_BOUND('',#736,.T.);
#331=FACE_OUTER_BOUND('',#737,.T.);
#332=FACE_OUTER_BOUND('',#738,.T.);
#333=FACE_OUTER_BOUND('',#739,.T.);
#334=FACE_OUTER_BOUND('',#740,.T.);
#335=FACE_OUTER_BOUND('',#741,.T.);
#336=FACE_OUTER_BOUND('',#742,.T.);
#337=FACE_OUTER_BOUND('',#743,.T.);
#338=FACE_OUTER_BOUND('',#744,.T.);
#339=FACE_OUTER_BOUND('',#745,.T.);
#340=FACE_OUTER_BOUND('',#746,.T.);
#341=FACE_OUTER_BOUND('',#747,.T.);
#342=FACE_OUTER_BOUND('',#748,.T.);
#343=FACE_OUTER_BOUND('',#749,.T.);
#344=FACE_OUTER_BOUND('',#750,.T.);
#345=FACE_OUTER_BOUND('',#751,.T.);
#346=FACE_OUTER_BOUND('',#752,.T.);
#347=FACE_OUTER_BOUND('',#753,.T.);
#348=FACE_OUTER_BOUND('',#754,.T.);
#349=FACE_OUTER_BOUND('',#755,.T.);
#350=FACE_OUTER_BOUND('',#756,.T.);
#351=FACE_OUTER_BOUND('',#757,.T.);
#352=FACE_OUTER_BOUND('',#758,.T.);
#353=FACE_OUTER_BOUND('',#759,.T.);
#354=FACE_OUTER_BOUND('',#760,.T.);
#355=FACE_OUTER_BOUND('',#761,.T.);
#356=FACE_OUTER_BOUND('',#762,.T.);
#357=FACE_OUTER_BOUND('',#763,.T.);
#358=FACE_OUTER_BOUND('',#764,.T.);
#359=FACE_OUTER_BOUND('',#765,.T.);
#360=FACE_OUTER_BOUND('',#766,.T.);
#361=FACE_OUTER_BOUND('',#767,.T.);
#362=FACE_OUTER_BOUND('',#768,.T.);
#363=FACE_OUTER_BOUND('',#769,.T.);
#364=FACE_OUTER_BOUND('',#770,.T.);
#365=FACE_OUTER_BOUND('',#771,.T.);
#366=FACE_OUTER_BOUND('',#772,.T.);
#367=FACE_OUTER_BOUND('',#773,.T.);
#368=FACE_OUTER_BOUND('',#774,.T.);
#369=FACE_OUTER_BOUND('',#775,.T.);
#370=FACE_OUTER_BOUND('',#776,.T.);
#371=FACE_OUTER_BOUND('',#777,.T.);
#372=FACE_OUTER_BOUND('',#778,.T.);
#373=FACE_OUTER_BOUND('',#779,.T.);
#374=FACE_OUTER_BOUND('',#780,.T.);
#375=FACE_OUTER_BOUND('',#781,.T.);
#376=FACE_OUTER_BOUND('',#782,.T.);
#377=FACE_OUTER_BOUND('',#783,.T.);
#378=FACE_OUTER_BOUND('',#784,.T.);
#379=FACE_OUTER_BOUND('',#785,.T.);
#380=FACE_OUTER_BOUND('',#786,.T.);
#381=FACE_OUTER_BOUND('',#787,.T.);
#382=FACE_OUTER_BOUND('',#788,.T.);
#383=FACE_OUTER_BOUND('',#789,.T.);
#384=FACE_OUTER_BOUND('',#790,.T.);
#385=FACE_OUTER_BOUND('',#791,.T.);
#386=FACE_OUTER_BOUND('',#792,.T.);
#387=FACE_OUTER_BOUND('',#793,.T.);
#388=FACE_OUTER_BOUND('',#794,.T.);
#389=FACE_OUTER_BOUND('',#795,.T.);
#390=FACE_OUTER_BOUND('',#796,.T.);
#391=FACE_OUTER_BOUND('',#797,.T.);
#392=FACE_OUTER_BOUND('',#798,.T.);
#393=FACE_OUTER_BOUND('',#799,.T.);
#394=FACE_OUTER_BOUND('',#800,.T.);
#395=FACE_OUTER_BOUND('',#801,.T.);
#396=FACE_OUTER_BOUND('',#802,.T.);
#397=FACE_OUTER_BOUND('',#803,.T.);
#398=FACE_OUTER_BOUND('',#804,.T.);
#399=FACE_OUTER_BOUND('',#805,.T.);
#400=FACE_OUTER_BOUND('',#806,.T.);
#401=FACE_OUTER_BOUND('',#807,.T.);
#402=FACE_OUTER_BOUND('',#808,.T.);
#403=FACE_OUTER_BOUND('',#809,.T.);
#404=FACE_OUTER_BOUND('',#810,.T.);
#405=FACE_OUTER_BOUND('',#811,.T.);
#406=FACE_OUTER_BOUND('',#812,.T.);
#407=FACE_OUTER_BOUND('',#813,.T.);
#408=FACE_OUTER_BOUND('',#814,.T.);
#409=FACE_OUTER_BOUND('',#815,.T.);
#410=FACE_OUTER_BOUND('',#816,.T.);
#411=FACE_OUTER_BOUND('',#817,.T.);
#412=FACE_OUTER_BOUND('',#818,.T.);
#413=FACE_OUTER_BOUND('',#819,.T.);
#414=FACE_OUTER_BOUND('',#820,.T.);
#415=FACE_OUTER_BOUND('',#821,.T.);
#416=FACE_OUTER_BOUND('',#822,.T.);
#417=FACE_OUTER_BOUND('',#823,.T.);
#418=FACE_OUTER_BOUND('',#824,.T.);
#419=FACE_OUTER_BOUND('',#825,.T.);
#420=FACE_OUTER_BOUND('',#826,.T.);
#421=FACE_OUTER_BOUND('',#827,.T.);
#422=FACE_OUTER_BOUND('',#828,.T.);
#423=FACE_OUTER_BOUND('',#829,.T.);
#424=FACE_OUTER_BOUND('',#830,.T.);
#425=FACE_OUTER_BOUND('',#831,.T.);
#426=FACE_OUTER_BOUND('',#832,.T.);
#427=FACE_OUTER_BOUND('',#833,.T.);
#428=FACE_OUTER_BOUND('',#834,.T.);
#429=FACE_OUTER_BOUND('',#835,.T.);
#430=FACE_OUTER_BOUND('',#836,.T.);
#431=FACE_OUTER_BOUND('',#837,.T.);
#432=FACE_OUTER_BOUND('',#838,.T.);
#433=FACE_OUTER_BOUND('',#839,.T.);
#434=FACE_OUTER_BOUND('',#840,.T.);
#435=FACE_OUTER_BOUND('',#841,.T.);
#436=FACE_OUTER_BOUND('',#842,.T.);
#437=FACE_OUTER_BOUND('',#843,.T.);
#438=FACE_OUTER_BOUND('',#844,.T.);
#439=FACE_OUTER_BOUND('',#845,.T.);
#440=FACE_OUTER_BOUND('',#846,.T.);
#441=FACE_OUTER_BOUND('',#847,.T.);
#442=FACE_OUTER_BOUND('',#848,.T.);
#443=FACE_OUTER_BOUND('',#849,.T.);
#444=FACE_OUTER_BOUND('',#850,.T.);
#445=FACE_OUTER_BOUND('',#851,.T.);
#446=FACE_OUTER_BOUND('',#852,.T.);
#447=FACE_OUTER_BOUND('',#853,.T.);
#448=FACE_OUTER_BOUND('',#854,.T.);
#449=FACE_OUTER_BOUND('',#855,.T.);
#450=FACE_OUTER_BOUND('',#856,.T.);
#451=FACE_OUTER_BOUND('',#857,.T.);
#452=FACE_OUTER_BOUND('',#858,.T.);
#453=FACE_OUTER_BOUND('',#859,.T.);
#454=FACE_OUTER_BOUND('',#860,.T.);
#455=FACE_OUTER_BOUND('',#861,.T.);
#456=FACE_OUTER_BOUND('',#862,.T.);
#457=FACE_OUTER_BOUND('',#863,.T.);
#458=FACE_OUTER_BOUND('',#864,.T.);
#459=FACE_OUTER_BOUND('',#865,.T.);
#460=FACE_OUTER_BOUND('',#866,.T.);
#461=FACE_OUTER_BOUND('',#867,.T.);
#462=FACE_OUTER_BOUND('',#868,.T.);
#463=FACE_OUTER_BOUND('',#869,.T.);
#464=FACE_OUTER_BOUND('',#870,.T.);
#465=FACE_OUTER_BOUND('',#871,.T.);
#466=FACE_OUTER_BOUND('',#872,.T.);
#467=FACE_OUTER_BOUND('',#873,.T.);
#468=FACE_OUTER_BOUND('',#874,.T.);
#469=FACE_OUTER_BOUND('',#875,.T.);
#470=FACE_OUTER_BOUND('',#876,.T.);
#471=FACE_OUTER_BOUND('',#877,.T.);
#472=FACE_OUTER_BOUND('',#878,.T.);
#473=FACE_OUTER_BOUND('',#879,.T.);
#474=FACE_OUTER_BOUND('',#880,.T.);
#475=FACE_OUTER_BOUND('',#881,.T.);
#476=FACE_OUTER_BOUND('',#882,.T.);
#477=FACE_OUTER_BOUND('',#883,.T.);
#478=FACE_OUTER_BOUND('',#884,.T.);
#479=FACE_OUTER_BOUND('',#885,.T.);
#480=FACE_OUTER_BOUND('',#886,.T.);
#481=FACE_OUTER_BOUND('',#887,.T.);
#482=FACE_OUTER_BOUND('',#888,.T.);
#483=FACE_OUTER_BOUND('',#889,.T.);
#484=FACE_OUTER_BOUND('',#890,.T.);
#485=FACE_OUTER_BOUND('',#891,.T.);
#486=FACE_OUTER_BOUND('',#892,.T.);
#487=FACE_OUTER_BOUND('',#893,.T.);
#488=FACE_OUTER_BOUND('',#894,.T.);
#489=FACE_OUTER_BOUND('',#895,.T.);
#490=FACE_OUTER_BOUND('',#896,.T.);
#491=FACE_OUTER_BOUND('',#897,.T.);
#492=FACE_OUTER_BOUND('',#898,.T.);
#493=FACE_OUTER_BOUND('',#899,.T.);
#494=FACE_OUTER_BOUND('',#900,.T.);
#495=FACE_OUTER_BOUND('',#901,.T.);
#496=FACE_OUTER_BOUND('',#902,.T.);
#497=FACE_OUTER_BOUND('',#903,.T.);
#498=FACE_OUTER_BOUND('',#904,.T.);
#499=FACE_OUTER_BOUND('',#905,.T.);
#500=FACE_OUTER_BOUND('',#906,.T.);
#501=FACE_OUTER_BOUND('',#907,.T.);
#502=FACE_OUTER_BOUND('',#908,.T.);
#503=FACE_OUTER_BOUND('',#909,.T.);
#504=FACE_OUTER_BOUND('',#910,.T.);
#505=FACE_OUTER_BOUND('',#911,.T.);
#506=FACE_OUTER_BOUND('',#912,.T.);
#507=FACE_OUTER_BOUND('',#913,.T.);
#508=FACE_OUTER_BOUND('',#914,.T.);
#509=FACE_OUTER_BOUND('',#915,.T.);
#510=FACE_OUTER_BOUND('',#916,.T.);
#511=FACE_OUTER_BOUND('',#917,.T.);
#512=FACE_OUTER_BOUND('',#918,.T.);
#513=FACE_OUTER_BOUND('',#919,.T.);
#514=FACE_OUTER_BOUND('',#920,.T.);
#515=FACE_OUTER_BOUND('',#921,.T.);
#516=FACE_OUTER_BOUND('',#922,.T.);
#517=FACE_OUTER_BOUND('',#923,.T.);
#518=FACE_OUTER_BOUND('',#924,.T.);
#519=FACE_OUTER_BOUND('',#925,.T.);
#520=FACE_OUTER_BOUND('',#926,.T.);
#521=FACE_OUTER_BOUND('',#927,.T.);
#522=FACE_OUTER_BOUND('',#928,.T.);
#523=FACE_OUTER_BOUND('',#929,.T.);
#524=FACE_OUTER_BOUND('',#930,.T.);
#525=FACE_OUTER_BOUND('',#931,.T.);
#526=FACE_OUTER_BOUND('',#932,.T.);
#527=FACE_OUTER_BOUND('',#933,.T.);
#528=FACE_OUTER_BOUND('',#934,.T.);
#529=FACE_OUTER_BOUND('',#935,.T.);
#530=FACE_OUTER_BOUND('',#936,.T.);
#531=FACE_OUTER_BOUND('',#937,.T.);
#532=FACE_OUTER_BOUND('',#938,.T.);
#533=FACE_OUTER_BOUND('',#939,.T.);
#534=FACE_OUTER_BOUND('',#940,.T.);
#535=FACE_OUTER_BOUND('',#941,.T.);
#536=FACE_OUTER_BOUND('',#942,.T.);
#537=FACE_OUTER_BOUND('',#943,.T.);
#538=FACE_OUTER_BOUND('',#944,.T.);
#539=FACE_OUTER_BOUND('',#945,.T.);
#540=FACE_OUTER_BOUND('',#946,.T.);
#541=FACE_OUTER_BOUND('',#947,.T.);
#542=FACE_OUTER_BOUND('',#948,.T.);
#543=FACE_OUTER_BOUND('',#949,.T.);
#544=FACE_OUTER_BOUND('',#950,.T.);
#545=FACE_OUTER_BOUND('',#951,.T.);
#546=FACE_OUTER_BOUND('',#952,.T.);
#547=FACE_OUTER_BOUND('',#953,.T.);
#548=FACE_OUTER_BOUND('',#954,.T.);
#549=FACE_OUTER_BOUND('',#955,.T.);
#550=FACE_OUTER_BOUND('',#956,.T.);
#551=FACE_OUTER_BOUND('',#957,.T.);
#552=FACE_OUTER_BOUND('',#958,.T.);
#553=FACE_OUTER_BOUND('',#959,.T.);
#554=FACE_OUTER_BOUND('',#960,.T.);
#555=FACE_OUTER_BOUND('',#961,.T.);
#556=FACE_OUTER_BOUND('',#962,.T.);
#557=FACE_OUTER_BOUND('',#963,.T.);
#558=FACE_OUTER_BOUND('',#964,.T.);
#559=FACE_OUTER_BOUND('',#965,.T.);
#560=FACE_OUTER_BOUND('',#966,.T.);
#561=FACE_OUTER_BOUND('',#967,.T.);
#562=FACE_OUTER_BOUND('',#968,.T.);
#563=FACE_OUTER_BOUND('',#969,.T.);
#564=FACE_OUTER_BOUND('',#970,.T.);
#565=FACE_OUTER_BOUND('',#971,.T.);
#566=FACE_OUTER_BOUND('',#972,.T.);
#567=FACE_OUTER_BOUND('',#973,.T.);
#568=FACE_OUTER_BOUND('',#974,.T.);
#569=FACE_OUTER_BOUND('',#975,.T.);
#570=FACE_OUTER_BOUND('',#976,.T.);
#571=FACE_OUTER_BOUND('',#977,.T.);
#572=FACE_OUTER_BOUND('',#978,.T.);
#573=FACE_OUTER_BOUND('',#979,.T.);
#574=FACE_OUTER_BOUND('',#980,.T.);
#575=FACE_OUTER_BOUND('',#981,.T.);
#576=FACE_OUTER_BOUND('',#982,.T.);
#577=FACE_OUTER_BOUND('',#983,.T.);
#578=FACE_OUTER_BOUND('',#984,.T.);
#579=FACE_OUTER_BOUND('',#985,.T.);
#580=FACE_OUTER_BOUND('',#986,.T.);
#581=FACE_OUTER_BOUND('',#987,.T.);
#582=FACE_OUTER_BOUND('',#988,.T.);
#583=FACE_OUTER_BOUND('',#989,.T.);
#584=FACE_OUTER_BOUND('',#990,.T.);
#585=FACE_OUTER_BOUND('',#991,.T.);
#586=FACE_OUTER_BOUND('',#992,.T.);
#587=FACE_OUTER_BOUND('',#993,.T.);
#588=FACE_OUTER_BOUND('',#994,.T.);
#589=FACE_OUTER_BOUND('',#995,.T.);
#590=FACE_OUTER_BOUND('',#996,.T.);
#591=FACE_OUTER_BOUND('',#997,.T.);
#592=FACE_OUTER_BOUND('',#998,.T.);
#593=FACE_OUTER_BOUND('',#999,.T.);
#594=FACE_OUTER_BOUND('',#1000,.T.);
#595=FACE_OUTER_BOUND('',#1001,.T.);
#596=FACE_OUTER_BOUND('',#1002,.T.);
#597=FACE_OUTER_BOUND('',#1003,.T.);
#598=FACE_OUTER_BOUND('',#1004,.T.);
#599=FACE_OUTER_BOUND('',#1005,.T.);
#600=FACE_OUTER_BOUND('',#1006,.T.);
#601=FACE_OUTER_BOUND('',#1007,.T.);
#602=FACE_OUTER_BOUND('',#1008,.T.);
#603=FACE_OUTER_BOUND('',#1009,.T.);
#604=FACE_OUTER_BOUND('',#1010,.T.);
#605=FACE_OUTER_BOUND('',#1011,.T.);
#606=FACE_OUTER_BOUND('',#1012,.T.);
#607=FACE_OUTER_BOUND('',#1013,.T.);
#608=FACE_OUTER_BOUND('',#1014,.T.);
#609=FACE_OUTER_BOUND('',#1015,.T.);
#610=FACE_OUTER_BOUND('',#1016,.T.);
#611=FACE_OUTER_BOUND('',#1017,.T.);
#612=FACE_OUTER_BOUND('',#1018,.T.);
#613=FACE_OUTER_BOUND('',#1019,.T.);
#614=FACE_OUTER_BOUND('',#1020,.T.);
#615=FACE_OUTER_BOUND('',#1021,.T.);
#616=FACE_OUTER_BOUND('',#1022,.T.);
#617=FACE_OUTER_BOUND('',#1023,.T.);
#618=FACE_OUTER_BOUND('',#1024,.T.);
#619=FACE_OUTER_BOUND('',#1025,.T.);
#620=FACE_OUTER_BOUND('',#1126,.T.);
#621=EDGE_LOOP('',(#5671,#5672,#5673,#5674));
#622=EDGE_LOOP('',(#5675,#5676,#5677,#5678));
#623=EDGE_LOOP('',(#5679,#5680,#5681,#5682));
#624=EDGE_LOOP('',(#5683,#5684,#5685,#5686));
#625=EDGE_LOOP('',(#5687,#5688,#5689,#5690));
#626=EDGE_LOOP('',(#5691,#5692,#5693,#5694));
#627=EDGE_LOOP('',(#5695,#5696,#5697,#5698));
#628=EDGE_LOOP('',(#5699,#5700,#5701,#5702));
#629=EDGE_LOOP('',(#5703,#5704,#5705,#5706));
#630=EDGE_LOOP('',(#5707,#5708,#5709,#5710));
#631=EDGE_LOOP('',(#5711,#5712,#5713,#5714));
#632=EDGE_LOOP('',(#5715,#5716,#5717,#5718));
#633=EDGE_LOOP('',(#5719,#5720,#5721,#5722));
#634=EDGE_LOOP('',(#5723,#5724,#5725,#5726));
#635=EDGE_LOOP('',(#5727,#5728,#5729,#5730));
#636=EDGE_LOOP('',(#5731,#5732,#5733,#5734));
#637=EDGE_LOOP('',(#5735,#5736,#5737,#5738));
#638=EDGE_LOOP('',(#5739,#5740,#5741,#5742));
#639=EDGE_LOOP('',(#5743,#5744,#5745,#5746));
#640=EDGE_LOOP('',(#5747,#5748,#5749,#5750));
#641=EDGE_LOOP('',(#5751,#5752,#5753,#5754));
#642=EDGE_LOOP('',(#5755,#5756,#5757,#5758));
#643=EDGE_LOOP('',(#5759,#5760,#5761,#5762));
#644=EDGE_LOOP('',(#5763,#5764,#5765,#5766));
#645=EDGE_LOOP('',(#5767,#5768,#5769,#5770));
#646=EDGE_LOOP('',(#5771,#5772,#5773,#5774));
#647=EDGE_LOOP('',(#5775,#5776,#5777,#5778));
#648=EDGE_LOOP('',(#5779,#5780,#5781,#5782));
#649=EDGE_LOOP('',(#5783,#5784,#5785,#5786));
#650=EDGE_LOOP('',(#5787,#5788,#5789,#5790));
#651=EDGE_LOOP('',(#5791,#5792,#5793,#5794));
#652=EDGE_LOOP('',(#5795,#5796,#5797,#5798));
#653=EDGE_LOOP('',(#5799,#5800,#5801,#5802));
#654=EDGE_LOOP('',(#5803,#5804,#5805,#5806));
#655=EDGE_LOOP('',(#5807,#5808,#5809,#5810));
#656=EDGE_LOOP('',(#5811,#5812,#5813,#5814));
#657=EDGE_LOOP('',(#5815,#5816,#5817,#5818));
#658=EDGE_LOOP('',(#5819,#5820,#5821,#5822));
#659=EDGE_LOOP('',(#5823,#5824,#5825,#5826));
#660=EDGE_LOOP('',(#5827,#5828,#5829,#5830));
#661=EDGE_LOOP('',(#5831,#5832,#5833,#5834));
#662=EDGE_LOOP('',(#5835,#5836,#5837,#5838));
#663=EDGE_LOOP('',(#5839,#5840,#5841,#5842));
#664=EDGE_LOOP('',(#5843,#5844,#5845,#5846));
#665=EDGE_LOOP('',(#5847,#5848,#5849,#5850));
#666=EDGE_LOOP('',(#5851,#5852,#5853,#5854));
#667=EDGE_LOOP('',(#5855,#5856,#5857,#5858));
#668=EDGE_LOOP('',(#5859,#5860,#5861,#5862));
#669=EDGE_LOOP('',(#5863,#5864,#5865,#5866));
#670=EDGE_LOOP('',(#5867,#5868,#5869,#5870));
#671=EDGE_LOOP('',(#5871,#5872,#5873,#5874));
#672=EDGE_LOOP('',(#5875,#5876,#5877,#5878));
#673=EDGE_LOOP('',(#5879,#5880,#5881,#5882));
#674=EDGE_LOOP('',(#5883,#5884,#5885,#5886));
#675=EDGE_LOOP('',(#5887,#5888,#5889,#5890));
#676=EDGE_LOOP('',(#5891,#5892,#5893,#5894));
#677=EDGE_LOOP('',(#5895,#5896,#5897,#5898));
#678=EDGE_LOOP('',(#5899,#5900,#5901,#5902));
#679=EDGE_LOOP('',(#5903,#5904,#5905,#5906));
#680=EDGE_LOOP('',(#5907,#5908,#5909,#5910));
#681=EDGE_LOOP('',(#5911,#5912,#5913,#5914));
#682=EDGE_LOOP('',(#5915,#5916,#5917,#5918));
#683=EDGE_LOOP('',(#5919,#5920,#5921,#5922));
#684=EDGE_LOOP('',(#5923,#5924,#5925,#5926));
#685=EDGE_LOOP('',(#5927,#5928,#5929,#5930));
#686=EDGE_LOOP('',(#5931,#5932,#5933,#5934));
#687=EDGE_LOOP('',(#5935,#5936,#5937,#5938));
#688=EDGE_LOOP('',(#5939,#5940,#5941,#5942));
#689=EDGE_LOOP('',(#5943,#5944,#5945,#5946));
#690=EDGE_LOOP('',(#5947,#5948,#5949,#5950));
#691=EDGE_LOOP('',(#5951,#5952,#5953,#5954));
#692=EDGE_LOOP('',(#5955,#5956,#5957,#5958));
#693=EDGE_LOOP('',(#5959,#5960,#5961,#5962));
#694=EDGE_LOOP('',(#5963,#5964,#5965,#5966));
#695=EDGE_LOOP('',(#5967,#5968,#5969,#5970));
#696=EDGE_LOOP('',(#5971,#5972,#5973,#5974));
#697=EDGE_LOOP('',(#5975,#5976,#5977,#5978));
#698=EDGE_LOOP('',(#5979,#5980,#5981,#5982));
#699=EDGE_LOOP('',(#5983,#5984,#5985,#5986));
#700=EDGE_LOOP('',(#5987,#5988,#5989,#5990));
#701=EDGE_LOOP('',(#5991,#5992,#5993,#5994));
#702=EDGE_LOOP('',(#5995,#5996,#5997,#5998));
#703=EDGE_LOOP('',(#5999,#6000,#6001,#6002));
#704=EDGE_LOOP('',(#6003,#6004,#6005,#6006));
#705=EDGE_LOOP('',(#6007,#6008,#6009,#6010));
#706=EDGE_LOOP('',(#6011,#6012,#6013,#6014));
#707=EDGE_LOOP('',(#6015,#6016,#6017,#6018));
#708=EDGE_LOOP('',(#6019,#6020,#6021,#6022));
#709=EDGE_LOOP('',(#6023,#6024,#6025,#6026));
#710=EDGE_LOOP('',(#6027,#6028,#6029,#6030));
#711=EDGE_LOOP('',(#6031,#6032,#6033,#6034));
#712=EDGE_LOOP('',(#6035,#6036,#6037,#6038));
#713=EDGE_LOOP('',(#6039,#6040,#6041,#6042));
#714=EDGE_LOOP('',(#6043,#6044,#6045,#6046));
#715=EDGE_LOOP('',(#6047,#6048,#6049,#6050));
#716=EDGE_LOOP('',(#6051,#6052,#6053,#6054));
#717=EDGE_LOOP('',(#6055,#6056,#6057,#6058));
#718=EDGE_LOOP('',(#6059,#6060,#6061,#6062));
#719=EDGE_LOOP('',(#6063,#6064,#6065,#6066));
#720=EDGE_LOOP('',(#6067,#6068,#6069,#6070));
#721=EDGE_LOOP('',(#6071,#6072,#6073,#6074));
#722=EDGE_LOOP('',(#6075,#6076,#6077,#6078));
#723=EDGE_LOOP('',(#6079,#6080,#6081,#6082));
#724=EDGE_LOOP('',(#6083,#6084,#6085,#6086));
#725=EDGE_LOOP('',(#6087,#6088,#6089,#6090));
#726=EDGE_LOOP('',(#6091,#6092,#6093,#6094));
#727=EDGE_LOOP('',(#6095,#6096,#6097,#6098));
#728=EDGE_LOOP('',(#6099,#6100,#6101,#6102));
#729=EDGE_LOOP('',(#6103,#6104,#6105,#6106));
#730=EDGE_LOOP('',(#6107,#6108,#6109,#6110));
#731=EDGE_LOOP('',(#6111,#6112,#6113,#6114));
#732=EDGE_LOOP('',(#6115,#6116,#6117,#6118));
#733=EDGE_LOOP('',(#6119,#6120,#6121,#6122));
#734=EDGE_LOOP('',(#6123,#6124,#6125,#6126));
#735=EDGE_LOOP('',(#6127,#6128,#6129,#6130));
#736=EDGE_LOOP('',(#6131,#6132,#6133,#6134));
#737=EDGE_LOOP('',(#6135,#6136,#6137,#6138));
#738=EDGE_LOOP('',(#6139,#6140,#6141,#6142));
#739=EDGE_LOOP('',(#6143,#6144,#6145,#6146));
#740=EDGE_LOOP('',(#6147,#6148,#6149,#6150));
#741=EDGE_LOOP('',(#6151,#6152,#6153,#6154));
#742=EDGE_LOOP('',(#6155,#6156,#6157,#6158));
#743=EDGE_LOOP('',(#6159,#6160,#6161,#6162));
#744=EDGE_LOOP('',(#6163,#6164,#6165,#6166));
#745=EDGE_LOOP('',(#6167,#6168,#6169,#6170));
#746=EDGE_LOOP('',(#6171,#6172,#6173,#6174));
#747=EDGE_LOOP('',(#6175,#6176,#6177,#6178));
#748=EDGE_LOOP('',(#6179,#6180,#6181,#6182));
#749=EDGE_LOOP('',(#6183,#6184,#6185,#6186));
#750=EDGE_LOOP('',(#6187,#6188,#6189,#6190));
#751=EDGE_LOOP('',(#6191,#6192,#6193,#6194));
#752=EDGE_LOOP('',(#6195,#6196,#6197,#6198));
#753=EDGE_LOOP('',(#6199,#6200,#6201,#6202));
#754=EDGE_LOOP('',(#6203,#6204,#6205,#6206));
#755=EDGE_LOOP('',(#6207,#6208,#6209,#6210));
#756=EDGE_LOOP('',(#6211,#6212,#6213,#6214));
#757=EDGE_LOOP('',(#6215,#6216,#6217,#6218));
#758=EDGE_LOOP('',(#6219,#6220,#6221,#6222));
#759=EDGE_LOOP('',(#6223,#6224,#6225,#6226));
#760=EDGE_LOOP('',(#6227,#6228,#6229,#6230));
#761=EDGE_LOOP('',(#6231,#6232,#6233,#6234));
#762=EDGE_LOOP('',(#6235,#6236,#6237,#6238));
#763=EDGE_LOOP('',(#6239,#6240,#6241,#6242));
#764=EDGE_LOOP('',(#6243,#6244,#6245,#6246));
#765=EDGE_LOOP('',(#6247,#6248,#6249,#6250));
#766=EDGE_LOOP('',(#6251,#6252,#6253,#6254));
#767=EDGE_LOOP('',(#6255,#6256,#6257,#6258));
#768=EDGE_LOOP('',(#6259,#6260,#6261,#6262));
#769=EDGE_LOOP('',(#6263,#6264,#6265,#6266));
#770=EDGE_LOOP('',(#6267,#6268,#6269,#6270));
#771=EDGE_LOOP('',(#6271,#6272,#6273,#6274));
#772=EDGE_LOOP('',(#6275,#6276,#6277,#6278));
#773=EDGE_LOOP('',(#6279,#6280,#6281,#6282));
#774=EDGE_LOOP('',(#6283,#6284,#6285,#6286));
#775=EDGE_LOOP('',(#6287,#6288,#6289,#6290));
#776=EDGE_LOOP('',(#6291,#6292,#6293,#6294));
#777=EDGE_LOOP('',(#6295,#6296,#6297,#6298));
#778=EDGE_LOOP('',(#6299,#6300,#6301,#6302));
#779=EDGE_LOOP('',(#6303,#6304,#6305,#6306));
#780=EDGE_LOOP('',(#6307,#6308,#6309,#6310));
#781=EDGE_LOOP('',(#6311,#6312,#6313,#6314));
#782=EDGE_LOOP('',(#6315,#6316,#6317,#6318));
#783=EDGE_LOOP('',(#6319,#6320,#6321,#6322));
#784=EDGE_LOOP('',(#6323,#6324,#6325,#6326));
#785=EDGE_LOOP('',(#6327,#6328,#6329,#6330));
#786=EDGE_LOOP('',(#6331,#6332,#6333,#6334));
#787=EDGE_LOOP('',(#6335,#6336,#6337,#6338));
#788=EDGE_LOOP('',(#6339,#6340,#6341,#6342));
#789=EDGE_LOOP('',(#6343,#6344,#6345,#6346));
#790=EDGE_LOOP('',(#6347,#6348,#6349,#6350));
#791=EDGE_LOOP('',(#6351,#6352,#6353,#6354));
#792=EDGE_LOOP('',(#6355,#6356,#6357,#6358));
#793=EDGE_LOOP('',(#6359,#6360,#6361,#6362));
#794=EDGE_LOOP('',(#6363,#6364,#6365,#6366));
#795=EDGE_LOOP('',(#6367,#6368,#6369,#6370));
#796=EDGE_LOOP('',(#6371,#6372,#6373,#6374));
#797=EDGE_LOOP('',(#6375,#6376,#6377,#6378));
#798=EDGE_LOOP('',(#6379,#6380,#6381,#6382));
#799=EDGE_LOOP('',(#6383,#6384,#6385,#6386));
#800=EDGE_LOOP('',(#6387,#6388,#6389,#6390));
#801=EDGE_LOOP('',(#6391,#6392,#6393,#6394));
#802=EDGE_LOOP('',(#6395,#6396,#6397,#6398));
#803=EDGE_LOOP('',(#6399,#6400,#6401,#6402));
#804=EDGE_LOOP('',(#6403,#6404,#6405,#6406));
#805=EDGE_LOOP('',(#6407,#6408,#6409,#6410));
#806=EDGE_LOOP('',(#6411,#6412,#6413,#6414));
#807=EDGE_LOOP('',(#6415,#6416,#6417,#6418));
#808=EDGE_LOOP('',(#6419,#6420,#6421,#6422));
#809=EDGE_LOOP('',(#6423,#6424,#6425,#6426));
#810=EDGE_LOOP('',(#6427,#6428,#6429,#6430));
#811=EDGE_LOOP('',(#6431,#6432,#6433,#6434));
#812=EDGE_LOOP('',(#6435,#6436,#6437,#6438));
#813=EDGE_LOOP('',(#6439,#6440,#6441,#6442));
#814=EDGE_LOOP('',(#6443,#6444,#6445,#6446));
#815=EDGE_LOOP('',(#6447,#6448,#6449,#6450));
#816=EDGE_LOOP('',(#6451,#6452,#6453,#6454));
#817=EDGE_LOOP('',(#6455,#6456,#6457,#6458));
#818=EDGE_LOOP('',(#6459,#6460,#6461,#6462));
#819=EDGE_LOOP('',(#6463,#6464,#6465,#6466));
#820=EDGE_LOOP('',(#6467,#6468,#6469,#6470));
#821=EDGE_LOOP('',(#6471,#6472,#6473,#6474));
#822=EDGE_LOOP('',(#6475,#6476,#6477,#6478));
#823=EDGE_LOOP('',(#6479,#6480,#6481,#6482));
#824=EDGE_LOOP('',(#6483,#6484,#6485,#6486));
#825=EDGE_LOOP('',(#6487,#6488,#6489,#6490));
#826=EDGE_LOOP('',(#6491,#6492,#6493,#6494));
#827=EDGE_LOOP('',(#6495,#6496,#6497,#6498));
#828=EDGE_LOOP('',(#6499,#6500,#6501,#6502));
#829=EDGE_LOOP('',(#6503,#6504,#6505,#6506));
#830=EDGE_LOOP('',(#6507,#6508,#6509,#6510));
#831=EDGE_LOOP('',(#6511,#6512,#6513,#6514));
#832=EDGE_LOOP('',(#6515,#6516,#6517,#6518));
#833=EDGE_LOOP('',(#6519,#6520,#6521,#6522));
#834=EDGE_LOOP('',(#6523,#6524,#6525,#6526));
#835=EDGE_LOOP('',(#6527,#6528,#6529,#6530));
#836=EDGE_LOOP('',(#6531,#6532,#6533,#6534));
#837=EDGE_LOOP('',(#6535,#6536,#6537,#6538));
#838=EDGE_LOOP('',(#6539,#6540,#6541,#6542));
#839=EDGE_LOOP('',(#6543,#6544,#6545,#6546));
#840=EDGE_LOOP('',(#6547,#6548,#6549,#6550));
#841=EDGE_LOOP('',(#6551,#6552,#6553,#6554));
#842=EDGE_LOOP('',(#6555,#6556,#6557,#6558));
#843=EDGE_LOOP('',(#6559,#6560,#6561,#6562));
#844=EDGE_LOOP('',(#6563,#6564,#6565,#6566));
#845=EDGE_LOOP('',(#6567,#6568,#6569,#6570));
#846=EDGE_LOOP('',(#6571,#6572,#6573,#6574));
#847=EDGE_LOOP('',(#6575,#6576,#6577,#6578));
#848=EDGE_LOOP('',(#6579,#6580,#6581,#6582));
#849=EDGE_LOOP('',(#6583,#6584,#6585,#6586));
#850=EDGE_LOOP('',(#6587,#6588,#6589,#6590));
#851=EDGE_LOOP('',(#6591,#6592,#6593,#6594));
#852=EDGE_LOOP('',(#6595,#6596,#6597,#6598));
#853=EDGE_LOOP('',(#6599,#6600,#6601,#6602));
#854=EDGE_LOOP('',(#6603,#6604,#6605,#6606));
#855=EDGE_LOOP('',(#6607,#6608,#6609,#6610));
#856=EDGE_LOOP('',(#6611,#6612,#6613,#6614));
#857=EDGE_LOOP('',(#6615,#6616,#6617,#6618));
#858=EDGE_LOOP('',(#6619,#6620,#6621,#6622));
#859=EDGE_LOOP('',(#6623,#6624,#6625,#6626));
#860=EDGE_LOOP('',(#6627,#6628,#6629,#6630));
#861=EDGE_LOOP('',(#6631,#6632,#6633,#6634));
#862=EDGE_LOOP('',(#6635,#6636,#6637,#6638));
#863=EDGE_LOOP('',(#6639,#6640,#6641,#6642));
#864=EDGE_LOOP('',(#6643,#6644,#6645,#6646));
#865=EDGE_LOOP('',(#6647,#6648,#6649,#6650));
#866=EDGE_LOOP('',(#6651,#6652,#6653,#6654));
#867=EDGE_LOOP('',(#6655,#6656,#6657,#6658));
#868=EDGE_LOOP('',(#6659,#6660,#6661,#6662));
#869=EDGE_LOOP('',(#6663,#6664,#6665,#6666));
#870=EDGE_LOOP('',(#6667,#6668,#6669,#6670));
#871=EDGE_LOOP('',(#6671,#6672,#6673,#6674));
#872=EDGE_LOOP('',(#6675,#6676,#6677,#6678));
#873=EDGE_LOOP('',(#6679,#6680,#6681,#6682));
#874=EDGE_LOOP('',(#6683,#6684,#6685,#6686));
#875=EDGE_LOOP('',(#6687,#6688,#6689,#6690));
#876=EDGE_LOOP('',(#6691,#6692,#6693,#6694));
#877=EDGE_LOOP('',(#6695,#6696,#6697,#6698));
#878=EDGE_LOOP('',(#6699,#6700,#6701,#6702));
#879=EDGE_LOOP('',(#6703,#6704,#6705,#6706));
#880=EDGE_LOOP('',(#6707,#6708,#6709,#6710));
#881=EDGE_LOOP('',(#6711,#6712,#6713,#6714));
#882=EDGE_LOOP('',(#6715,#6716,#6717,#6718));
#883=EDGE_LOOP('',(#6719,#6720,#6721,#6722));
#884=EDGE_LOOP('',(#6723,#6724,#6725,#6726));
#885=EDGE_LOOP('',(#6727,#6728,#6729,#6730));
#886=EDGE_LOOP('',(#6731,#6732,#6733,#6734));
#887=EDGE_LOOP('',(#6735,#6736,#6737,#6738));
#888=EDGE_LOOP('',(#6739,#6740,#6741,#6742));
#889=EDGE_LOOP('',(#6743,#6744,#6745,#6746));
#890=EDGE_LOOP('',(#6747,#6748,#6749,#6750));
#891=EDGE_LOOP('',(#6751,#6752,#6753,#6754));
#892=EDGE_LOOP('',(#6755,#6756,#6757,#6758));
#893=EDGE_LOOP('',(#6759,#6760,#6761,#6762));
#894=EDGE_LOOP('',(#6763,#6764,#6765,#6766));
#895=EDGE_LOOP('',(#6767,#6768,#6769,#6770));
#896=EDGE_LOOP('',(#6771,#6772,#6773,#6774));
#897=EDGE_LOOP('',(#6775,#6776,#6777,#6778));
#898=EDGE_LOOP('',(#6779,#6780,#6781,#6782));
#899=EDGE_LOOP('',(#6783,#6784,#6785,#6786));
#900=EDGE_LOOP('',(#6787,#6788,#6789,#6790));
#901=EDGE_LOOP('',(#6791,#6792,#6793,#6794));
#902=EDGE_LOOP('',(#6795,#6796,#6797,#6798));
#903=EDGE_LOOP('',(#6799,#6800,#6801,#6802));
#904=EDGE_LOOP('',(#6803,#6804,#6805,#6806));
#905=EDGE_LOOP('',(#6807,#6808,#6809,#6810));
#906=EDGE_LOOP('',(#6811,#6812,#6813,#6814));
#907=EDGE_LOOP('',(#6815,#6816,#6817,#6818));
#908=EDGE_LOOP('',(#6819,#6820,#6821,#6822));
#909=EDGE_LOOP('',(#6823,#6824,#6825,#6826));
#910=EDGE_LOOP('',(#6827,#6828,#6829,#6830));
#911=EDGE_LOOP('',(#6831,#6832,#6833,#6834));
#912=EDGE_LOOP('',(#6835,#6836,#6837,#6838));
#913=EDGE_LOOP('',(#6839,#6840,#6841,#6842));
#914=EDGE_LOOP('',(#6843,#6844,#6845,#6846));
#915=EDGE_LOOP('',(#6847,#6848,#6849,#6850));
#916=EDGE_LOOP('',(#6851,#6852,#6853,#6854));
#917=EDGE_LOOP('',(#6855,#6856,#6857,#6858));
#918=EDGE_LOOP('',(#6859,#6860,#6861,#6862));
#919=EDGE_LOOP('',(#6863,#6864,#6865,#6866));
#920=EDGE_LOOP('',(#6867,#6868,#6869,#6870));
#921=EDGE_LOOP('',(#6871,#6872,#6873,#6874));
#922=EDGE_LOOP('',(#6875,#6876,#6877,#6878));
#923=EDGE_LOOP('',(#6879,#6880,#6881,#6882));
#924=EDGE_LOOP('',(#6883,#6884,#6885,#6886));
#925=EDGE_LOOP('',(#6887,#6888,#6889,#6890));
#926=EDGE_LOOP('',(#6891,#6892,#6893,#6894));
#927=EDGE_LOOP('',(#6895,#6896,#6897,#6898));
#928=EDGE_LOOP('',(#6899,#6900,#6901,#6902));
#929=EDGE_LOOP('',(#6903,#6904,#6905,#6906));
#930=EDGE_LOOP('',(#6907,#6908,#6909,#6910));
#931=EDGE_LOOP('',(#6911,#6912,#6913,#6914));
#932=EDGE_LOOP('',(#6915,#6916,#6917,#6918));
#933=EDGE_LOOP('',(#6919,#6920,#6921,#6922));
#934=EDGE_LOOP('',(#6923,#6924,#6925,#6926));
#935=EDGE_LOOP('',(#6927,#6928,#6929,#6930));
#936=EDGE_LOOP('',(#6931,#6932,#6933,#6934));
#937=EDGE_LOOP('',(#6935,#6936,#6937,#6938));
#938=EDGE_LOOP('',(#6939,#6940,#6941,#6942));
#939=EDGE_LOOP('',(#6943,#6944,#6945,#6946));
#940=EDGE_LOOP('',(#6947,#6948,#6949,#6950));
#941=EDGE_LOOP('',(#6951,#6952,#6953,#6954));
#942=EDGE_LOOP('',(#6955,#6956,#6957,#6958));
#943=EDGE_LOOP('',(#6959,#6960,#6961,#6962));
#944=EDGE_LOOP('',(#6963,#6964,#6965,#6966));
#945=EDGE_LOOP('',(#6967,#6968,#6969,#6970));
#946=EDGE_LOOP('',(#6971,#6972,#6973,#6974));
#947=EDGE_LOOP('',(#6975,#6976,#6977,#6978));
#948=EDGE_LOOP('',(#6979,#6980,#6981,#6982));
#949=EDGE_LOOP('',(#6983,#6984,#6985,#6986));
#950=EDGE_LOOP('',(#6987,#6988,#6989,#6990));
#951=EDGE_LOOP('',(#6991,#6992,#6993,#6994));
#952=EDGE_LOOP('',(#6995,#6996,#6997,#6998));
#953=EDGE_LOOP('',(#6999,#7000,#7001,#7002));
#954=EDGE_LOOP('',(#7003,#7004,#7005,#7006));
#955=EDGE_LOOP('',(#7007,#7008,#7009,#7010));
#956=EDGE_LOOP('',(#7011,#7012,#7013,#7014));
#957=EDGE_LOOP('',(#7015,#7016,#7017,#7018));
#958=EDGE_LOOP('',(#7019,#7020,#7021,#7022));
#959=EDGE_LOOP('',(#7023,#7024,#7025,#7026));
#960=EDGE_LOOP('',(#7027,#7028,#7029,#7030));
#961=EDGE_LOOP('',(#7031,#7032,#7033,#7034));
#962=EDGE_LOOP('',(#7035,#7036,#7037,#7038));
#963=EDGE_LOOP('',(#7039,#7040,#7041,#7042));
#964=EDGE_LOOP('',(#7043,#7044,#7045,#7046));
#965=EDGE_LOOP('',(#7047,#7048,#7049,#7050));
#966=EDGE_LOOP('',(#7051,#7052,#7053,#7054));
#967=EDGE_LOOP('',(#7055,#7056,#7057,#7058));
#968=EDGE_LOOP('',(#7059,#7060,#7061,#7062));
#969=EDGE_LOOP('',(#7063,#7064,#7065,#7066));
#970=EDGE_LOOP('',(#7067,#7068,#7069,#7070));
#971=EDGE_LOOP('',(#7071,#7072,#7073,#7074));
#972=EDGE_LOOP('',(#7075,#7076,#7077,#7078));
#973=EDGE_LOOP('',(#7079,#7080,#7081,#7082));
#974=EDGE_LOOP('',(#7083,#7084,#7085,#7086));
#975=EDGE_LOOP('',(#7087,#7088,#7089,#7090));
#976=EDGE_LOOP('',(#7091,#7092,#7093,#7094));
#977=EDGE_LOOP('',(#7095,#7096,#7097,#7098));
#978=EDGE_LOOP('',(#7099,#7100,#7101,#7102));
#979=EDGE_LOOP('',(#7103,#7104,#7105,#7106));
#980=EDGE_LOOP('',(#7107,#7108,#7109,#7110));
#981=EDGE_LOOP('',(#7111,#7112,#7113,#7114));
#982=EDGE_LOOP('',(#7115,#7116,#7117,#7118));
#983=EDGE_LOOP('',(#7119,#7120,#7121,#7122));
#984=EDGE_LOOP('',(#7123,#7124,#7125,#7126));
#985=EDGE_LOOP('',(#7127,#7128,#7129,#7130));
#986=EDGE_LOOP('',(#7131,#7132,#7133,#7134));
#987=EDGE_LOOP('',(#7135,#7136,#7137,#7138));
#988=EDGE_LOOP('',(#7139,#7140,#7141,#7142));
#989=EDGE_LOOP('',(#7143,#7144,#7145,#7146));
#990=EDGE_LOOP('',(#7147,#7148,#7149,#7150));
#991=EDGE_LOOP('',(#7151,#7152,#7153,#7154));
#992=EDGE_LOOP('',(#7155,#7156,#7157,#7158));
#993=EDGE_LOOP('',(#7159,#7160,#7161,#7162));
#994=EDGE_LOOP('',(#7163,#7164,#7165,#7166));
#995=EDGE_LOOP('',(#7167,#7168,#7169,#7170));
#996=EDGE_LOOP('',(#7171,#7172,#7173,#7174));
#997=EDGE_LOOP('',(#7175,#7176,#7177,#7178));
#998=EDGE_LOOP('',(#7179,#7180,#7181,#7182));
#999=EDGE_LOOP('',(#7183,#7184,#7185,#7186));
#1000=EDGE_LOOP('',(#7187,#7188,#7189,#7190));
#1001=EDGE_LOOP('',(#7191,#7192,#7193,#7194));
#1002=EDGE_LOOP('',(#7195,#7196,#7197,#7198));
#1003=EDGE_LOOP('',(#7199,#7200,#7201,#7202));
#1004=EDGE_LOOP('',(#7203,#7204,#7205,#7206));
#1005=EDGE_LOOP('',(#7207,#7208,#7209,#7210));
#1006=EDGE_LOOP('',(#7211,#7212,#7213,#7214));
#1007=EDGE_LOOP('',(#7215,#7216,#7217,#7218));
#1008=EDGE_LOOP('',(#7219,#7220,#7221,#7222));
#1009=EDGE_LOOP('',(#7223,#7224,#7225,#7226));
#1010=EDGE_LOOP('',(#7227,#7228,#7229,#7230));
#1011=EDGE_LOOP('',(#7231,#7232,#7233,#7234));
#1012=EDGE_LOOP('',(#7235,#7236,#7237,#7238));
#1013=EDGE_LOOP('',(#7239,#7240,#7241,#7242));
#1014=EDGE_LOOP('',(#7243,#7244,#7245,#7246));
#1015=EDGE_LOOP('',(#7247,#7248,#7249,#7250));
#1016=EDGE_LOOP('',(#7251,#7252,#7253,#7254));
#1017=EDGE_LOOP('',(#7255,#7256,#7257,#7258));
#1018=EDGE_LOOP('',(#7259,#7260,#7261,#7262));
#1019=EDGE_LOOP('',(#7263,#7264,#7265,#7266));
#1020=EDGE_LOOP('',(#7267,#7268,#7269,#7270));
#1021=EDGE_LOOP('',(#7271,#7272,#7273,#7274));
#1022=EDGE_LOOP('',(#7275,#7276,#7277,#7278));
#1023=EDGE_LOOP('',(#7279,#7280,#7281,#7282));
#1024=EDGE_LOOP('',(#7283,#7284,#7285,#7286));
#1025=EDGE_LOOP('',(#7287,#7288,#7289,#7290));
#1026=EDGE_LOOP('',(#7291,#7292,#7293,#7294));
#1027=EDGE_LOOP('',(#7295,#7296,#7297,#7298));
#1028=EDGE_LOOP('',(#7299,#7300,#7301,#7302));
#1029=EDGE_LOOP('',(#7303,#7304,#7305,#7306));
#1030=EDGE_LOOP('',(#7307,#7308,#7309,#7310));
#1031=EDGE_LOOP('',(#7311,#7312,#7313,#7314));
#1032=EDGE_LOOP('',(#7315,#7316,#7317,#7318));
#1033=EDGE_LOOP('',(#7319,#7320,#7321,#7322));
#1034=EDGE_LOOP('',(#7323,#7324,#7325,#7326));
#1035=EDGE_LOOP('',(#7327,#7328,#7329,#7330));
#1036=EDGE_LOOP('',(#7331,#7332,#7333,#7334));
#1037=EDGE_LOOP('',(#7335,#7336,#7337,#7338));
#1038=EDGE_LOOP('',(#7339,#7340,#7341,#7342));
#1039=EDGE_LOOP('',(#7343,#7344,#7345,#7346));
#1040=EDGE_LOOP('',(#7347,#7348,#7349,#7350));
#1041=EDGE_LOOP('',(#7351,#7352,#7353,#7354));
#1042=EDGE_LOOP('',(#7355,#7356,#7357,#7358));
#1043=EDGE_LOOP('',(#7359,#7360,#7361,#7362));
#1044=EDGE_LOOP('',(#7363,#7364,#7365,#7366));
#1045=EDGE_LOOP('',(#7367,#7368,#7369,#7370));
#1046=EDGE_LOOP('',(#7371,#7372,#7373,#7374));
#1047=EDGE_LOOP('',(#7375,#7376,#7377,#7378));
#1048=EDGE_LOOP('',(#7379,#7380,#7381,#7382));
#1049=EDGE_LOOP('',(#7383,#7384,#7385,#7386));
#1050=EDGE_LOOP('',(#7387,#7388,#7389,#7390));
#1051=EDGE_LOOP('',(#7391,#7392,#7393,#7394));
#1052=EDGE_LOOP('',(#7395,#7396,#7397,#7398));
#1053=EDGE_LOOP('',(#7399,#7400,#7401,#7402));
#1054=EDGE_LOOP('',(#7403,#7404,#7405,#7406));
#1055=EDGE_LOOP('',(#7407,#7408,#7409,#7410));
#1056=EDGE_LOOP('',(#7411,#7412,#7413,#7414));
#1057=EDGE_LOOP('',(#7415,#7416,#7417,#7418));
#1058=EDGE_LOOP('',(#7419,#7420,#7421,#7422));
#1059=EDGE_LOOP('',(#7423,#7424,#7425,#7426));
#1060=EDGE_LOOP('',(#7427,#7428,#7429,#7430));
#1061=EDGE_LOOP('',(#7431,#7432,#7433,#7434));
#1062=EDGE_LOOP('',(#7435,#7436,#7437,#7438));
#1063=EDGE_LOOP('',(#7439,#7440,#7441,#7442));
#1064=EDGE_LOOP('',(#7443,#7444,#7445,#7446));
#1065=EDGE_LOOP('',(#7447,#7448,#7449,#7450));
#1066=EDGE_LOOP('',(#7451,#7452,#7453,#7454));
#1067=EDGE_LOOP('',(#7455,#7456,#7457,#7458));
#1068=EDGE_LOOP('',(#7459,#7460,#7461,#7462));
#1069=EDGE_LOOP('',(#7463,#7464,#7465,#7466));
#1070=EDGE_LOOP('',(#7467,#7468,#7469,#7470));
#1071=EDGE_LOOP('',(#7471,#7472,#7473,#7474));
#1072=EDGE_LOOP('',(#7475,#7476,#7477,#7478));
#1073=EDGE_LOOP('',(#7479,#7480,#7481,#7482));
#1074=EDGE_LOOP('',(#7483,#7484,#7485,#7486));
#1075=EDGE_LOOP('',(#7487,#7488,#7489,#7490));
#1076=EDGE_LOOP('',(#7491,#7492,#7493,#7494));
#1077=EDGE_LOOP('',(#7495,#7496,#7497,#7498));
#1078=EDGE_LOOP('',(#7499,#7500,#7501,#7502));
#1079=EDGE_LOOP('',(#7503,#7504,#7505,#7506));
#1080=EDGE_LOOP('',(#7507,#7508,#7509,#7510));
#1081=EDGE_LOOP('',(#7511,#7512,#7513,#7514));
#1082=EDGE_LOOP('',(#7515,#7516,#7517,#7518));
#1083=EDGE_LOOP('',(#7519,#7520,#7521,#7522));
#1084=EDGE_LOOP('',(#7523,#7524,#7525,#7526));
#1085=EDGE_LOOP('',(#7527,#7528,#7529,#7530));
#1086=EDGE_LOOP('',(#7531,#7532,#7533,#7534));
#1087=EDGE_LOOP('',(#7535,#7536,#7537,#7538));
#1088=EDGE_LOOP('',(#7539,#7540,#7541,#7542));
#1089=EDGE_LOOP('',(#7543,#7544,#7545,#7546));
#1090=EDGE_LOOP('',(#7547,#7548,#7549,#7550));
#1091=EDGE_LOOP('',(#7551,#7552,#7553,#7554));
#1092=EDGE_LOOP('',(#7555,#7556,#7557,#7558));
#1093=EDGE_LOOP('',(#7559,#7560,#7561,#7562));
#1094=EDGE_LOOP('',(#7563,#7564,#7565,#7566));
#1095=EDGE_LOOP('',(#7567,#7568,#7569,#7570));
#1096=EDGE_LOOP('',(#7571,#7572,#7573,#7574));
#1097=EDGE_LOOP('',(#7575,#7576,#7577,#7578));
#1098=EDGE_LOOP('',(#7579,#7580,#7581,#7582));
#1099=EDGE_LOOP('',(#7583,#7584,#7585,#7586));
#1100=EDGE_LOOP('',(#7587,#7588,#7589,#7590));
#1101=EDGE_LOOP('',(#7591,#7592,#7593,#7594));
#1102=EDGE_LOOP('',(#7595,#7596,#7597,#7598));
#1103=EDGE_LOOP('',(#7599,#7600,#7601,#7602));
#1104=EDGE_LOOP('',(#7603,#7604,#7605,#7606));
#1105=EDGE_LOOP('',(#7607,#7608,#7609,#7610));
#1106=EDGE_LOOP('',(#7611,#7612,#7613,#7614));
#1107=EDGE_LOOP('',(#7615,#7616,#7617,#7618));
#1108=EDGE_LOOP('',(#7619,#7620,#7621,#7622));
#1109=EDGE_LOOP('',(#7623,#7624,#7625,#7626));
#1110=EDGE_LOOP('',(#7627,#7628,#7629,#7630));
#1111=EDGE_LOOP('',(#7631,#7632,#7633,#7634));
#1112=EDGE_LOOP('',(#7635,#7636,#7637,#7638));
#1113=EDGE_LOOP('',(#7639,#7640,#7641,#7642));
#1114=EDGE_LOOP('',(#7643,#7644,#7645,#7646));
#1115=EDGE_LOOP('',(#7647,#7648,#7649,#7650));
#1116=EDGE_LOOP('',(#7651,#7652,#7653,#7654));
#1117=EDGE_LOOP('',(#7655,#7656,#7657,#7658));
#1118=EDGE_LOOP('',(#7659,#7660,#7661,#7662));
#1119=EDGE_LOOP('',(#7663,#7664,#7665,#7666));
#1120=EDGE_LOOP('',(#7667,#7668,#7669,#7670));
#1121=EDGE_LOOP('',(#7671,#7672,#7673,#7674));
#1122=EDGE_LOOP('',(#7675,#7676,#7677,#7678));
#1123=EDGE_LOOP('',(#7679,#7680,#7681,#7682));
#1124=EDGE_LOOP('',(#7683,#7684,#7685,#7686));
#1125=EDGE_LOOP('',(#7687,#7688,#7689,#7690));
#1126=EDGE_LOOP('',(#7691,#7692,#7693,#7694));
#1127=EDGE_LOOP('',(#7695,#7696,#7697,#7698));
#1128=EDGE_LOOP('',(#7699,#7700,#7701,#7702));
#1129=EDGE_LOOP('',(#7703,#7704,#7705,#7706));
#1130=EDGE_LOOP('',(#7707,#7708,#7709,#7710));
#1131=EDGE_LOOP('',(#7711,#7712,#7713,#7714));
#1132=EDGE_LOOP('',(#7715,#7716,#7717,#7718));
#1133=EDGE_LOOP('',(#7719,#7720,#7721,#7722));
#1134=EDGE_LOOP('',(#7723,#7724,#7725,#7726));
#1135=EDGE_LOOP('',(#7727,#7728,#7729,#7730));
#1136=EDGE_LOOP('',(#7731,#7732,#7733,#7734));
#1137=EDGE_LOOP('',(#7735,#7736,#7737,#7738));
#1138=EDGE_LOOP('',(#7739,#7740,#7741,#7742));
#1139=EDGE_LOOP('',(#7743,#7744,#7745,#7746));
#1140=EDGE_LOOP('',(#7747,#7748,#7749,#7750));
#1141=EDGE_LOOP('',(#7751,#7752,#7753,#7754));
#1142=EDGE_LOOP('',(#7755,#7756,#7757,#7758));
#1143=EDGE_LOOP('',(#7759,#7760,#7761,#7762));
#1144=EDGE_LOOP('',(#7763,#7764,#7765,#7766));
#1145=EDGE_LOOP('',(#7767,#7768,#7769,#7770));
#1146=EDGE_LOOP('',(#7771,#7772,#7773,#7774));
#1147=EDGE_LOOP('',(#7775,#7776,#7777,#7778));
#1148=EDGE_LOOP('',(#7779,#7780,#7781,#7782));
#1149=EDGE_LOOP('',(#7783,#7784,#7785,#7786));
#1150=EDGE_LOOP('',(#7787,#7788,#7789,#7790));
#1151=EDGE_LOOP('',(#7791,#7792,#7793,#7794));
#1152=EDGE_LOOP('',(#7795,#7796,#7797,#7798));
#1153=EDGE_LOOP('',(#7799,#7800,#7801,#7802));
#1154=EDGE_LOOP('',(#7803,#7804,#7805,#7806));
#1155=EDGE_LOOP('',(#7807,#7808,#7809,#7810));
#1156=EDGE_LOOP('',(#7811,#7812,#7813,#7814));
#1157=EDGE_LOOP('',(#7815,#7816,#7817,#7818));
#1158=EDGE_LOOP('',(#7819,#7820,#7821,#7822));
#1159=EDGE_LOOP('',(#7823,#7824,#7825,#7826));
#1160=EDGE_LOOP('',(#7827,#7828,#7829,#7830));
#1161=EDGE_LOOP('',(#7831,#7832,#7833,#7834));
#1162=EDGE_LOOP('',(#7835,#7836,#7837,#7838));
#1163=EDGE_LOOP('',(#7839,#7840,#7841,#7842));
#1164=EDGE_LOOP('',(#7843,#7844,#7845,#7846));
#1165=EDGE_LOOP('',(#7847,#7848,#7849,#7850));
#1166=EDGE_LOOP('',(#7851,#7852,#7853,#7854));
#1167=EDGE_LOOP('',(#7855,#7856,#7857,#7858));
#1168=EDGE_LOOP('',(#7859,#7860,#7861,#7862));
#1169=EDGE_LOOP('',(#7863,#7864,#7865,#7866));
#1170=EDGE_LOOP('',(#7867,#7868,#7869,#7870));
#1171=EDGE_LOOP('',(#7871,#7872,#7873,#7874));
#1172=EDGE_LOOP('',(#7875,#7876,#7877,#7878));
#1173=EDGE_LOOP('',(#7879,#7880,#7881,#7882));
#1174=EDGE_LOOP('',(#7883,#7884,#7885,#7886));
#1175=EDGE_LOOP('',(#7887,#7888,#7889,#7890));
#1176=EDGE_LOOP('',(#7891,#7892,#7893,#7894));
#1177=EDGE_LOOP('',(#7895,#7896,#7897,#7898));
#1178=EDGE_LOOP('',(#7899,#7900,#7901,#7902));
#1179=EDGE_LOOP('',(#7903,#7904,#7905,#7906));
#1180=EDGE_LOOP('',(#7907,#7908,#7909,#7910));
#1181=EDGE_LOOP('',(#7911,#7912,#7913,#7914));
#1182=EDGE_LOOP('',(#7915,#7916,#7917,#7918));
#1183=EDGE_LOOP('',(#7919,#7920,#7921,#7922));
#1184=EDGE_LOOP('',(#7923,#7924,#7925,#7926));
#1185=EDGE_LOOP('',(#7927,#7928,#7929,#7930));
#1186=EDGE_LOOP('',(#7931,#7932,#7933,#7934));
#1187=EDGE_LOOP('',(#7935,#7936,#7937,#7938));
#1188=EDGE_LOOP('',(#7939,#7940,#7941,#7942));
#1189=EDGE_LOOP('',(#7943,#7944,#7945,#7946));
#1190=EDGE_LOOP('',(#7947,#7948,#7949,#7950));
#1191=EDGE_LOOP('',(#7951,#7952,#7953,#7954));
#1192=EDGE_LOOP('',(#7955,#7956,#7957,#7958));
#1193=EDGE_LOOP('',(#7959,#7960,#7961,#7962));
#1194=EDGE_LOOP('',(#7963,#7964,#7965,#7966));
#1195=EDGE_LOOP('',(#7967,#7968,#7969,#7970));
#1196=EDGE_LOOP('',(#7971,#7972,#7973,#7974));
#1197=EDGE_LOOP('',(#7975,#7976,#7977,#7978));
#1198=EDGE_LOOP('',(#7979,#7980,#7981,#7982));
#1199=EDGE_LOOP('',(#7983,#7984,#7985,#7986));
#1200=EDGE_LOOP('',(#7987,#7988,#7989,#7990));
#1201=EDGE_LOOP('',(#7991,#7992,#7993,#7994));
#1202=EDGE_LOOP('',(#7995,#7996,#7997,#7998));
#1203=EDGE_LOOP('',(#7999,#8000,#8001,#8002));
#1204=EDGE_LOOP('',(#8003,#8004,#8005,#8006));
#1205=EDGE_LOOP('',(#8007,#8008,#8009,#8010));
#1206=EDGE_LOOP('',(#8011,#8012,#8013,#8014));
#1207=EDGE_LOOP('',(#8015,#8016,#8017,#8018));
#1208=EDGE_LOOP('',(#8019,#8020,#8021,#8022));
#1209=EDGE_LOOP('',(#8023,#8024,#8025,#8026));
#1210=EDGE_LOOP('',(#8027,#8028,#8029,#8030));
#1211=EDGE_LOOP('',(#8031,#8032,#8033,#8034));
#1212=EDGE_LOOP('',(#8035,#8036,#8037,#8038));
#1213=EDGE_LOOP('',(#8039,#8040,#8041,#8042));
#1214=EDGE_LOOP('',(#8043,#8044,#8045,#8046));
#1215=EDGE_LOOP('',(#8047,#8048,#8049,#8050));
#1216=EDGE_LOOP('',(#8051,#8052,#8053,#8054));
#1217=EDGE_LOOP('',(#8055,#8056,#8057,#8058));
#1218=EDGE_LOOP('',(#8059,#8060,#8061,#8062));
#1219=EDGE_LOOP('',(#8063,#8064,#8065,#8066));
#1220=EDGE_LOOP('',(#8067,#8068,#8069,#8070));
#1221=EDGE_LOOP('',(#8071,#8072,#8073,#8074));
#1222=EDGE_LOOP('',(#8075,#8076,#8077,#8078));
#1223=EDGE_LOOP('',(#8079,#8080,#8081,#8082));
#1224=EDGE_LOOP('',(#8083,#8084,#8085,#8086));
#1225=EDGE_LOOP('',(#8087,#8088,#8089,#8090));
#1226=EDGE_LOOP('',(#8091,#8092,#8093,#8094));
#1227=LINE('',#11446,#2439);
#1228=LINE('',#11448,#2440);
#1229=LINE('',#11450,#2441);
#1230=LINE('',#11451,#2442);
#1231=LINE('',#11454,#2443);
#1232=LINE('',#11456,#2444);
#1233=LINE('',#11457,#2445);
#1234=LINE('',#11460,#2446);
#1235=LINE('',#11462,#2447);
#1236=LINE('',#11463,#2448);
#1237=LINE('',#11465,#2449);
#1238=LINE('',#11466,#2450);
#1239=LINE('',#11470,#2451);
#1240=LINE('',#11472,#2452);
#1241=LINE('',#11474,#2453);
#1242=LINE('',#11475,#2454);
#1243=LINE('',#11478,#2455);
#1244=LINE('',#11480,#2456);
#1245=LINE('',#11481,#2457);
#1246=LINE('',#11484,#2458);
#1247=LINE('',#11486,#2459);
#1248=LINE('',#11487,#2460);
#1249=LINE('',#11489,#2461);
#1250=LINE('',#11490,#2462);
#1251=LINE('',#11494,#2463);
#1252=LINE('',#11496,#2464);
#1253=LINE('',#11498,#2465);
#1254=LINE('',#11499,#2466);
#1255=LINE('',#11502,#2467);
#1256=LINE('',#11504,#2468);
#1257=LINE('',#11505,#2469);
#1258=LINE('',#11508,#2470);
#1259=LINE('',#11510,#2471);
#1260=LINE('',#11511,#2472);
#1261=LINE('',#11513,#2473);
#1262=LINE('',#11514,#2474);
#1263=LINE('',#11518,#2475);
#1264=LINE('',#11520,#2476);
#1265=LINE('',#11522,#2477);
#1266=LINE('',#11523,#2478);
#1267=LINE('',#11526,#2479);
#1268=LINE('',#11528,#2480);
#1269=LINE('',#11529,#2481);
#1270=LINE('',#11532,#2482);
#1271=LINE('',#11534,#2483);
#1272=LINE('',#11535,#2484);
#1273=LINE('',#11537,#2485);
#1274=LINE('',#11538,#2486);
#1275=LINE('',#11542,#2487);
#1276=LINE('',#11544,#2488);
#1277=LINE('',#11546,#2489);
#1278=LINE('',#11547,#2490);
#1279=LINE('',#11550,#2491);
#1280=LINE('',#11552,#2492);
#1281=LINE('',#11553,#2493);
#1282=LINE('',#11556,#2494);
#1283=LINE('',#11558,#2495);
#1284=LINE('',#11559,#2496);
#1285=LINE('',#11561,#2497);
#1286=LINE('',#11562,#2498);
#1287=LINE('',#11566,#2499);
#1288=LINE('',#11568,#2500);
#1289=LINE('',#11570,#2501);
#1290=LINE('',#11571,#2502);
#1291=LINE('',#11574,#2503);
#1292=LINE('',#11576,#2504);
#1293=LINE('',#11577,#2505);
#1294=LINE('',#11580,#2506);
#1295=LINE('',#11582,#2507);
#1296=LINE('',#11583,#2508);
#1297=LINE('',#11585,#2509);
#1298=LINE('',#11586,#2510);
#1299=LINE('',#11590,#2511);
#1300=LINE('',#11592,#2512);
#1301=LINE('',#11594,#2513);
#1302=LINE('',#11595,#2514);
#1303=LINE('',#11598,#2515);
#1304=LINE('',#11600,#2516);
#1305=LINE('',#11601,#2517);
#1306=LINE('',#11604,#2518);
#1307=LINE('',#11606,#2519);
#1308=LINE('',#11607,#2520);
#1309=LINE('',#11609,#2521);
#1310=LINE('',#11610,#2522);
#1311=LINE('',#11614,#2523);
#1312=LINE('',#11616,#2524);
#1313=LINE('',#11618,#2525);
#1314=LINE('',#11619,#2526);
#1315=LINE('',#11622,#2527);
#1316=LINE('',#11624,#2528);
#1317=LINE('',#11625,#2529);
#1318=LINE('',#11628,#2530);
#1319=LINE('',#11630,#2531);
#1320=LINE('',#11631,#2532);
#1321=LINE('',#11633,#2533);
#1322=LINE('',#11634,#2534);
#1323=LINE('',#11638,#2535);
#1324=LINE('',#11640,#2536);
#1325=LINE('',#11642,#2537);
#1326=LINE('',#11643,#2538);
#1327=LINE('',#11646,#2539);
#1328=LINE('',#11648,#2540);
#1329=LINE('',#11649,#2541);
#1330=LINE('',#11652,#2542);
#1331=LINE('',#11654,#2543);
#1332=LINE('',#11655,#2544);
#1333=LINE('',#11657,#2545);
#1334=LINE('',#11658,#2546);
#1335=LINE('',#11662,#2547);
#1336=LINE('',#11664,#2548);
#1337=LINE('',#11666,#2549);
#1338=LINE('',#11667,#2550);
#1339=LINE('',#11670,#2551);
#1340=LINE('',#11672,#2552);
#1341=LINE('',#11673,#2553);
#1342=LINE('',#11676,#2554);
#1343=LINE('',#11678,#2555);
#1344=LINE('',#11679,#2556);
#1345=LINE('',#11681,#2557);
#1346=LINE('',#11682,#2558);
#1347=LINE('',#11686,#2559);
#1348=LINE('',#11688,#2560);
#1349=LINE('',#11690,#2561);
#1350=LINE('',#11691,#2562);
#1351=LINE('',#11694,#2563);
#1352=LINE('',#11696,#2564);
#1353=LINE('',#11697,#2565);
#1354=LINE('',#11700,#2566);
#1355=LINE('',#11702,#2567);
#1356=LINE('',#11703,#2568);
#1357=LINE('',#11705,#2569);
#1358=LINE('',#11706,#2570);
#1359=LINE('',#11710,#2571);
#1360=LINE('',#11712,#2572);
#1361=LINE('',#11714,#2573);
#1362=LINE('',#11715,#2574);
#1363=LINE('',#11718,#2575);
#1364=LINE('',#11720,#2576);
#1365=LINE('',#11721,#2577);
#1366=LINE('',#11724,#2578);
#1367=LINE('',#11726,#2579);
#1368=LINE('',#11727,#2580);
#1369=LINE('',#11729,#2581);
#1370=LINE('',#11730,#2582);
#1371=LINE('',#11734,#2583);
#1372=LINE('',#11736,#2584);
#1373=LINE('',#11738,#2585);
#1374=LINE('',#11739,#2586);
#1375=LINE('',#11742,#2587);
#1376=LINE('',#11744,#2588);
#1377=LINE('',#11745,#2589);
#1378=LINE('',#11748,#2590);
#1379=LINE('',#11750,#2591);
#1380=LINE('',#11751,#2592);
#1381=LINE('',#11753,#2593);
#1382=LINE('',#11754,#2594);
#1383=LINE('',#11758,#2595);
#1384=LINE('',#11760,#2596);
#1385=LINE('',#11762,#2597);
#1386=LINE('',#11763,#2598);
#1387=LINE('',#11766,#2599);
#1388=LINE('',#11768,#2600);
#1389=LINE('',#11769,#2601);
#1390=LINE('',#11772,#2602);
#1391=LINE('',#11774,#2603);
#1392=LINE('',#11775,#2604);
#1393=LINE('',#11777,#2605);
#1394=LINE('',#11778,#2606);
#1395=LINE('',#11782,#2607);
#1396=LINE('',#11784,#2608);
#1397=LINE('',#11786,#2609);
#1398=LINE('',#11787,#2610);
#1399=LINE('',#11790,#2611);
#1400=LINE('',#11792,#2612);
#1401=LINE('',#11793,#2613);
#1402=LINE('',#11796,#2614);
#1403=LINE('',#11798,#2615);
#1404=LINE('',#11799,#2616);
#1405=LINE('',#11801,#2617);
#1406=LINE('',#11802,#2618);
#1407=LINE('',#11806,#2619);
#1408=LINE('',#11808,#2620);
#1409=LINE('',#11810,#2621);
#1410=LINE('',#11811,#2622);
#1411=LINE('',#11814,#2623);
#1412=LINE('',#11816,#2624);
#1413=LINE('',#11817,#2625);
#1414=LINE('',#11820,#2626);
#1415=LINE('',#11822,#2627);
#1416=LINE('',#11823,#2628);
#1417=LINE('',#11825,#2629);
#1418=LINE('',#11826,#2630);
#1419=LINE('',#11830,#2631);
#1420=LINE('',#11832,#2632);
#1421=LINE('',#11834,#2633);
#1422=LINE('',#11835,#2634);
#1423=LINE('',#11838,#2635);
#1424=LINE('',#11840,#2636);
#1425=LINE('',#11841,#2637);
#1426=LINE('',#11844,#2638);
#1427=LINE('',#11846,#2639);
#1428=LINE('',#11847,#2640);
#1429=LINE('',#11849,#2641);
#1430=LINE('',#11850,#2642);
#1431=LINE('',#11854,#2643);
#1432=LINE('',#11856,#2644);
#1433=LINE('',#11858,#2645);
#1434=LINE('',#11859,#2646);
#1435=LINE('',#11862,#2647);
#1436=LINE('',#11864,#2648);
#1437=LINE('',#11865,#2649);
#1438=LINE('',#11868,#2650);
#1439=LINE('',#11870,#2651);
#1440=LINE('',#11871,#2652);
#1441=LINE('',#11873,#2653);
#1442=LINE('',#11874,#2654);
#1443=LINE('',#11878,#2655);
#1444=LINE('',#11880,#2656);
#1445=LINE('',#11882,#2657);
#1446=LINE('',#11883,#2658);
#1447=LINE('',#11886,#2659);
#1448=LINE('',#11888,#2660);
#1449=LINE('',#11889,#2661);
#1450=LINE('',#11892,#2662);
#1451=LINE('',#11894,#2663);
#1452=LINE('',#11895,#2664);
#1453=LINE('',#11897,#2665);
#1454=LINE('',#11898,#2666);
#1455=LINE('',#11902,#2667);
#1456=LINE('',#11904,#2668);
#1457=LINE('',#11906,#2669);
#1458=LINE('',#11907,#2670);
#1459=LINE('',#11910,#2671);
#1460=LINE('',#11912,#2672);
#1461=LINE('',#11913,#2673);
#1462=LINE('',#11916,#2674);
#1463=LINE('',#11918,#2675);
#1464=LINE('',#11919,#2676);
#1465=LINE('',#11921,#2677);
#1466=LINE('',#11922,#2678);
#1467=LINE('',#11926,#2679);
#1468=LINE('',#11928,#2680);
#1469=LINE('',#11930,#2681);
#1470=LINE('',#11931,#2682);
#1471=LINE('',#11934,#2683);
#1472=LINE('',#11936,#2684);
#1473=LINE('',#11937,#2685);
#1474=LINE('',#11940,#2686);
#1475=LINE('',#11942,#2687);
#1476=LINE('',#11943,#2688);
#1477=LINE('',#11945,#2689);
#1478=LINE('',#11946,#2690);
#1479=LINE('',#11950,#2691);
#1480=LINE('',#11952,#2692);
#1481=LINE('',#11954,#2693);
#1482=LINE('',#11955,#2694);
#1483=LINE('',#11958,#2695);
#1484=LINE('',#11960,#2696);
#1485=LINE('',#11961,#2697);
#1486=LINE('',#11964,#2698);
#1487=LINE('',#11966,#2699);
#1488=LINE('',#11967,#2700);
#1489=LINE('',#11969,#2701);
#1490=LINE('',#11970,#2702);
#1491=LINE('',#11974,#2703);
#1492=LINE('',#11976,#2704);
#1493=LINE('',#11978,#2705);
#1494=LINE('',#11979,#2706);
#1495=LINE('',#11982,#2707);
#1496=LINE('',#11984,#2708);
#1497=LINE('',#11985,#2709);
#1498=LINE('',#11988,#2710);
#1499=LINE('',#11990,#2711);
#1500=LINE('',#11991,#2712);
#1501=LINE('',#11993,#2713);
#1502=LINE('',#11994,#2714);
#1503=LINE('',#11998,#2715);
#1504=LINE('',#12000,#2716);
#1505=LINE('',#12002,#2717);
#1506=LINE('',#12003,#2718);
#1507=LINE('',#12006,#2719);
#1508=LINE('',#12008,#2720);
#1509=LINE('',#12009,#2721);
#1510=LINE('',#12012,#2722);
#1511=LINE('',#12014,#2723);
#1512=LINE('',#12015,#2724);
#1513=LINE('',#12017,#2725);
#1514=LINE('',#12018,#2726);
#1515=LINE('',#12022,#2727);
#1516=LINE('',#12024,#2728);
#1517=LINE('',#12026,#2729);
#1518=LINE('',#12027,#2730);
#1519=LINE('',#12030,#2731);
#1520=LINE('',#12032,#2732);
#1521=LINE('',#12033,#2733);
#1522=LINE('',#12036,#2734);
#1523=LINE('',#12038,#2735);
#1524=LINE('',#12039,#2736);
#1525=LINE('',#12041,#2737);
#1526=LINE('',#12042,#2738);
#1527=LINE('',#12046,#2739);
#1528=LINE('',#12048,#2740);
#1529=LINE('',#12050,#2741);
#1530=LINE('',#12051,#2742);
#1531=LINE('',#12054,#2743);
#1532=LINE('',#12056,#2744);
#1533=LINE('',#12057,#2745);
#1534=LINE('',#12060,#2746);
#1535=LINE('',#12062,#2747);
#1536=LINE('',#12063,#2748);
#1537=LINE('',#12065,#2749);
#1538=LINE('',#12066,#2750);
#1539=LINE('',#12070,#2751);
#1540=LINE('',#12072,#2752);
#1541=LINE('',#12074,#2753);
#1542=LINE('',#12075,#2754);
#1543=LINE('',#12078,#2755);
#1544=LINE('',#12080,#2756);
#1545=LINE('',#12081,#2757);
#1546=LINE('',#12084,#2758);
#1547=LINE('',#12086,#2759);
#1548=LINE('',#12087,#2760);
#1549=LINE('',#12089,#2761);
#1550=LINE('',#12090,#2762);
#1551=LINE('',#12094,#2763);
#1552=LINE('',#12096,#2764);
#1553=LINE('',#12098,#2765);
#1554=LINE('',#12099,#2766);
#1555=LINE('',#12102,#2767);
#1556=LINE('',#12104,#2768);
#1557=LINE('',#12105,#2769);
#1558=LINE('',#12108,#2770);
#1559=LINE('',#12110,#2771);
#1560=LINE('',#12111,#2772);
#1561=LINE('',#12113,#2773);
#1562=LINE('',#12114,#2774);
#1563=LINE('',#12118,#2775);
#1564=LINE('',#12120,#2776);
#1565=LINE('',#12122,#2777);
#1566=LINE('',#12123,#2778);
#1567=LINE('',#12126,#2779);
#1568=LINE('',#12128,#2780);
#1569=LINE('',#12129,#2781);
#1570=LINE('',#12132,#2782);
#1571=LINE('',#12134,#2783);
#1572=LINE('',#12135,#2784);
#1573=LINE('',#12137,#2785);
#1574=LINE('',#12138,#2786);
#1575=LINE('',#12142,#2787);
#1576=LINE('',#12144,#2788);
#1577=LINE('',#12146,#2789);
#1578=LINE('',#12147,#2790);
#1579=LINE('',#12150,#2791);
#1580=LINE('',#12152,#2792);
#1581=LINE('',#12153,#2793);
#1582=LINE('',#12156,#2794);
#1583=LINE('',#12158,#2795);
#1584=LINE('',#12159,#2796);
#1585=LINE('',#12161,#2797);
#1586=LINE('',#12162,#2798);
#1587=LINE('',#12166,#2799);
#1588=LINE('',#12168,#2800);
#1589=LINE('',#12170,#2801);
#1590=LINE('',#12171,#2802);
#1591=LINE('',#12174,#2803);
#1592=LINE('',#12176,#2804);
#1593=LINE('',#12177,#2805);
#1594=LINE('',#12180,#2806);
#1595=LINE('',#12182,#2807);
#1596=LINE('',#12183,#2808);
#1597=LINE('',#12185,#2809);
#1598=LINE('',#12186,#2810);
#1599=LINE('',#12190,#2811);
#1600=LINE('',#12192,#2812);
#1601=LINE('',#12194,#2813);
#1602=LINE('',#12195,#2814);
#1603=LINE('',#12198,#2815);
#1604=LINE('',#12200,#2816);
#1605=LINE('',#12201,#2817);
#1606=LINE('',#12204,#2818);
#1607=LINE('',#12206,#2819);
#1608=LINE('',#12207,#2820);
#1609=LINE('',#12209,#2821);
#1610=LINE('',#12210,#2822);
#1611=LINE('',#12214,#2823);
#1612=LINE('',#12216,#2824);
#1613=LINE('',#12218,#2825);
#1614=LINE('',#12219,#2826);
#1615=LINE('',#12222,#2827);
#1616=LINE('',#12224,#2828);
#1617=LINE('',#12225,#2829);
#1618=LINE('',#12228,#2830);
#1619=LINE('',#12230,#2831);
#1620=LINE('',#12231,#2832);
#1621=LINE('',#12233,#2833);
#1622=LINE('',#12234,#2834);
#1623=LINE('',#12238,#2835);
#1624=LINE('',#12240,#2836);
#1625=LINE('',#12242,#2837);
#1626=LINE('',#12243,#2838);
#1627=LINE('',#12246,#2839);
#1628=LINE('',#12248,#2840);
#1629=LINE('',#12249,#2841);
#1630=LINE('',#12252,#2842);
#1631=LINE('',#12254,#2843);
#1632=LINE('',#12255,#2844);
#1633=LINE('',#12257,#2845);
#1634=LINE('',#12258,#2846);
#1635=LINE('',#12262,#2847);
#1636=LINE('',#12264,#2848);
#1637=LINE('',#12266,#2849);
#1638=LINE('',#12267,#2850);
#1639=LINE('',#12270,#2851);
#1640=LINE('',#12272,#2852);
#1641=LINE('',#12273,#2853);
#1642=LINE('',#12276,#2854);
#1643=LINE('',#12278,#2855);
#1644=LINE('',#12279,#2856);
#1645=LINE('',#12281,#2857);
#1646=LINE('',#12282,#2858);
#1647=LINE('',#12286,#2859);
#1648=LINE('',#12288,#2860);
#1649=LINE('',#12290,#2861);
#1650=LINE('',#12291,#2862);
#1651=LINE('',#12294,#2863);
#1652=LINE('',#12296,#2864);
#1653=LINE('',#12297,#2865);
#1654=LINE('',#12300,#2866);
#1655=LINE('',#12302,#2867);
#1656=LINE('',#12303,#2868);
#1657=LINE('',#12305,#2869);
#1658=LINE('',#12306,#2870);
#1659=LINE('',#12310,#2871);
#1660=LINE('',#12312,#2872);
#1661=LINE('',#12314,#2873);
#1662=LINE('',#12315,#2874);
#1663=LINE('',#12318,#2875);
#1664=LINE('',#12320,#2876);
#1665=LINE('',#12321,#2877);
#1666=LINE('',#12324,#2878);
#1667=LINE('',#12326,#2879);
#1668=LINE('',#12327,#2880);
#1669=LINE('',#12329,#2881);
#1670=LINE('',#12330,#2882);
#1671=LINE('',#12334,#2883);
#1672=LINE('',#12336,#2884);
#1673=LINE('',#12338,#2885);
#1674=LINE('',#12339,#2886);
#1675=LINE('',#12342,#2887);
#1676=LINE('',#12344,#2888);
#1677=LINE('',#12345,#2889);
#1678=LINE('',#12348,#2890);
#1679=LINE('',#12350,#2891);
#1680=LINE('',#12351,#2892);
#1681=LINE('',#12353,#2893);
#1682=LINE('',#12354,#2894);
#1683=LINE('',#12358,#2895);
#1684=LINE('',#12360,#2896);
#1685=LINE('',#12362,#2897);
#1686=LINE('',#12363,#2898);
#1687=LINE('',#12366,#2899);
#1688=LINE('',#12368,#2900);
#1689=LINE('',#12369,#2901);
#1690=LINE('',#12372,#2902);
#1691=LINE('',#12374,#2903);
#1692=LINE('',#12375,#2904);
#1693=LINE('',#12377,#2905);
#1694=LINE('',#12378,#2906);
#1695=LINE('',#12382,#2907);
#1696=LINE('',#12384,#2908);
#1697=LINE('',#12386,#2909);
#1698=LINE('',#12387,#2910);
#1699=LINE('',#12390,#2911);
#1700=LINE('',#12392,#2912);
#1701=LINE('',#12393,#2913);
#1702=LINE('',#12396,#2914);
#1703=LINE('',#12398,#2915);
#1704=LINE('',#12399,#2916);
#1705=LINE('',#12401,#2917);
#1706=LINE('',#12402,#2918);
#1707=LINE('',#12406,#2919);
#1708=LINE('',#12408,#2920);
#1709=LINE('',#12410,#2921);
#1710=LINE('',#12411,#2922);
#1711=LINE('',#12414,#2923);
#1712=LINE('',#12416,#2924);
#1713=LINE('',#12417,#2925);
#1714=LINE('',#12420,#2926);
#1715=LINE('',#12422,#2927);
#1716=LINE('',#12423,#2928);
#1717=LINE('',#12425,#2929);
#1718=LINE('',#12426,#2930);
#1719=LINE('',#12430,#2931);
#1720=LINE('',#12432,#2932);
#1721=LINE('',#12434,#2933);
#1722=LINE('',#12435,#2934);
#1723=LINE('',#12438,#2935);
#1724=LINE('',#12440,#2936);
#1725=LINE('',#12441,#2937);
#1726=LINE('',#12444,#2938);
#1727=LINE('',#12446,#2939);
#1728=LINE('',#12447,#2940);
#1729=LINE('',#12449,#2941);
#1730=LINE('',#12450,#2942);
#1731=LINE('',#12454,#2943);
#1732=LINE('',#12456,#2944);
#1733=LINE('',#12458,#2945);
#1734=LINE('',#12459,#2946);
#1735=LINE('',#12462,#2947);
#1736=LINE('',#12464,#2948);
#1737=LINE('',#12465,#2949);
#1738=LINE('',#12468,#2950);
#1739=LINE('',#12470,#2951);
#1740=LINE('',#12471,#2952);
#1741=LINE('',#12473,#2953);
#1742=LINE('',#12474,#2954);
#1743=LINE('',#12478,#2955);
#1744=LINE('',#12480,#2956);
#1745=LINE('',#12482,#2957);
#1746=LINE('',#12483,#2958);
#1747=LINE('',#12486,#2959);
#1748=LINE('',#12488,#2960);
#1749=LINE('',#12489,#2961);
#1750=LINE('',#12492,#2962);
#1751=LINE('',#12494,#2963);
#1752=LINE('',#12495,#2964);
#1753=LINE('',#12497,#2965);
#1754=LINE('',#12498,#2966);
#1755=LINE('',#12502,#2967);
#1756=LINE('',#12504,#2968);
#1757=LINE('',#12506,#2969);
#1758=LINE('',#12507,#2970);
#1759=LINE('',#12510,#2971);
#1760=LINE('',#12512,#2972);
#1761=LINE('',#12513,#2973);
#1762=LINE('',#12516,#2974);
#1763=LINE('',#12518,#2975);
#1764=LINE('',#12519,#2976);
#1765=LINE('',#12521,#2977);
#1766=LINE('',#12522,#2978);
#1767=LINE('',#12526,#2979);
#1768=LINE('',#12528,#2980);
#1769=LINE('',#12530,#2981);
#1770=LINE('',#12531,#2982);
#1771=LINE('',#12534,#2983);
#1772=LINE('',#12536,#2984);
#1773=LINE('',#12537,#2985);
#1774=LINE('',#12540,#2986);
#1775=LINE('',#12542,#2987);
#1776=LINE('',#12543,#2988);
#1777=LINE('',#12545,#2989);
#1778=LINE('',#12546,#2990);
#1779=LINE('',#12550,#2991);
#1780=LINE('',#12552,#2992);
#1781=LINE('',#12554,#2993);
#1782=LINE('',#12555,#2994);
#1783=LINE('',#12558,#2995);
#1784=LINE('',#12560,#2996);
#1785=LINE('',#12561,#2997);
#1786=LINE('',#12564,#2998);
#1787=LINE('',#12566,#2999);
#1788=LINE('',#12567,#3000);
#1789=LINE('',#12569,#3001);
#1790=LINE('',#12570,#3002);
#1791=LINE('',#12574,#3003);
#1792=LINE('',#12576,#3004);
#1793=LINE('',#12578,#3005);
#1794=LINE('',#12579,#3006);
#1795=LINE('',#12582,#3007);
#1796=LINE('',#12584,#3008);
#1797=LINE('',#12585,#3009);
#1798=LINE('',#12588,#3010);
#1799=LINE('',#12590,#3011);
#1800=LINE('',#12591,#3012);
#1801=LINE('',#12593,#3013);
#1802=LINE('',#12594,#3014);
#1803=LINE('',#12598,#3015);
#1804=LINE('',#12600,#3016);
#1805=LINE('',#12602,#3017);
#1806=LINE('',#12603,#3018);
#1807=LINE('',#12606,#3019);
#1808=LINE('',#12608,#3020);
#1809=LINE('',#12609,#3021);
#1810=LINE('',#12612,#3022);
#1811=LINE('',#12614,#3023);
#1812=LINE('',#12615,#3024);
#1813=LINE('',#12617,#3025);
#1814=LINE('',#12618,#3026);
#1815=LINE('',#12622,#3027);
#1816=LINE('',#12624,#3028);
#1817=LINE('',#12626,#3029);
#1818=LINE('',#12627,#3030);
#1819=LINE('',#12630,#3031);
#1820=LINE('',#12632,#3032);
#1821=LINE('',#12633,#3033);
#1822=LINE('',#12636,#3034);
#1823=LINE('',#12638,#3035);
#1824=LINE('',#12639,#3036);
#1825=LINE('',#12641,#3037);
#1826=LINE('',#12642,#3038);
#1827=LINE('',#12646,#3039);
#1828=LINE('',#12648,#3040);
#1829=LINE('',#12650,#3041);
#1830=LINE('',#12651,#3042);
#1831=LINE('',#12654,#3043);
#1832=LINE('',#12656,#3044);
#1833=LINE('',#12657,#3045);
#1834=LINE('',#12660,#3046);
#1835=LINE('',#12662,#3047);
#1836=LINE('',#12663,#3048);
#1837=LINE('',#12665,#3049);
#1838=LINE('',#12666,#3050);
#1839=LINE('',#12670,#3051);
#1840=LINE('',#12672,#3052);
#1841=LINE('',#12674,#3053);
#1842=LINE('',#12675,#3054);
#1843=LINE('',#12678,#3055);
#1844=LINE('',#12680,#3056);
#1845=LINE('',#12681,#3057);
#1846=LINE('',#12684,#3058);
#1847=LINE('',#12686,#3059);
#1848=LINE('',#12687,#3060);
#1849=LINE('',#12689,#3061);
#1850=LINE('',#12690,#3062);
#1851=LINE('',#12694,#3063);
#1852=LINE('',#12696,#3064);
#1853=LINE('',#12698,#3065);
#1854=LINE('',#12699,#3066);
#1855=LINE('',#12702,#3067);
#1856=LINE('',#12704,#3068);
#1857=LINE('',#12705,#3069);
#1858=LINE('',#12708,#3070);
#1859=LINE('',#12710,#3071);
#1860=LINE('',#12711,#3072);
#1861=LINE('',#12713,#3073);
#1862=LINE('',#12714,#3074);
#1863=LINE('',#12718,#3075);
#1864=LINE('',#12720,#3076);
#1865=LINE('',#12722,#3077);
#1866=LINE('',#12723,#3078);
#1867=LINE('',#12726,#3079);
#1868=LINE('',#12728,#3080);
#1869=LINE('',#12729,#3081);
#1870=LINE('',#12732,#3082);
#1871=LINE('',#12734,#3083);
#1872=LINE('',#12735,#3084);
#1873=LINE('',#12737,#3085);
#1874=LINE('',#12738,#3086);
#1875=LINE('',#12742,#3087);
#1876=LINE('',#12744,#3088);
#1877=LINE('',#12746,#3089);
#1878=LINE('',#12747,#3090);
#1879=LINE('',#12750,#3091);
#1880=LINE('',#12752,#3092);
#1881=LINE('',#12753,#3093);
#1882=LINE('',#12756,#3094);
#1883=LINE('',#12758,#3095);
#1884=LINE('',#12759,#3096);
#1885=LINE('',#12761,#3097);
#1886=LINE('',#12762,#3098);
#1887=LINE('',#12766,#3099);
#1888=LINE('',#12768,#3100);
#1889=LINE('',#12770,#3101);
#1890=LINE('',#12771,#3102);
#1891=LINE('',#12774,#3103);
#1892=LINE('',#12776,#3104);
#1893=LINE('',#12777,#3105);
#1894=LINE('',#12780,#3106);
#1895=LINE('',#12782,#3107);
#1896=LINE('',#12783,#3108);
#1897=LINE('',#12785,#3109);
#1898=LINE('',#12786,#3110);
#1899=LINE('',#12790,#3111);
#1900=LINE('',#12792,#3112);
#1901=LINE('',#12794,#3113);
#1902=LINE('',#12795,#3114);
#1903=LINE('',#12798,#3115);
#1904=LINE('',#12800,#3116);
#1905=LINE('',#12801,#3117);
#1906=LINE('',#12804,#3118);
#1907=LINE('',#12806,#3119);
#1908=LINE('',#12807,#3120);
#1909=LINE('',#12809,#3121);
#1910=LINE('',#12810,#3122);
#1911=LINE('',#12814,#3123);
#1912=LINE('',#12816,#3124);
#1913=LINE('',#12818,#3125);
#1914=LINE('',#12819,#3126);
#1915=LINE('',#12822,#3127);
#1916=LINE('',#12824,#3128);
#1917=LINE('',#12825,#3129);
#1918=LINE('',#12828,#3130);
#1919=LINE('',#12830,#3131);
#1920=LINE('',#12831,#3132);
#1921=LINE('',#12833,#3133);
#1922=LINE('',#12834,#3134);
#1923=LINE('',#12838,#3135);
#1924=LINE('',#12840,#3136);
#1925=LINE('',#12842,#3137);
#1926=LINE('',#12843,#3138);
#1927=LINE('',#12846,#3139);
#1928=LINE('',#12848,#3140);
#1929=LINE('',#12849,#3141);
#1930=LINE('',#12852,#3142);
#1931=LINE('',#12854,#3143);
#1932=LINE('',#12855,#3144);
#1933=LINE('',#12857,#3145);
#1934=LINE('',#12858,#3146);
#1935=LINE('',#12862,#3147);
#1936=LINE('',#12864,#3148);
#1937=LINE('',#12866,#3149);
#1938=LINE('',#12867,#3150);
#1939=LINE('',#12870,#3151);
#1940=LINE('',#12872,#3152);
#1941=LINE('',#12873,#3153);
#1942=LINE('',#12876,#3154);
#1943=LINE('',#12878,#3155);
#1944=LINE('',#12879,#3156);
#1945=LINE('',#12881,#3157);
#1946=LINE('',#12882,#3158);
#1947=LINE('',#12886,#3159);
#1948=LINE('',#12888,#3160);
#1949=LINE('',#12890,#3161);
#1950=LINE('',#12891,#3162);
#1951=LINE('',#12894,#3163);
#1952=LINE('',#12896,#3164);
#1953=LINE('',#12897,#3165);
#1954=LINE('',#12900,#3166);
#1955=LINE('',#12902,#3167);
#1956=LINE('',#12903,#3168);
#1957=LINE('',#12905,#3169);
#1958=LINE('',#12906,#3170);
#1959=LINE('',#12910,#3171);
#1960=LINE('',#12912,#3172);
#1961=LINE('',#12914,#3173);
#1962=LINE('',#12915,#3174);
#1963=LINE('',#12918,#3175);
#1964=LINE('',#12920,#3176);
#1965=LINE('',#12921,#3177);
#1966=LINE('',#12924,#3178);
#1967=LINE('',#12926,#3179);
#1968=LINE('',#12927,#3180);
#1969=LINE('',#12929,#3181);
#1970=LINE('',#12930,#3182);
#1971=LINE('',#12934,#3183);
#1972=LINE('',#12936,#3184);
#1973=LINE('',#12938,#3185);
#1974=LINE('',#12939,#3186);
#1975=LINE('',#12942,#3187);
#1976=LINE('',#12944,#3188);
#1977=LINE('',#12945,#3189);
#1978=LINE('',#12948,#3190);
#1979=LINE('',#12950,#3191);
#1980=LINE('',#12951,#3192);
#1981=LINE('',#12953,#3193);
#1982=LINE('',#12954,#3194);
#1983=LINE('',#12958,#3195);
#1984=LINE('',#12960,#3196);
#1985=LINE('',#12962,#3197);
#1986=LINE('',#12963,#3198);
#1987=LINE('',#12966,#3199);
#1988=LINE('',#12968,#3200);
#1989=LINE('',#12969,#3201);
#1990=LINE('',#12972,#3202);
#1991=LINE('',#12974,#3203);
#1992=LINE('',#12975,#3204);
#1993=LINE('',#12977,#3205);
#1994=LINE('',#12978,#3206);
#1995=LINE('',#12982,#3207);
#1996=LINE('',#12984,#3208);
#1997=LINE('',#12986,#3209);
#1998=LINE('',#12987,#3210);
#1999=LINE('',#12990,#3211);
#2000=LINE('',#12992,#3212);
#2001=LINE('',#12993,#3213);
#2002=LINE('',#12996,#3214);
#2003=LINE('',#12998,#3215);
#2004=LINE('',#12999,#3216);
#2005=LINE('',#13001,#3217);
#2006=LINE('',#13002,#3218);
#2007=LINE('',#13006,#3219);
#2008=LINE('',#13008,#3220);
#2009=LINE('',#13010,#3221);
#2010=LINE('',#13011,#3222);
#2011=LINE('',#13014,#3223);
#2012=LINE('',#13016,#3224);
#2013=LINE('',#13017,#3225);
#2014=LINE('',#13020,#3226);
#2015=LINE('',#13022,#3227);
#2016=LINE('',#13023,#3228);
#2017=LINE('',#13025,#3229);
#2018=LINE('',#13026,#3230);
#2019=LINE('',#13030,#3231);
#2020=LINE('',#13032,#3232);
#2021=LINE('',#13034,#3233);
#2022=LINE('',#13035,#3234);
#2023=LINE('',#13038,#3235);
#2024=LINE('',#13040,#3236);
#2025=LINE('',#13041,#3237);
#2026=LINE('',#13044,#3238);
#2027=LINE('',#13046,#3239);
#2028=LINE('',#13047,#3240);
#2029=LINE('',#13049,#3241);
#2030=LINE('',#13050,#3242);
#2031=LINE('',#13054,#3243);
#2032=LINE('',#13056,#3244);
#2033=LINE('',#13058,#3245);
#2034=LINE('',#13059,#3246);
#2035=LINE('',#13062,#3247);
#2036=LINE('',#13064,#3248);
#2037=LINE('',#13065,#3249);
#2038=LINE('',#13068,#3250);
#2039=LINE('',#13070,#3251);
#2040=LINE('',#13071,#3252);
#2041=LINE('',#13073,#3253);
#2042=LINE('',#13074,#3254);
#2043=LINE('',#13078,#3255);
#2044=LINE('',#13080,#3256);
#2045=LINE('',#13082,#3257);
#2046=LINE('',#13083,#3258);
#2047=LINE('',#13086,#3259);
#2048=LINE('',#13088,#3260);
#2049=LINE('',#13089,#3261);
#2050=LINE('',#13092,#3262);
#2051=LINE('',#13094,#3263);
#2052=LINE('',#13095,#3264);
#2053=LINE('',#13097,#3265);
#2054=LINE('',#13098,#3266);
#2055=LINE('',#13102,#3267);
#2056=LINE('',#13104,#3268);
#2057=LINE('',#13106,#3269);
#2058=LINE('',#13107,#3270);
#2059=LINE('',#13110,#3271);
#2060=LINE('',#13112,#3272);
#2061=LINE('',#13113,#3273);
#2062=LINE('',#13116,#3274);
#2063=LINE('',#13118,#3275);
#2064=LINE('',#13119,#3276);
#2065=LINE('',#13121,#3277);
#2066=LINE('',#13122,#3278);
#2067=LINE('',#13126,#3279);
#2068=LINE('',#13128,#3280);
#2069=LINE('',#13130,#3281);
#2070=LINE('',#13131,#3282);
#2071=LINE('',#13134,#3283);
#2072=LINE('',#13136,#3284);
#2073=LINE('',#13137,#3285);
#2074=LINE('',#13140,#3286);
#2075=LINE('',#13142,#3287);
#2076=LINE('',#13143,#3288);
#2077=LINE('',#13145,#3289);
#2078=LINE('',#13146,#3290);
#2079=LINE('',#13150,#3291);
#2080=LINE('',#13152,#3292);
#2081=LINE('',#13154,#3293);
#2082=LINE('',#13155,#3294);
#2083=LINE('',#13158,#3295);
#2084=LINE('',#13160,#3296);
#2085=LINE('',#13161,#3297);
#2086=LINE('',#13164,#3298);
#2087=LINE('',#13166,#3299);
#2088=LINE('',#13167,#3300);
#2089=LINE('',#13169,#3301);
#2090=LINE('',#13170,#3302);
#2091=LINE('',#13174,#3303);
#2092=LINE('',#13176,#3304);
#2093=LINE('',#13178,#3305);
#2094=LINE('',#13179,#3306);
#2095=LINE('',#13182,#3307);
#2096=LINE('',#13184,#3308);
#2097=LINE('',#13185,#3309);
#2098=LINE('',#13188,#3310);
#2099=LINE('',#13190,#3311);
#2100=LINE('',#13191,#3312);
#2101=LINE('',#13193,#3313);
#2102=LINE('',#13194,#3314);
#2103=LINE('',#13198,#3315);
#2104=LINE('',#13200,#3316);
#2105=LINE('',#13202,#3317);
#2106=LINE('',#13203,#3318);
#2107=LINE('',#13206,#3319);
#2108=LINE('',#13208,#3320);
#2109=LINE('',#13209,#3321);
#2110=LINE('',#13212,#3322);
#2111=LINE('',#13214,#3323);
#2112=LINE('',#13215,#3324);
#2113=LINE('',#13217,#3325);
#2114=LINE('',#13218,#3326);
#2115=LINE('',#13222,#3327);
#2116=LINE('',#13224,#3328);
#2117=LINE('',#13226,#3329);
#2118=LINE('',#13227,#3330);
#2119=LINE('',#13230,#3331);
#2120=LINE('',#13232,#3332);
#2121=LINE('',#13233,#3333);
#2122=LINE('',#13236,#3334);
#2123=LINE('',#13238,#3335);
#2124=LINE('',#13239,#3336);
#2125=LINE('',#13241,#3337);
#2126=LINE('',#13242,#3338);
#2127=LINE('',#13246,#3339);
#2128=LINE('',#13248,#3340);
#2129=LINE('',#13250,#3341);
#2130=LINE('',#13251,#3342);
#2131=LINE('',#13254,#3343);
#2132=LINE('',#13256,#3344);
#2133=LINE('',#13257,#3345);
#2134=LINE('',#13260,#3346);
#2135=LINE('',#13262,#3347);
#2136=LINE('',#13263,#3348);
#2137=LINE('',#13265,#3349);
#2138=LINE('',#13266,#3350);
#2139=LINE('',#13270,#3351);
#2140=LINE('',#13272,#3352);
#2141=LINE('',#13274,#3353);
#2142=LINE('',#13275,#3354);
#2143=LINE('',#13278,#3355);
#2144=LINE('',#13280,#3356);
#2145=LINE('',#13281,#3357);
#2146=LINE('',#13284,#3358);
#2147=LINE('',#13286,#3359);
#2148=LINE('',#13287,#3360);
#2149=LINE('',#13289,#3361);
#2150=LINE('',#13290,#3362);
#2151=LINE('',#13294,#3363);
#2152=LINE('',#13296,#3364);
#2153=LINE('',#13298,#3365);
#2154=LINE('',#13299,#3366);
#2155=LINE('',#13302,#3367);
#2156=LINE('',#13304,#3368);
#2157=LINE('',#13305,#3369);
#2158=LINE('',#13308,#3370);
#2159=LINE('',#13310,#3371);
#2160=LINE('',#13311,#3372);
#2161=LINE('',#13313,#3373);
#2162=LINE('',#13314,#3374);
#2163=LINE('',#13318,#3375);
#2164=LINE('',#13320,#3376);
#2165=LINE('',#13322,#3377);
#2166=LINE('',#13323,#3378);
#2167=LINE('',#13326,#3379);
#2168=LINE('',#13328,#3380);
#2169=LINE('',#13329,#3381);
#2170=LINE('',#13332,#3382);
#2171=LINE('',#13334,#3383);
#2172=LINE('',#13335,#3384);
#2173=LINE('',#13337,#3385);
#2174=LINE('',#13338,#3386);
#2175=LINE('',#13342,#3387);
#2176=LINE('',#13344,#3388);
#2177=LINE('',#13346,#3389);
#2178=LINE('',#13347,#3390);
#2179=LINE('',#13350,#3391);
#2180=LINE('',#13352,#3392);
#2181=LINE('',#13353,#3393);
#2182=LINE('',#13356,#3394);
#2183=LINE('',#13358,#3395);
#2184=LINE('',#13359,#3396);
#2185=LINE('',#13361,#3397);
#2186=LINE('',#13362,#3398);
#2187=LINE('',#13366,#3399);
#2188=LINE('',#13368,#3400);
#2189=LINE('',#13370,#3401);
#2190=LINE('',#13371,#3402);
#2191=LINE('',#13374,#3403);
#2192=LINE('',#13376,#3404);
#2193=LINE('',#13377,#3405);
#2194=LINE('',#13380,#3406);
#2195=LINE('',#13382,#3407);
#2196=LINE('',#13383,#3408);
#2197=LINE('',#13385,#3409);
#2198=LINE('',#13386,#3410);
#2199=LINE('',#13390,#3411);
#2200=LINE('',#13392,#3412);
#2201=LINE('',#13394,#3413);
#2202=LINE('',#13395,#3414);
#2203=LINE('',#13398,#3415);
#2204=LINE('',#13400,#3416);
#2205=LINE('',#13401,#3417);
#2206=LINE('',#13404,#3418);
#2207=LINE('',#13406,#3419);
#2208=LINE('',#13407,#3420);
#2209=LINE('',#13409,#3421);
#2210=LINE('',#13410,#3422);
#2211=LINE('',#13414,#3423);
#2212=LINE('',#13416,#3424);
#2213=LINE('',#13418,#3425);
#2214=LINE('',#13419,#3426);
#2215=LINE('',#13422,#3427);
#2216=LINE('',#13424,#3428);
#2217=LINE('',#13425,#3429);
#2218=LINE('',#13428,#3430);
#2219=LINE('',#13430,#3431);
#2220=LINE('',#13431,#3432);
#2221=LINE('',#13433,#3433);
#2222=LINE('',#13434,#3434);
#2223=LINE('',#13438,#3435);
#2224=LINE('',#13440,#3436);
#2225=LINE('',#13442,#3437);
#2226=LINE('',#13443,#3438);
#2227=LINE('',#13446,#3439);
#2228=LINE('',#13448,#3440);
#2229=LINE('',#13449,#3441);
#2230=LINE('',#13452,#3442);
#2231=LINE('',#13454,#3443);
#2232=LINE('',#13455,#3444);
#2233=LINE('',#13457,#3445);
#2234=LINE('',#13458,#3446);
#2235=LINE('',#13462,#3447);
#2236=LINE('',#13464,#3448);
#2237=LINE('',#13466,#3449);
#2238=LINE('',#13467,#3450);
#2239=LINE('',#13470,#3451);
#2240=LINE('',#13472,#3452);
#2241=LINE('',#13473,#3453);
#2242=LINE('',#13476,#3454);
#2243=LINE('',#13478,#3455);
#2244=LINE('',#13479,#3456);
#2245=LINE('',#13481,#3457);
#2246=LINE('',#13482,#3458);
#2247=LINE('',#13486,#3459);
#2248=LINE('',#13488,#3460);
#2249=LINE('',#13490,#3461);
#2250=LINE('',#13491,#3462);
#2251=LINE('',#13494,#3463);
#2252=LINE('',#13496,#3464);
#2253=LINE('',#13497,#3465);
#2254=LINE('',#13500,#3466);
#2255=LINE('',#13502,#3467);
#2256=LINE('',#13503,#3468);
#2257=LINE('',#13505,#3469);
#2258=LINE('',#13506,#3470);
#2259=LINE('',#13510,#3471);
#2260=LINE('',#13512,#3472);
#2261=LINE('',#13514,#3473);
#2262=LINE('',#13515,#3474);
#2263=LINE('',#13518,#3475);
#2264=LINE('',#13520,#3476);
#2265=LINE('',#13521,#3477);
#2266=LINE('',#13524,#3478);
#2267=LINE('',#13526,#3479);
#2268=LINE('',#13527,#3480);
#2269=LINE('',#13529,#3481);
#2270=LINE('',#13530,#3482);
#2271=LINE('',#13534,#3483);
#2272=LINE('',#13536,#3484);
#2273=LINE('',#13538,#3485);
#2274=LINE('',#13539,#3486);
#2275=LINE('',#13542,#3487);
#2276=LINE('',#13544,#3488);
#2277=LINE('',#13545,#3489);
#2278=LINE('',#13548,#3490);
#2279=LINE('',#13550,#3491);
#2280=LINE('',#13551,#3492);
#2281=LINE('',#13553,#3493);
#2282=LINE('',#13554,#3494);
#2283=LINE('',#13558,#3495);
#2284=LINE('',#13560,#3496);
#2285=LINE('',#13562,#3497);
#2286=LINE('',#13563,#3498);
#2287=LINE('',#13566,#3499);
#2288=LINE('',#13568,#3500);
#2289=LINE('',#13569,#3501);
#2290=LINE('',#13572,#3502);
#2291=LINE('',#13574,#3503);
#2292=LINE('',#13575,#3504);
#2293=LINE('',#13577,#3505);
#2294=LINE('',#13578,#3506);
#2295=LINE('',#13582,#3507);
#2296=LINE('',#13584,#3508);
#2297=LINE('',#13586,#3509);
#2298=LINE('',#13587,#3510);
#2299=LINE('',#13590,#3511);
#2300=LINE('',#13592,#3512);
#2301=LINE('',#13593,#3513);
#2302=LINE('',#13596,#3514);
#2303=LINE('',#13598,#3515);
#2304=LINE('',#13599,#3516);
#2305=LINE('',#13601,#3517);
#2306=LINE('',#13602,#3518);
#2307=LINE('',#13606,#3519);
#2308=LINE('',#13608,#3520);
#2309=LINE('',#13610,#3521);
#2310=LINE('',#13611,#3522);
#2311=LINE('',#13614,#3523);
#2312=LINE('',#13616,#3524);
#2313=LINE('',#13617,#3525);
#2314=LINE('',#13620,#3526);
#2315=LINE('',#13622,#3527);
#2316=LINE('',#13623,#3528);
#2317=LINE('',#13625,#3529);
#2318=LINE('',#13626,#3530);
#2319=LINE('',#13630,#3531);
#2320=LINE('',#13632,#3532);
#2321=LINE('',#13634,#3533);
#2322=LINE('',#13635,#3534);
#2323=LINE('',#13638,#3535);
#2324=LINE('',#13640,#3536);
#2325=LINE('',#13641,#3537);
#2326=LINE('',#13644,#3538);
#2327=LINE('',#13646,#3539);
#2328=LINE('',#13647,#3540);
#2329=LINE('',#13649,#3541);
#2330=LINE('',#13650,#3542);
#2331=LINE('',#13654,#3543);
#2332=LINE('',#13656,#3544);
#2333=LINE('',#13658,#3545);
#2334=LINE('',#13659,#3546);
#2335=LINE('',#13662,#3547);
#2336=LINE('',#13664,#3548);
#2337=LINE('',#13665,#3549);
#2338=LINE('',#13668,#3550);
#2339=LINE('',#13670,#3551);
#2340=LINE('',#13671,#3552);
#2341=LINE('',#13673,#3553);
#2342=LINE('',#13674,#3554);
#2343=LINE('',#13678,#3555);
#2344=LINE('',#13680,#3556);
#2345=LINE('',#13682,#3557);
#2346=LINE('',#13683,#3558);
#2347=LINE('',#13686,#3559);
#2348=LINE('',#13688,#3560);
#2349=LINE('',#13689,#3561);
#2350=LINE('',#13692,#3562);
#2351=LINE('',#13694,#3563);
#2352=LINE('',#13695,#3564);
#2353=LINE('',#13697,#3565);
#2354=LINE('',#13698,#3566);
#2355=LINE('',#13702,#3567);
#2356=LINE('',#13704,#3568);
#2357=LINE('',#13706,#3569);
#2358=LINE('',#13707,#3570);
#2359=LINE('',#13710,#3571);
#2360=LINE('',#13712,#3572);
#2361=LINE('',#13713,#3573);
#2362=LINE('',#13716,#3574);
#2363=LINE('',#13718,#3575);
#2364=LINE('',#13719,#3576);
#2365=LINE('',#13721,#3577);
#2366=LINE('',#13722,#3578);
#2367=LINE('',#13726,#3579);
#2368=LINE('',#13728,#3580);
#2369=LINE('',#13730,#3581);
#2370=LINE('',#13731,#3582);
#2371=LINE('',#13734,#3583);
#2372=LINE('',#13736,#3584);
#2373=LINE('',#13737,#3585);
#2374=LINE('',#13740,#3586);
#2375=LINE('',#13742,#3587);
#2376=LINE('',#13743,#3588);
#2377=LINE('',#13745,#3589);
#2378=LINE('',#13746,#3590);
#2379=LINE('',#13750,#3591);
#2380=LINE('',#13752,#3592);
#2381=LINE('',#13754,#3593);
#2382=LINE('',#13755,#3594);
#2383=LINE('',#13758,#3595);
#2384=LINE('',#13760,#3596);
#2385=LINE('',#13761,#3597);
#2386=LINE('',#13764,#3598);
#2387=LINE('',#13766,#3599);
#2388=LINE('',#13767,#3600);
#2389=LINE('',#13769,#3601);
#2390=LINE('',#13770,#3602);
#2391=LINE('',#13774,#3603);
#2392=LINE('',#13776,#3604);
#2393=LINE('',#13778,#3605);
#2394=LINE('',#13779,#3606);
#2395=LINE('',#13782,#3607);
#2396=LINE('',#13784,#3608);
#2397=LINE('',#13785,#3609);
#2398=LINE('',#13788,#3610);
#2399=LINE('',#13790,#3611);
#2400=LINE('',#13791,#3612);
#2401=LINE('',#13793,#3613);
#2402=LINE('',#13794,#3614);
#2403=LINE('',#13798,#3615);
#2404=LINE('',#13800,#3616);
#2405=LINE('',#13802,#3617);
#2406=LINE('',#13803,#3618);
#2407=LINE('',#13806,#3619);
#2408=LINE('',#13808,#3620);
#2409=LINE('',#13809,#3621);
#2410=LINE('',#13812,#3622);
#2411=LINE('',#13814,#3623);
#2412=LINE('',#13815,#3624);
#2413=LINE('',#13817,#3625);
#2414=LINE('',#13818,#3626);
#2415=LINE('',#13822,#3627);
#2416=LINE('',#13824,#3628);
#2417=LINE('',#13826,#3629);
#2418=LINE('',#13827,#3630);
#2419=LINE('',#13830,#3631);
#2420=LINE('',#13832,#3632);
#2421=LINE('',#13833,#3633);
#2422=LINE('',#13836,#3634);
#2423=LINE('',#13838,#3635);
#2424=LINE('',#13839,#3636);
#2425=LINE('',#13841,#3637);
#2426=LINE('',#13842,#3638);
#2427=LINE('',#13846,#3639);
#2428=LINE('',#13848,#3640);
#2429=LINE('',#13850,#3641);
#2430=LINE('',#13851,#3642);
#2431=LINE('',#13854,#3643);
#2432=LINE('',#13856,#3644);
#2433=LINE('',#13857,#3645);
#2434=LINE('',#13860,#3646);
#2435=LINE('',#13862,#3647);
#2436=LINE('',#13863,#3648);
#2437=LINE('',#13865,#3649);
#2438=LINE('',#13866,#3650);
#2439=VECTOR('',#9400,10.);
#2440=VECTOR('',#9401,10.);
#2441=VECTOR('',#9402,10.);
#2442=VECTOR('',#9403,10.);
#2443=VECTOR('',#9406,10.);
#2444=VECTOR('',#9407,10.);
#2445=VECTOR('',#9408,10.);
#2446=VECTOR('',#9411,10.);
#2447=VECTOR('',#9412,10.);
#2448=VECTOR('',#9413,10.);
#2449=VECTOR('',#9416,10.);
#2450=VECTOR('',#9417,10.);
#2451=VECTOR('',#9420,10.);
#2452=VECTOR('',#9421,10.);
#2453=VECTOR('',#9422,10.);
#2454=VECTOR('',#9423,10.);
#2455=VECTOR('',#9426,10.);
#2456=VECTOR('',#9427,10.);
#2457=VECTOR('',#9428,10.);
#2458=VECTOR('',#9431,10.);
#2459=VECTOR('',#9432,10.);
#2460=VECTOR('',#9433,10.);
#2461=VECTOR('',#9436,10.);
#2462=VECTOR('',#9437,10.);
#2463=VECTOR('',#9440,10.);
#2464=VECTOR('',#9441,10.);
#2465=VECTOR('',#9442,10.);
#2466=VECTOR('',#9443,10.);
#2467=VECTOR('',#9446,10.);
#2468=VECTOR('',#9447,10.);
#2469=VECTOR('',#9448,10.);
#2470=VECTOR('',#9451,10.);
#2471=VECTOR('',#9452,10.);
#2472=VECTOR('',#9453,10.);
#2473=VECTOR('',#9456,10.);
#2474=VECTOR('',#9457,10.);
#2475=VECTOR('',#9460,10.);
#2476=VECTOR('',#9461,10.);
#2477=VECTOR('',#9462,10.);
#2478=VECTOR('',#9463,10.);
#2479=VECTOR('',#9466,10.);
#2480=VECTOR('',#9467,10.);
#2481=VECTOR('',#9468,10.);
#2482=VECTOR('',#9471,10.);
#2483=VECTOR('',#9472,10.);
#2484=VECTOR('',#9473,10.);
#2485=VECTOR('',#9476,10.);
#2486=VECTOR('',#9477,10.);
#2487=VECTOR('',#9480,10.);
#2488=VECTOR('',#9481,10.);
#2489=VECTOR('',#9482,10.);
#2490=VECTOR('',#9483,10.);
#2491=VECTOR('',#9486,10.);
#2492=VECTOR('',#9487,10.);
#2493=VECTOR('',#9488,10.);
#2494=VECTOR('',#9491,10.);
#2495=VECTOR('',#9492,10.);
#2496=VECTOR('',#9493,10.);
#2497=VECTOR('',#9496,10.);
#2498=VECTOR('',#9497,10.);
#2499=VECTOR('',#9500,10.);
#2500=VECTOR('',#9501,10.);
#2501=VECTOR('',#9502,10.);
#2502=VECTOR('',#9503,10.);
#2503=VECTOR('',#9506,10.);
#2504=VECTOR('',#9507,10.);
#2505=VECTOR('',#9508,10.);
#2506=VECTOR('',#9511,10.);
#2507=VECTOR('',#9512,10.);
#2508=VECTOR('',#9513,10.);
#2509=VECTOR('',#9516,10.);
#2510=VECTOR('',#9517,10.);
#2511=VECTOR('',#9520,10.);
#2512=VECTOR('',#9521,10.);
#2513=VECTOR('',#9522,10.);
#2514=VECTOR('',#9523,10.);
#2515=VECTOR('',#9526,10.);
#2516=VECTOR('',#9527,10.);
#2517=VECTOR('',#9528,10.);
#2518=VECTOR('',#9531,10.);
#2519=VECTOR('',#9532,10.);
#2520=VECTOR('',#9533,10.);
#2521=VECTOR('',#9536,10.);
#2522=VECTOR('',#9537,10.);
#2523=VECTOR('',#9540,10.);
#2524=VECTOR('',#9541,10.);
#2525=VECTOR('',#9542,10.);
#2526=VECTOR('',#9543,10.);
#2527=VECTOR('',#9546,10.);
#2528=VECTOR('',#9547,10.);
#2529=VECTOR('',#9548,10.);
#2530=VECTOR('',#9551,10.);
#2531=VECTOR('',#9552,10.);
#2532=VECTOR('',#9553,10.);
#2533=VECTOR('',#9556,10.);
#2534=VECTOR('',#9557,10.);
#2535=VECTOR('',#9560,10.);
#2536=VECTOR('',#9561,10.);
#2537=VECTOR('',#9562,10.);
#2538=VECTOR('',#9563,10.);
#2539=VECTOR('',#9566,10.);
#2540=VECTOR('',#9567,10.);
#2541=VECTOR('',#9568,10.);
#2542=VECTOR('',#9571,10.);
#2543=VECTOR('',#9572,10.);
#2544=VECTOR('',#9573,10.);
#2545=VECTOR('',#9576,10.);
#2546=VECTOR('',#9577,10.);
#2547=VECTOR('',#9580,10.);
#2548=VECTOR('',#9581,10.);
#2549=VECTOR('',#9582,10.);
#2550=VECTOR('',#9583,10.);
#2551=VECTOR('',#9586,10.);
#2552=VECTOR('',#9587,10.);
#2553=VECTOR('',#9588,10.);
#2554=VECTOR('',#9591,10.);
#2555=VECTOR('',#9592,10.);
#2556=VECTOR('',#9593,10.);
#2557=VECTOR('',#9596,10.);
#2558=VECTOR('',#9597,10.);
#2559=VECTOR('',#9600,10.);
#2560=VECTOR('',#9601,10.);
#2561=VECTOR('',#9602,10.);
#2562=VECTOR('',#9603,10.);
#2563=VECTOR('',#9606,10.);
#2564=VECTOR('',#9607,10.);
#2565=VECTOR('',#9608,10.);
#2566=VECTOR('',#9611,10.);
#2567=VECTOR('',#9612,10.);
#2568=VECTOR('',#9613,10.);
#2569=VECTOR('',#9616,10.);
#2570=VECTOR('',#9617,10.);
#2571=VECTOR('',#9620,10.);
#2572=VECTOR('',#9621,10.);
#2573=VECTOR('',#9622,10.);
#2574=VECTOR('',#9623,10.);
#2575=VECTOR('',#9626,10.);
#2576=VECTOR('',#9627,10.);
#2577=VECTOR('',#9628,10.);
#2578=VECTOR('',#9631,10.);
#2579=VECTOR('',#9632,10.);
#2580=VECTOR('',#9633,10.);
#2581=VECTOR('',#9636,10.);
#2582=VECTOR('',#9637,10.);
#2583=VECTOR('',#9640,10.);
#2584=VECTOR('',#9641,10.);
#2585=VECTOR('',#9642,10.);
#2586=VECTOR('',#9643,10.);
#2587=VECTOR('',#9646,10.);
#2588=VECTOR('',#9647,10.);
#2589=VECTOR('',#9648,10.);
#2590=VECTOR('',#9651,10.);
#2591=VECTOR('',#9652,10.);
#2592=VECTOR('',#9653,10.);
#2593=VECTOR('',#9656,10.);
#2594=VECTOR('',#9657,10.);
#2595=VECTOR('',#9660,10.);
#2596=VECTOR('',#9661,10.);
#2597=VECTOR('',#9662,10.);
#2598=VECTOR('',#9663,10.);
#2599=VECTOR('',#9666,10.);
#2600=VECTOR('',#9667,10.);
#2601=VECTOR('',#9668,10.);
#2602=VECTOR('',#9671,10.);
#2603=VECTOR('',#9672,10.);
#2604=VECTOR('',#9673,10.);
#2605=VECTOR('',#9676,10.);
#2606=VECTOR('',#9677,10.);
#2607=VECTOR('',#9680,10.);
#2608=VECTOR('',#9681,10.);
#2609=VECTOR('',#9682,10.);
#2610=VECTOR('',#9683,10.);
#2611=VECTOR('',#9686,10.);
#2612=VECTOR('',#9687,10.);
#2613=VECTOR('',#9688,10.);
#2614=VECTOR('',#9691,10.);
#2615=VECTOR('',#9692,10.);
#2616=VECTOR('',#9693,10.);
#2617=VECTOR('',#9696,10.);
#2618=VECTOR('',#9697,10.);
#2619=VECTOR('',#9700,10.);
#2620=VECTOR('',#9701,10.);
#2621=VECTOR('',#9702,10.);
#2622=VECTOR('',#9703,10.);
#2623=VECTOR('',#9706,10.);
#2624=VECTOR('',#9707,10.);
#2625=VECTOR('',#9708,10.);
#2626=VECTOR('',#9711,10.);
#2627=VECTOR('',#9712,10.);
#2628=VECTOR('',#9713,10.);
#2629=VECTOR('',#9716,10.);
#2630=VECTOR('',#9717,10.);
#2631=VECTOR('',#9720,10.);
#2632=VECTOR('',#9721,10.);
#2633=VECTOR('',#9722,10.);
#2634=VECTOR('',#9723,10.);
#2635=VECTOR('',#9726,10.);
#2636=VECTOR('',#9727,10.);
#2637=VECTOR('',#9728,10.);
#2638=VECTOR('',#9731,10.);
#2639=VECTOR('',#9732,10.);
#2640=VECTOR('',#9733,10.);
#2641=VECTOR('',#9736,10.);
#2642=VECTOR('',#9737,10.);
#2643=VECTOR('',#9740,10.);
#2644=VECTOR('',#9741,10.);
#2645=VECTOR('',#9742,10.);
#2646=VECTOR('',#9743,10.);
#2647=VECTOR('',#9746,10.);
#2648=VECTOR('',#9747,10.);
#2649=VECTOR('',#9748,10.);
#2650=VECTOR('',#9751,10.);
#2651=VECTOR('',#9752,10.);
#2652=VECTOR('',#9753,10.);
#2653=VECTOR('',#9756,10.);
#2654=VECTOR('',#9757,10.);
#2655=VECTOR('',#9760,10.);
#2656=VECTOR('',#9761,10.);
#2657=VECTOR('',#9762,10.);
#2658=VECTOR('',#9763,10.);
#2659=VECTOR('',#9766,10.);
#2660=VECTOR('',#9767,10.);
#2661=VECTOR('',#9768,10.);
#2662=VECTOR('',#9771,10.);
#2663=VECTOR('',#9772,10.);
#2664=VECTOR('',#9773,10.);
#2665=VECTOR('',#9776,10.);
#2666=VECTOR('',#9777,10.);
#2667=VECTOR('',#9780,10.);
#2668=VECTOR('',#9781,10.);
#2669=VECTOR('',#9782,10.);
#2670=VECTOR('',#9783,10.);
#2671=VECTOR('',#9786,10.);
#2672=VECTOR('',#9787,10.);
#2673=VECTOR('',#9788,10.);
#2674=VECTOR('',#9791,10.);
#2675=VECTOR('',#9792,10.);
#2676=VECTOR('',#9793,10.);
#2677=VECTOR('',#9796,10.);
#2678=VECTOR('',#9797,10.);
#2679=VECTOR('',#9800,10.);
#2680=VECTOR('',#9801,10.);
#2681=VECTOR('',#9802,10.);
#2682=VECTOR('',#9803,10.);
#2683=VECTOR('',#9806,10.);
#2684=VECTOR('',#9807,10.);
#2685=VECTOR('',#9808,10.);
#2686=VECTOR('',#9811,10.);
#2687=VECTOR('',#9812,10.);
#2688=VECTOR('',#9813,10.);
#2689=VECTOR('',#9816,10.);
#2690=VECTOR('',#9817,10.);
#2691=VECTOR('',#9820,10.);
#2692=VECTOR('',#9821,10.);
#2693=VECTOR('',#9822,10.);
#2694=VECTOR('',#9823,10.);
#2695=VECTOR('',#9826,10.);
#2696=VECTOR('',#9827,10.);
#2697=VECTOR('',#9828,10.);
#2698=VECTOR('',#9831,10.);
#2699=VECTOR('',#9832,10.);
#2700=VECTOR('',#9833,10.);
#2701=VECTOR('',#9836,10.);
#2702=VECTOR('',#9837,10.);
#2703=VECTOR('',#9840,10.);
#2704=VECTOR('',#9841,10.);
#2705=VECTOR('',#9842,10.);
#2706=VECTOR('',#9843,10.);
#2707=VECTOR('',#9846,10.);
#2708=VECTOR('',#9847,10.);
#2709=VECTOR('',#9848,10.);
#2710=VECTOR('',#9851,10.);
#2711=VECTOR('',#9852,10.);
#2712=VECTOR('',#9853,10.);
#2713=VECTOR('',#9856,10.);
#2714=VECTOR('',#9857,10.);
#2715=VECTOR('',#9860,10.);
#2716=VECTOR('',#9861,10.);
#2717=VECTOR('',#9862,10.);
#2718=VECTOR('',#9863,10.);
#2719=VECTOR('',#9866,10.);
#2720=VECTOR('',#9867,10.);
#2721=VECTOR('',#9868,10.);
#2722=VECTOR('',#9871,10.);
#2723=VECTOR('',#9872,10.);
#2724=VECTOR('',#9873,10.);
#2725=VECTOR('',#9876,10.);
#2726=VECTOR('',#9877,10.);
#2727=VECTOR('',#9880,10.);
#2728=VECTOR('',#9881,10.);
#2729=VECTOR('',#9882,10.);
#2730=VECTOR('',#9883,10.);
#2731=VECTOR('',#9886,10.);
#2732=VECTOR('',#9887,10.);
#2733=VECTOR('',#9888,10.);
#2734=VECTOR('',#9891,10.);
#2735=VECTOR('',#9892,10.);
#2736=VECTOR('',#9893,10.);
#2737=VECTOR('',#9896,10.);
#2738=VECTOR('',#9897,10.);
#2739=VECTOR('',#9900,10.);
#2740=VECTOR('',#9901,10.);
#2741=VECTOR('',#9902,10.);
#2742=VECTOR('',#9903,10.);
#2743=VECTOR('',#9906,10.);
#2744=VECTOR('',#9907,10.);
#2745=VECTOR('',#9908,10.);
#2746=VECTOR('',#9911,10.);
#2747=VECTOR('',#9912,10.);
#2748=VECTOR('',#9913,10.);
#2749=VECTOR('',#9916,10.);
#2750=VECTOR('',#9917,10.);
#2751=VECTOR('',#9920,10.);
#2752=VECTOR('',#9921,10.);
#2753=VECTOR('',#9922,10.);
#2754=VECTOR('',#9923,10.);
#2755=VECTOR('',#9926,10.);
#2756=VECTOR('',#9927,10.);
#2757=VECTOR('',#9928,10.);
#2758=VECTOR('',#9931,10.);
#2759=VECTOR('',#9932,10.);
#2760=VECTOR('',#9933,10.);
#2761=VECTOR('',#9936,10.);
#2762=VECTOR('',#9937,10.);
#2763=VECTOR('',#9940,10.);
#2764=VECTOR('',#9941,10.);
#2765=VECTOR('',#9942,10.);
#2766=VECTOR('',#9943,10.);
#2767=VECTOR('',#9946,10.);
#2768=VECTOR('',#9947,10.);
#2769=VECTOR('',#9948,10.);
#2770=VECTOR('',#9951,10.);
#2771=VECTOR('',#9952,10.);
#2772=VECTOR('',#9953,10.);
#2773=VECTOR('',#9956,10.);
#2774=VECTOR('',#9957,10.);
#2775=VECTOR('',#9960,10.);
#2776=VECTOR('',#9961,10.);
#2777=VECTOR('',#9962,10.);
#2778=VECTOR('',#9963,10.);
#2779=VECTOR('',#9966,10.);
#2780=VECTOR('',#9967,10.);
#2781=VECTOR('',#9968,10.);
#2782=VECTOR('',#9971,10.);
#2783=VECTOR('',#9972,10.);
#2784=VECTOR('',#9973,10.);
#2785=VECTOR('',#9976,10.);
#2786=VECTOR('',#9977,10.);
#2787=VECTOR('',#9980,10.);
#2788=VECTOR('',#9981,10.);
#2789=VECTOR('',#9982,10.);
#2790=VECTOR('',#9983,10.);
#2791=VECTOR('',#9986,10.);
#2792=VECTOR('',#9987,10.);
#2793=VECTOR('',#9988,10.);
#2794=VECTOR('',#9991,10.);
#2795=VECTOR('',#9992,10.);
#2796=VECTOR('',#9993,10.);
#2797=VECTOR('',#9996,10.);
#2798=VECTOR('',#9997,10.);
#2799=VECTOR('',#10000,10.);
#2800=VECTOR('',#10001,10.);
#2801=VECTOR('',#10002,10.);
#2802=VECTOR('',#10003,10.);
#2803=VECTOR('',#10006,10.);
#2804=VECTOR('',#10007,10.);
#2805=VECTOR('',#10008,10.);
#2806=VECTOR('',#10011,10.);
#2807=VECTOR('',#10012,10.);
#2808=VECTOR('',#10013,10.);
#2809=VECTOR('',#10016,10.);
#2810=VECTOR('',#10017,10.);
#2811=VECTOR('',#10020,10.);
#2812=VECTOR('',#10021,10.);
#2813=VECTOR('',#10022,10.);
#2814=VECTOR('',#10023,10.);
#2815=VECTOR('',#10026,10.);
#2816=VECTOR('',#10027,10.);
#2817=VECTOR('',#10028,10.);
#2818=VECTOR('',#10031,10.);
#2819=VECTOR('',#10032,10.);
#2820=VECTOR('',#10033,10.);
#2821=VECTOR('',#10036,10.);
#2822=VECTOR('',#10037,10.);
#2823=VECTOR('',#10040,10.);
#2824=VECTOR('',#10041,10.);
#2825=VECTOR('',#10042,10.);
#2826=VECTOR('',#10043,10.);
#2827=VECTOR('',#10046,10.);
#2828=VECTOR('',#10047,10.);
#2829=VECTOR('',#10048,10.);
#2830=VECTOR('',#10051,10.);
#2831=VECTOR('',#10052,10.);
#2832=VECTOR('',#10053,10.);
#2833=VECTOR('',#10056,10.);
#2834=VECTOR('',#10057,10.);
#2835=VECTOR('',#10060,10.);
#2836=VECTOR('',#10061,10.);
#2837=VECTOR('',#10062,10.);
#2838=VECTOR('',#10063,10.);
#2839=VECTOR('',#10066,10.);
#2840=VECTOR('',#10067,10.);
#2841=VECTOR('',#10068,10.);
#2842=VECTOR('',#10071,10.);
#2843=VECTOR('',#10072,10.);
#2844=VECTOR('',#10073,10.);
#2845=VECTOR('',#10076,10.);
#2846=VECTOR('',#10077,10.);
#2847=VECTOR('',#10080,10.);
#2848=VECTOR('',#10081,10.);
#2849=VECTOR('',#10082,10.);
#2850=VECTOR('',#10083,10.);
#2851=VECTOR('',#10086,10.);
#2852=VECTOR('',#10087,10.);
#2853=VECTOR('',#10088,10.);
#2854=VECTOR('',#10091,10.);
#2855=VECTOR('',#10092,10.);
#2856=VECTOR('',#10093,10.);
#2857=VECTOR('',#10096,10.);
#2858=VECTOR('',#10097,10.);
#2859=VECTOR('',#10100,10.);
#2860=VECTOR('',#10101,10.);
#2861=VECTOR('',#10102,10.);
#2862=VECTOR('',#10103,10.);
#2863=VECTOR('',#10106,10.);
#2864=VECTOR('',#10107,10.);
#2865=VECTOR('',#10108,10.);
#2866=VECTOR('',#10111,10.);
#2867=VECTOR('',#10112,10.);
#2868=VECTOR('',#10113,10.);
#2869=VECTOR('',#10116,10.);
#2870=VECTOR('',#10117,10.);
#2871=VECTOR('',#10120,10.);
#2872=VECTOR('',#10121,10.);
#2873=VECTOR('',#10122,10.);
#2874=VECTOR('',#10123,10.);
#2875=VECTOR('',#10126,10.);
#2876=VECTOR('',#10127,10.);
#2877=VECTOR('',#10128,10.);
#2878=VECTOR('',#10131,10.);
#2879=VECTOR('',#10132,10.);
#2880=VECTOR('',#10133,10.);
#2881=VECTOR('',#10136,10.);
#2882=VECTOR('',#10137,10.);
#2883=VECTOR('',#10140,10.);
#2884=VECTOR('',#10141,10.);
#2885=VECTOR('',#10142,10.);
#2886=VECTOR('',#10143,10.);
#2887=VECTOR('',#10146,10.);
#2888=VECTOR('',#10147,10.);
#2889=VECTOR('',#10148,10.);
#2890=VECTOR('',#10151,10.);
#2891=VECTOR('',#10152,10.);
#2892=VECTOR('',#10153,10.);
#2893=VECTOR('',#10156,10.);
#2894=VECTOR('',#10157,10.);
#2895=VECTOR('',#10160,10.);
#2896=VECTOR('',#10161,10.);
#2897=VECTOR('',#10162,10.);
#2898=VECTOR('',#10163,10.);
#2899=VECTOR('',#10166,10.);
#2900=VECTOR('',#10167,10.);
#2901=VECTOR('',#10168,10.);
#2902=VECTOR('',#10171,10.);
#2903=VECTOR('',#10172,10.);
#2904=VECTOR('',#10173,10.);
#2905=VECTOR('',#10176,10.);
#2906=VECTOR('',#10177,10.);
#2907=VECTOR('',#10180,10.);
#2908=VECTOR('',#10181,10.);
#2909=VECTOR('',#10182,10.);
#2910=VECTOR('',#10183,10.);
#2911=VECTOR('',#10186,10.);
#2912=VECTOR('',#10187,10.);
#2913=VECTOR('',#10188,10.);
#2914=VECTOR('',#10191,10.);
#2915=VECTOR('',#10192,10.);
#2916=VECTOR('',#10193,10.);
#2917=VECTOR('',#10196,10.);
#2918=VECTOR('',#10197,10.);
#2919=VECTOR('',#10200,10.);
#2920=VECTOR('',#10201,10.);
#2921=VECTOR('',#10202,10.);
#2922=VECTOR('',#10203,10.);
#2923=VECTOR('',#10206,10.);
#2924=VECTOR('',#10207,10.);
#2925=VECTOR('',#10208,10.);
#2926=VECTOR('',#10211,10.);
#2927=VECTOR('',#10212,10.);
#2928=VECTOR('',#10213,10.);
#2929=VECTOR('',#10216,10.);
#2930=VECTOR('',#10217,10.);
#2931=VECTOR('',#10220,10.);
#2932=VECTOR('',#10221,10.);
#2933=VECTOR('',#10222,10.);
#2934=VECTOR('',#10223,10.);
#2935=VECTOR('',#10226,10.);
#2936=VECTOR('',#10227,10.);
#2937=VECTOR('',#10228,10.);
#2938=VECTOR('',#10231,10.);
#2939=VECTOR('',#10232,10.);
#2940=VECTOR('',#10233,10.);
#2941=VECTOR('',#10236,10.);
#2942=VECTOR('',#10237,10.);
#2943=VECTOR('',#10240,10.);
#2944=VECTOR('',#10241,10.);
#2945=VECTOR('',#10242,10.);
#2946=VECTOR('',#10243,10.);
#2947=VECTOR('',#10246,10.);
#2948=VECTOR('',#10247,10.);
#2949=VECTOR('',#10248,10.);
#2950=VECTOR('',#10251,10.);
#2951=VECTOR('',#10252,10.);
#2952=VECTOR('',#10253,10.);
#2953=VECTOR('',#10256,10.);
#2954=VECTOR('',#10257,10.);
#2955=VECTOR('',#10260,10.);
#2956=VECTOR('',#10261,10.);
#2957=VECTOR('',#10262,10.);
#2958=VECTOR('',#10263,10.);
#2959=VECTOR('',#10266,10.);
#2960=VECTOR('',#10267,10.);
#2961=VECTOR('',#10268,10.);
#2962=VECTOR('',#10271,10.);
#2963=VECTOR('',#10272,10.);
#2964=VECTOR('',#10273,10.);
#2965=VECTOR('',#10276,10.);
#2966=VECTOR('',#10277,10.);
#2967=VECTOR('',#10280,10.);
#2968=VECTOR('',#10281,10.);
#2969=VECTOR('',#10282,10.);
#2970=VECTOR('',#10283,10.);
#2971=VECTOR('',#10286,10.);
#2972=VECTOR('',#10287,10.);
#2973=VECTOR('',#10288,10.);
#2974=VECTOR('',#10291,10.);
#2975=VECTOR('',#10292,10.);
#2976=VECTOR('',#10293,10.);
#2977=VECTOR('',#10296,10.);
#2978=VECTOR('',#10297,10.);
#2979=VECTOR('',#10300,10.);
#2980=VECTOR('',#10301,10.);
#2981=VECTOR('',#10302,10.);
#2982=VECTOR('',#10303,10.);
#2983=VECTOR('',#10306,10.);
#2984=VECTOR('',#10307,10.);
#2985=VECTOR('',#10308,10.);
#2986=VECTOR('',#10311,10.);
#2987=VECTOR('',#10312,10.);
#2988=VECTOR('',#10313,10.);
#2989=VECTOR('',#10316,10.);
#2990=VECTOR('',#10317,10.);
#2991=VECTOR('',#10320,10.);
#2992=VECTOR('',#10321,10.);
#2993=VECTOR('',#10322,10.);
#2994=VECTOR('',#10323,10.);
#2995=VECTOR('',#10326,10.);
#2996=VECTOR('',#10327,10.);
#2997=VECTOR('',#10328,10.);
#2998=VECTOR('',#10331,10.);
#2999=VECTOR('',#10332,10.);
#3000=VECTOR('',#10333,10.);
#3001=VECTOR('',#10336,10.);
#3002=VECTOR('',#10337,10.);
#3003=VECTOR('',#10340,10.);
#3004=VECTOR('',#10341,10.);
#3005=VECTOR('',#10342,10.);
#3006=VECTOR('',#10343,10.);
#3007=VECTOR('',#10346,10.);
#3008=VECTOR('',#10347,10.);
#3009=VECTOR('',#10348,10.);
#3010=VECTOR('',#10351,10.);
#3011=VECTOR('',#10352,10.);
#3012=VECTOR('',#10353,10.);
#3013=VECTOR('',#10356,10.);
#3014=VECTOR('',#10357,10.);
#3015=VECTOR('',#10360,10.);
#3016=VECTOR('',#10361,10.);
#3017=VECTOR('',#10362,10.);
#3018=VECTOR('',#10363,10.);
#3019=VECTOR('',#10366,10.);
#3020=VECTOR('',#10367,10.);
#3021=VECTOR('',#10368,10.);
#3022=VECTOR('',#10371,10.);
#3023=VECTOR('',#10372,10.);
#3024=VECTOR('',#10373,10.);
#3025=VECTOR('',#10376,10.);
#3026=VECTOR('',#10377,10.);
#3027=VECTOR('',#10380,10.);
#3028=VECTOR('',#10381,10.);
#3029=VECTOR('',#10382,10.);
#3030=VECTOR('',#10383,10.);
#3031=VECTOR('',#10386,10.);
#3032=VECTOR('',#10387,10.);
#3033=VECTOR('',#10388,10.);
#3034=VECTOR('',#10391,10.);
#3035=VECTOR('',#10392,10.);
#3036=VECTOR('',#10393,10.);
#3037=VECTOR('',#10396,10.);
#3038=VECTOR('',#10397,10.);
#3039=VECTOR('',#10400,10.);
#3040=VECTOR('',#10401,10.);
#3041=VECTOR('',#10402,10.);
#3042=VECTOR('',#10403,10.);
#3043=VECTOR('',#10406,10.);
#3044=VECTOR('',#10407,10.);
#3045=VECTOR('',#10408,10.);
#3046=VECTOR('',#10411,10.);
#3047=VECTOR('',#10412,10.);
#3048=VECTOR('',#10413,10.);
#3049=VECTOR('',#10416,10.);
#3050=VECTOR('',#10417,10.);
#3051=VECTOR('',#10420,10.);
#3052=VECTOR('',#10421,10.);
#3053=VECTOR('',#10422,10.);
#3054=VECTOR('',#10423,10.);
#3055=VECTOR('',#10426,10.);
#3056=VECTOR('',#10427,10.);
#3057=VECTOR('',#10428,10.);
#3058=VECTOR('',#10431,10.);
#3059=VECTOR('',#10432,10.);
#3060=VECTOR('',#10433,10.);
#3061=VECTOR('',#10436,10.);
#3062=VECTOR('',#10437,10.);
#3063=VECTOR('',#10440,10.);
#3064=VECTOR('',#10441,10.);
#3065=VECTOR('',#10442,10.);
#3066=VECTOR('',#10443,10.);
#3067=VECTOR('',#10446,10.);
#3068=VECTOR('',#10447,10.);
#3069=VECTOR('',#10448,10.);
#3070=VECTOR('',#10451,10.);
#3071=VECTOR('',#10452,10.);
#3072=VECTOR('',#10453,10.);
#3073=VECTOR('',#10456,10.);
#3074=VECTOR('',#10457,10.);
#3075=VECTOR('',#10460,10.);
#3076=VECTOR('',#10461,10.);
#3077=VECTOR('',#10462,10.);
#3078=VECTOR('',#10463,10.);
#3079=VECTOR('',#10466,10.);
#3080=VECTOR('',#10467,10.);
#3081=VECTOR('',#10468,10.);
#3082=VECTOR('',#10471,10.);
#3083=VECTOR('',#10472,10.);
#3084=VECTOR('',#10473,10.);
#3085=VECTOR('',#10476,10.);
#3086=VECTOR('',#10477,10.);
#3087=VECTOR('',#10480,10.);
#3088=VECTOR('',#10481,10.);
#3089=VECTOR('',#10482,10.);
#3090=VECTOR('',#10483,10.);
#3091=VECTOR('',#10486,10.);
#3092=VECTOR('',#10487,10.);
#3093=VECTOR('',#10488,10.);
#3094=VECTOR('',#10491,10.);
#3095=VECTOR('',#10492,10.);
#3096=VECTOR('',#10493,10.);
#3097=VECTOR('',#10496,10.);
#3098=VECTOR('',#10497,10.);
#3099=VECTOR('',#10500,10.);
#3100=VECTOR('',#10501,10.);
#3101=VECTOR('',#10502,10.);
#3102=VECTOR('',#10503,10.);
#3103=VECTOR('',#10506,10.);
#3104=VECTOR('',#10507,10.);
#3105=VECTOR('',#10508,10.);
#3106=VECTOR('',#10511,10.);
#3107=VECTOR('',#10512,10.);
#3108=VECTOR('',#10513,10.);
#3109=VECTOR('',#10516,10.);
#3110=VECTOR('',#10517,10.);
#3111=VECTOR('',#10520,10.);
#3112=VECTOR('',#10521,10.);
#3113=VECTOR('',#10522,10.);
#3114=VECTOR('',#10523,10.);
#3115=VECTOR('',#10526,10.);
#3116=VECTOR('',#10527,10.);
#3117=VECTOR('',#10528,10.);
#3118=VECTOR('',#10531,10.);
#3119=VECTOR('',#10532,10.);
#3120=VECTOR('',#10533,10.);
#3121=VECTOR('',#10536,10.);
#3122=VECTOR('',#10537,10.);
#3123=VECTOR('',#10540,10.);
#3124=VECTOR('',#10541,10.);
#3125=VECTOR('',#10542,10.);
#3126=VECTOR('',#10543,10.);
#3127=VECTOR('',#10546,10.);
#3128=VECTOR('',#10547,10.);
#3129=VECTOR('',#10548,10.);
#3130=VECTOR('',#10551,10.);
#3131=VECTOR('',#10552,10.);
#3132=VECTOR('',#10553,10.);
#3133=VECTOR('',#10556,10.);
#3134=VECTOR('',#10557,10.);
#3135=VECTOR('',#10560,10.);
#3136=VECTOR('',#10561,10.);
#3137=VECTOR('',#10562,10.);
#3138=VECTOR('',#10563,10.);
#3139=VECTOR('',#10566,10.);
#3140=VECTOR('',#10567,10.);
#3141=VECTOR('',#10568,10.);
#3142=VECTOR('',#10571,10.);
#3143=VECTOR('',#10572,10.);
#3144=VECTOR('',#10573,10.);
#3145=VECTOR('',#10576,10.);
#3146=VECTOR('',#10577,10.);
#3147=VECTOR('',#10580,10.);
#3148=VECTOR('',#10581,10.);
#3149=VECTOR('',#10582,10.);
#3150=VECTOR('',#10583,10.);
#3151=VECTOR('',#10586,10.);
#3152=VECTOR('',#10587,10.);
#3153=VECTOR('',#10588,10.);
#3154=VECTOR('',#10591,10.);
#3155=VECTOR('',#10592,10.);
#3156=VECTOR('',#10593,10.);
#3157=VECTOR('',#10596,10.);
#3158=VECTOR('',#10597,10.);
#3159=VECTOR('',#10600,10.);
#3160=VECTOR('',#10601,10.);
#3161=VECTOR('',#10602,10.);
#3162=VECTOR('',#10603,10.);
#3163=VECTOR('',#10606,10.);
#3164=VECTOR('',#10607,10.);
#3165=VECTOR('',#10608,10.);
#3166=VECTOR('',#10611,10.);
#3167=VECTOR('',#10612,10.);
#3168=VECTOR('',#10613,10.);
#3169=VECTOR('',#10616,10.);
#3170=VECTOR('',#10617,10.);
#3171=VECTOR('',#10620,10.);
#3172=VECTOR('',#10621,10.);
#3173=VECTOR('',#10622,10.);
#3174=VECTOR('',#10623,10.);
#3175=VECTOR('',#10626,10.);
#3176=VECTOR('',#10627,10.);
#3177=VECTOR('',#10628,10.);
#3178=VECTOR('',#10631,10.);
#3179=VECTOR('',#10632,10.);
#3180=VECTOR('',#10633,10.);
#3181=VECTOR('',#10636,10.);
#3182=VECTOR('',#10637,10.);
#3183=VECTOR('',#10640,10.);
#3184=VECTOR('',#10641,10.);
#3185=VECTOR('',#10642,10.);
#3186=VECTOR('',#10643,10.);
#3187=VECTOR('',#10646,10.);
#3188=VECTOR('',#10647,10.);
#3189=VECTOR('',#10648,10.);
#3190=VECTOR('',#10651,10.);
#3191=VECTOR('',#10652,10.);
#3192=VECTOR('',#10653,10.);
#3193=VECTOR('',#10656,10.);
#3194=VECTOR('',#10657,10.);
#3195=VECTOR('',#10660,10.);
#3196=VECTOR('',#10661,10.);
#3197=VECTOR('',#10662,10.);
#3198=VECTOR('',#10663,10.);
#3199=VECTOR('',#10666,10.);
#3200=VECTOR('',#10667,10.);
#3201=VECTOR('',#10668,10.);
#3202=VECTOR('',#10671,10.);
#3203=VECTOR('',#10672,10.);
#3204=VECTOR('',#10673,10.);
#3205=VECTOR('',#10676,10.);
#3206=VECTOR('',#10677,10.);
#3207=VECTOR('',#10680,10.);
#3208=VECTOR('',#10681,10.);
#3209=VECTOR('',#10682,10.);
#3210=VECTOR('',#10683,10.);
#3211=VECTOR('',#10686,10.);
#3212=VECTOR('',#10687,10.);
#3213=VECTOR('',#10688,10.);
#3214=VECTOR('',#10691,10.);
#3215=VECTOR('',#10692,10.);
#3216=VECTOR('',#10693,10.);
#3217=VECTOR('',#10696,10.);
#3218=VECTOR('',#10697,10.);
#3219=VECTOR('',#10700,10.);
#3220=VECTOR('',#10701,10.);
#3221=VECTOR('',#10702,10.);
#3222=VECTOR('',#10703,10.);
#3223=VECTOR('',#10706,10.);
#3224=VECTOR('',#10707,10.);
#3225=VECTOR('',#10708,10.);
#3226=VECTOR('',#10711,10.);
#3227=VECTOR('',#10712,10.);
#3228=VECTOR('',#10713,10.);
#3229=VECTOR('',#10716,10.);
#3230=VECTOR('',#10717,10.);
#3231=VECTOR('',#10720,10.);
#3232=VECTOR('',#10721,10.);
#3233=VECTOR('',#10722,10.);
#3234=VECTOR('',#10723,10.);
#3235=VECTOR('',#10726,10.);
#3236=VECTOR('',#10727,10.);
#3237=VECTOR('',#10728,10.);
#3238=VECTOR('',#10731,10.);
#3239=VECTOR('',#10732,10.);
#3240=VECTOR('',#10733,10.);
#3241=VECTOR('',#10736,10.);
#3242=VECTOR('',#10737,10.);
#3243=VECTOR('',#10740,10.);
#3244=VECTOR('',#10741,10.);
#3245=VECTOR('',#10742,10.);
#3246=VECTOR('',#10743,10.);
#3247=VECTOR('',#10746,10.);
#3248=VECTOR('',#10747,10.);
#3249=VECTOR('',#10748,10.);
#3250=VECTOR('',#10751,10.);
#3251=VECTOR('',#10752,10.);
#3252=VECTOR('',#10753,10.);
#3253=VECTOR('',#10756,10.);
#3254=VECTOR('',#10757,10.);
#3255=VECTOR('',#10760,10.);
#3256=VECTOR('',#10761,10.);
#3257=VECTOR('',#10762,10.);
#3258=VECTOR('',#10763,10.);
#3259=VECTOR('',#10766,10.);
#3260=VECTOR('',#10767,10.);
#3261=VECTOR('',#10768,10.);
#3262=VECTOR('',#10771,10.);
#3263=VECTOR('',#10772,10.);
#3264=VECTOR('',#10773,10.);
#3265=VECTOR('',#10776,10.);
#3266=VECTOR('',#10777,10.);
#3267=VECTOR('',#10780,10.);
#3268=VECTOR('',#10781,10.);
#3269=VECTOR('',#10782,10.);
#3270=VECTOR('',#10783,10.);
#3271=VECTOR('',#10786,10.);
#3272=VECTOR('',#10787,10.);
#3273=VECTOR('',#10788,10.);
#3274=VECTOR('',#10791,10.);
#3275=VECTOR('',#10792,10.);
#3276=VECTOR('',#10793,10.);
#3277=VECTOR('',#10796,10.);
#3278=VECTOR('',#10797,10.);
#3279=VECTOR('',#10800,10.);
#3280=VECTOR('',#10801,10.);
#3281=VECTOR('',#10802,10.);
#3282=VECTOR('',#10803,10.);
#3283=VECTOR('',#10806,10.);
#3284=VECTOR('',#10807,10.);
#3285=VECTOR('',#10808,10.);
#3286=VECTOR('',#10811,10.);
#3287=VECTOR('',#10812,10.);
#3288=VECTOR('',#10813,10.);
#3289=VECTOR('',#10816,10.);
#3290=VECTOR('',#10817,10.);
#3291=VECTOR('',#10820,10.);
#3292=VECTOR('',#10821,10.);
#3293=VECTOR('',#10822,10.);
#3294=VECTOR('',#10823,10.);
#3295=VECTOR('',#10826,10.);
#3296=VECTOR('',#10827,10.);
#3297=VECTOR('',#10828,10.);
#3298=VECTOR('',#10831,10.);
#3299=VECTOR('',#10832,10.);
#3300=VECTOR('',#10833,10.);
#3301=VECTOR('',#10836,10.);
#3302=VECTOR('',#10837,10.);
#3303=VECTOR('',#10840,10.);
#3304=VECTOR('',#10841,10.);
#3305=VECTOR('',#10842,10.);
#3306=VECTOR('',#10843,10.);
#3307=VECTOR('',#10846,10.);
#3308=VECTOR('',#10847,10.);
#3309=VECTOR('',#10848,10.);
#3310=VECTOR('',#10851,10.);
#3311=VECTOR('',#10852,10.);
#3312=VECTOR('',#10853,10.);
#3313=VECTOR('',#10856,10.);
#3314=VECTOR('',#10857,10.);
#3315=VECTOR('',#10860,10.);
#3316=VECTOR('',#10861,10.);
#3317=VECTOR('',#10862,10.);
#3318=VECTOR('',#10863,10.);
#3319=VECTOR('',#10866,10.);
#3320=VECTOR('',#10867,10.);
#3321=VECTOR('',#10868,10.);
#3322=VECTOR('',#10871,10.);
#3323=VECTOR('',#10872,10.);
#3324=VECTOR('',#10873,10.);
#3325=VECTOR('',#10876,10.);
#3326=VECTOR('',#10877,10.);
#3327=VECTOR('',#10880,10.);
#3328=VECTOR('',#10881,10.);
#3329=VECTOR('',#10882,10.);
#3330=VECTOR('',#10883,10.);
#3331=VECTOR('',#10886,10.);
#3332=VECTOR('',#10887,10.);
#3333=VECTOR('',#10888,10.);
#3334=VECTOR('',#10891,10.);
#3335=VECTOR('',#10892,10.);
#3336=VECTOR('',#10893,10.);
#3337=VECTOR('',#10896,10.);
#3338=VECTOR('',#10897,10.);
#3339=VECTOR('',#10900,10.);
#3340=VECTOR('',#10901,10.);
#3341=VECTOR('',#10902,10.);
#3342=VECTOR('',#10903,10.);
#3343=VECTOR('',#10906,10.);
#3344=VECTOR('',#10907,10.);
#3345=VECTOR('',#10908,10.);
#3346=VECTOR('',#10911,10.);
#3347=VECTOR('',#10912,10.);
#3348=VECTOR('',#10913,10.);
#3349=VECTOR('',#10916,10.);
#3350=VECTOR('',#10917,10.);
#3351=VECTOR('',#10920,10.);
#3352=VECTOR('',#10921,10.);
#3353=VECTOR('',#10922,10.);
#3354=VECTOR('',#10923,10.);
#3355=VECTOR('',#10926,10.);
#3356=VECTOR('',#10927,10.);
#3357=VECTOR('',#10928,10.);
#3358=VECTOR('',#10931,10.);
#3359=VECTOR('',#10932,10.);
#3360=VECTOR('',#10933,10.);
#3361=VECTOR('',#10936,10.);
#3362=VECTOR('',#10937,10.);
#3363=VECTOR('',#10940,10.);
#3364=VECTOR('',#10941,10.);
#3365=VECTOR('',#10942,10.);
#3366=VECTOR('',#10943,10.);
#3367=VECTOR('',#10946,10.);
#3368=VECTOR('',#10947,10.);
#3369=VECTOR('',#10948,10.);
#3370=VECTOR('',#10951,10.);
#3371=VECTOR('',#10952,10.);
#3372=VECTOR('',#10953,10.);
#3373=VECTOR('',#10956,10.);
#3374=VECTOR('',#10957,10.);
#3375=VECTOR('',#10960,10.);
#3376=VECTOR('',#10961,10.);
#3377=VECTOR('',#10962,10.);
#3378=VECTOR('',#10963,10.);
#3379=VECTOR('',#10966,10.);
#3380=VECTOR('',#10967,10.);
#3381=VECTOR('',#10968,10.);
#3382=VECTOR('',#10971,10.);
#3383=VECTOR('',#10972,10.);
#3384=VECTOR('',#10973,10.);
#3385=VECTOR('',#10976,10.);
#3386=VECTOR('',#10977,10.);
#3387=VECTOR('',#10980,10.);
#3388=VECTOR('',#10981,10.);
#3389=VECTOR('',#10982,10.);
#3390=VECTOR('',#10983,10.);
#3391=VECTOR('',#10986,10.);
#3392=VECTOR('',#10987,10.);
#3393=VECTOR('',#10988,10.);
#3394=VECTOR('',#10991,10.);
#3395=VECTOR('',#10992,10.);
#3396=VECTOR('',#10993,10.);
#3397=VECTOR('',#10996,10.);
#3398=VECTOR('',#10997,10.);
#3399=VECTOR('',#11000,10.);
#3400=VECTOR('',#11001,10.);
#3401=VECTOR('',#11002,10.);
#3402=VECTOR('',#11003,10.);
#3403=VECTOR('',#11006,10.);
#3404=VECTOR('',#11007,10.);
#3405=VECTOR('',#11008,10.);
#3406=VECTOR('',#11011,10.);
#3407=VECTOR('',#11012,10.);
#3408=VECTOR('',#11013,10.);
#3409=VECTOR('',#11016,10.);
#3410=VECTOR('',#11017,10.);
#3411=VECTOR('',#11020,10.);
#3412=VECTOR('',#11021,10.);
#3413=VECTOR('',#11022,10.);
#3414=VECTOR('',#11023,10.);
#3415=VECTOR('',#11026,10.);
#3416=VECTOR('',#11027,10.);
#3417=VECTOR('',#11028,10.);
#3418=VECTOR('',#11031,10.);
#3419=VECTOR('',#11032,10.);
#3420=VECTOR('',#11033,10.);
#3421=VECTOR('',#11036,10.);
#3422=VECTOR('',#11037,10.);
#3423=VECTOR('',#11040,10.);
#3424=VECTOR('',#11041,10.);
#3425=VECTOR('',#11042,10.);
#3426=VECTOR('',#11043,10.);
#3427=VECTOR('',#11046,10.);
#3428=VECTOR('',#11047,10.);
#3429=VECTOR('',#11048,10.);
#3430=VECTOR('',#11051,10.);
#3431=VECTOR('',#11052,10.);
#3432=VECTOR('',#11053,10.);
#3433=VECTOR('',#11056,10.);
#3434=VECTOR('',#11057,10.);
#3435=VECTOR('',#11060,10.);
#3436=VECTOR('',#11061,10.);
#3437=VECTOR('',#11062,10.);
#3438=VECTOR('',#11063,10.);
#3439=VECTOR('',#11066,10.);
#3440=VECTOR('',#11067,10.);
#3441=VECTOR('',#11068,10.);
#3442=VECTOR('',#11071,10.);
#3443=VECTOR('',#11072,10.);
#3444=VECTOR('',#11073,10.);
#3445=VECTOR('',#11076,10.);
#3446=VECTOR('',#11077,10.);
#3447=VECTOR('',#11080,10.);
#3448=VECTOR('',#11081,10.);
#3449=VECTOR('',#11082,10.);
#3450=VECTOR('',#11083,10.);
#3451=VECTOR('',#11086,10.);
#3452=VECTOR('',#11087,10.);
#3453=VECTOR('',#11088,10.);
#3454=VECTOR('',#11091,10.);
#3455=VECTOR('',#11092,10.);
#3456=VECTOR('',#11093,10.);
#3457=VECTOR('',#11096,10.);
#3458=VECTOR('',#11097,10.);
#3459=VECTOR('',#11100,10.);
#3460=VECTOR('',#11101,10.);
#3461=VECTOR('',#11102,10.);
#3462=VECTOR('',#11103,10.);
#3463=VECTOR('',#11106,10.);
#3464=VECTOR('',#11107,10.);
#3465=VECTOR('',#11108,10.);
#3466=VECTOR('',#11111,10.);
#3467=VECTOR('',#11112,10.);
#3468=VECTOR('',#11113,10.);
#3469=VECTOR('',#11116,10.);
#3470=VECTOR('',#11117,10.);
#3471=VECTOR('',#11120,10.);
#3472=VECTOR('',#11121,10.);
#3473=VECTOR('',#11122,10.);
#3474=VECTOR('',#11123,10.);
#3475=VECTOR('',#11126,10.);
#3476=VECTOR('',#11127,10.);
#3477=VECTOR('',#11128,10.);
#3478=VECTOR('',#11131,10.);
#3479=VECTOR('',#11132,10.);
#3480=VECTOR('',#11133,10.);
#3481=VECTOR('',#11136,10.);
#3482=VECTOR('',#11137,10.);
#3483=VECTOR('',#11140,10.);
#3484=VECTOR('',#11141,10.);
#3485=VECTOR('',#11142,10.);
#3486=VECTOR('',#11143,10.);
#3487=VECTOR('',#11146,10.);
#3488=VECTOR('',#11147,10.);
#3489=VECTOR('',#11148,10.);
#3490=VECTOR('',#11151,10.);
#3491=VECTOR('',#11152,10.);
#3492=VECTOR('',#11153,10.);
#3493=VECTOR('',#11156,10.);
#3494=VECTOR('',#11157,10.);
#3495=VECTOR('',#11160,10.);
#3496=VECTOR('',#11161,10.);
#3497=VECTOR('',#11162,10.);
#3498=VECTOR('',#11163,10.);
#3499=VECTOR('',#11166,10.);
#3500=VECTOR('',#11167,10.);
#3501=VECTOR('',#11168,10.);
#3502=VECTOR('',#11171,10.);
#3503=VECTOR('',#11172,10.);
#3504=VECTOR('',#11173,10.);
#3505=VECTOR('',#11176,10.);
#3506=VECTOR('',#11177,10.);
#3507=VECTOR('',#11180,10.);
#3508=VECTOR('',#11181,10.);
#3509=VECTOR('',#11182,10.);
#3510=VECTOR('',#11183,10.);
#3511=VECTOR('',#11186,10.);
#3512=VECTOR('',#11187,10.);
#3513=VECTOR('',#11188,10.);
#3514=VECTOR('',#11191,10.);
#3515=VECTOR('',#11192,10.);
#3516=VECTOR('',#11193,10.);
#3517=VECTOR('',#11196,10.);
#3518=VECTOR('',#11197,10.);
#3519=VECTOR('',#11200,10.);
#3520=VECTOR('',#11201,10.);
#3521=VECTOR('',#11202,10.);
#3522=VECTOR('',#11203,10.);
#3523=VECTOR('',#11206,10.);
#3524=VECTOR('',#11207,10.);
#3525=VECTOR('',#11208,10.);
#3526=VECTOR('',#11211,10.);
#3527=VECTOR('',#11212,10.);
#3528=VECTOR('',#11213,10.);
#3529=VECTOR('',#11216,10.);
#3530=VECTOR('',#11217,10.);
#3531=VECTOR('',#11220,10.);
#3532=VECTOR('',#11221,10.);
#3533=VECTOR('',#11222,10.);
#3534=VECTOR('',#11223,10.);
#3535=VECTOR('',#11226,10.);
#3536=VECTOR('',#11227,10.);
#3537=VECTOR('',#11228,10.);
#3538=VECTOR('',#11231,10.);
#3539=VECTOR('',#11232,10.);
#3540=VECTOR('',#11233,10.);
#3541=VECTOR('',#11236,10.);
#3542=VECTOR('',#11237,10.);
#3543=VECTOR('',#11240,10.);
#3544=VECTOR('',#11241,10.);
#3545=VECTOR('',#11242,10.);
#3546=VECTOR('',#11243,10.);
#3547=VECTOR('',#11246,10.);
#3548=VECTOR('',#11247,10.);
#3549=VECTOR('',#11248,10.);
#3550=VECTOR('',#11251,10.);
#3551=VECTOR('',#11252,10.);
#3552=VECTOR('',#11253,10.);
#3553=VECTOR('',#11256,10.);
#3554=VECTOR('',#11257,10.);
#3555=VECTOR('',#11260,10.);
#3556=VECTOR('',#11261,10.);
#3557=VECTOR('',#11262,10.);
#3558=VECTOR('',#11263,10.);
#3559=VECTOR('',#11266,10.);
#3560=VECTOR('',#11267,10.);
#3561=VECTOR('',#11268,10.);
#3562=VECTOR('',#11271,10.);
#3563=VECTOR('',#11272,10.);
#3564=VECTOR('',#11273,10.);
#3565=VECTOR('',#11276,10.);
#3566=VECTOR('',#11277,10.);
#3567=VECTOR('',#11280,10.);
#3568=VECTOR('',#11281,10.);
#3569=VECTOR('',#11282,10.);
#3570=VECTOR('',#11283,10.);
#3571=VECTOR('',#11286,10.);
#3572=VECTOR('',#11287,10.);
#3573=VECTOR('',#11288,10.);
#3574=VECTOR('',#11291,10.);
#3575=VECTOR('',#11292,10.);
#3576=VECTOR('',#11293,10.);
#3577=VECTOR('',#11296,10.);
#3578=VECTOR('',#11297,10.);
#3579=VECTOR('',#11300,10.);
#3580=VECTOR('',#11301,10.);
#3581=VECTOR('',#11302,10.);
#3582=VECTOR('',#11303,10.);
#3583=VECTOR('',#11306,10.);
#3584=VECTOR('',#11307,10.);
#3585=VECTOR('',#11308,10.);
#3586=VECTOR('',#11311,10.);
#3587=VECTOR('',#11312,10.);
#3588=VECTOR('',#11313,10.);
#3589=VECTOR('',#11316,10.);
#3590=VECTOR('',#11317,10.);
#3591=VECTOR('',#11320,10.);
#3592=VECTOR('',#11321,10.);
#3593=VECTOR('',#11322,10.);
#3594=VECTOR('',#11323,10.);
#3595=VECTOR('',#11326,10.);
#3596=VECTOR('',#11327,10.);
#3597=VECTOR('',#11328,10.);
#3598=VECTOR('',#11331,10.);
#3599=VECTOR('',#11332,10.);
#3600=VECTOR('',#11333,10.);
#3601=VECTOR('',#11336,10.);
#3602=VECTOR('',#11337,10.);
#3603=VECTOR('',#11340,10.);
#3604=VECTOR('',#11341,10.);
#3605=VECTOR('',#11342,10.);
#3606=VECTOR('',#11343,10.);
#3607=VECTOR('',#11346,10.);
#3608=VECTOR('',#11347,10.);
#3609=VECTOR('',#11348,10.);
#3610=VECTOR('',#11351,10.);
#3611=VECTOR('',#11352,10.);
#3612=VECTOR('',#11353,10.);
#3613=VECTOR('',#11356,10.);
#3614=VECTOR('',#11357,10.);
#3615=VECTOR('',#11360,10.);
#3616=VECTOR('',#11361,10.);
#3617=VECTOR('',#11362,10.);
#3618=VECTOR('',#11363,10.);
#3619=VECTOR('',#11366,10.);
#3620=VECTOR('',#11367,10.);
#3621=VECTOR('',#11368,10.);
#3622=VECTOR('',#11371,10.);
#3623=VECTOR('',#11372,10.);
#3624=VECTOR('',#11373,10.);
#3625=VECTOR('',#11376,10.);
#3626=VECTOR('',#11377,10.);
#3627=VECTOR('',#11380,10.);
#3628=VECTOR('',#11381,10.);
#3629=VECTOR('',#11382,10.);
#3630=VECTOR('',#11383,10.);
#3631=VECTOR('',#11386,10.);
#3632=VECTOR('',#11387,10.);
#3633=VECTOR('',#11388,10.);
#3634=VECTOR('',#11391,10.);
#3635=VECTOR('',#11392,10.);
#3636=VECTOR('',#11393,10.);
#3637=VECTOR('',#11396,10.);
#3638=VECTOR('',#11397,10.);
#3639=VECTOR('',#11400,10.);
#3640=VECTOR('',#11401,10.);
#3641=VECTOR('',#11402,10.);
#3642=VECTOR('',#11403,10.);
#3643=VECTOR('',#11406,10.);
#3644=VECTOR('',#11407,10.);
#3645=VECTOR('',#11408,10.);
#3646=VECTOR('',#11411,10.);
#3647=VECTOR('',#11412,10.);
#3648=VECTOR('',#11413,10.);
#3649=VECTOR('',#11416,10.);
#3650=VECTOR('',#11417,10.);
#3651=VERTEX_POINT('',#11444);
#3652=VERTEX_POINT('',#11445);
#3653=VERTEX_POINT('',#11447);
#3654=VERTEX_POINT('',#11449);
#3655=VERTEX_POINT('',#11453);
#3656=VERTEX_POINT('',#11455);
#3657=VERTEX_POINT('',#11459);
#3658=VERTEX_POINT('',#11461);
#3659=VERTEX_POINT('',#11468);
#3660=VERTEX_POINT('',#11469);
#3661=VERTEX_POINT('',#11471);
#3662=VERTEX_POINT('',#11473);
#3663=VERTEX_POINT('',#11477);
#3664=VERTEX_POINT('',#11479);
#3665=VERTEX_POINT('',#11483);
#3666=VERTEX_POINT('',#11485);
#3667=VERTEX_POINT('',#11492);
#3668=VERTEX_POINT('',#11493);
#3669=VERTEX_POINT('',#11495);
#3670=VERTEX_POINT('',#11497);
#3671=VERTEX_POINT('',#11501);
#3672=VERTEX_POINT('',#11503);
#3673=VERTEX_POINT('',#11507);
#3674=VERTEX_POINT('',#11509);
#3675=VERTEX_POINT('',#11516);
#3676=VERTEX_POINT('',#11517);
#3677=VERTEX_POINT('',#11519);
#3678=VERTEX_POINT('',#11521);
#3679=VERTEX_POINT('',#11525);
#3680=VERTEX_POINT('',#11527);
#3681=VERTEX_POINT('',#11531);
#3682=VERTEX_POINT('',#11533);
#3683=VERTEX_POINT('',#11540);
#3684=VERTEX_POINT('',#11541);
#3685=VERTEX_POINT('',#11543);
#3686=VERTEX_POINT('',#11545);
#3687=VERTEX_POINT('',#11549);
#3688=VERTEX_POINT('',#11551);
#3689=VERTEX_POINT('',#11555);
#3690=VERTEX_POINT('',#11557);
#3691=VERTEX_POINT('',#11564);
#3692=VERTEX_POINT('',#11565);
#3693=VERTEX_POINT('',#11567);
#3694=VERTEX_POINT('',#11569);
#3695=VERTEX_POINT('',#11573);
#3696=VERTEX_POINT('',#11575);
#3697=VERTEX_POINT('',#11579);
#3698=VERTEX_POINT('',#11581);
#3699=VERTEX_POINT('',#11588);
#3700=VERTEX_POINT('',#11589);
#3701=VERTEX_POINT('',#11591);
#3702=VERTEX_POINT('',#11593);
#3703=VERTEX_POINT('',#11597);
#3704=VERTEX_POINT('',#11599);
#3705=VERTEX_POINT('',#11603);
#3706=VERTEX_POINT('',#11605);
#3707=VERTEX_POINT('',#11612);
#3708=VERTEX_POINT('',#11613);
#3709=VERTEX_POINT('',#11615);
#3710=VERTEX_POINT('',#11617);
#3711=VERTEX_POINT('',#11621);
#3712=VERTEX_POINT('',#11623);
#3713=VERTEX_POINT('',#11627);
#3714=VERTEX_POINT('',#11629);
#3715=VERTEX_POINT('',#11636);
#3716=VERTEX_POINT('',#11637);
#3717=VERTEX_POINT('',#11639);
#3718=VERTEX_POINT('',#11641);
#3719=VERTEX_POINT('',#11645);
#3720=VERTEX_POINT('',#11647);
#3721=VERTEX_POINT('',#11651);
#3722=VERTEX_POINT('',#11653);
#3723=VERTEX_POINT('',#11660);
#3724=VERTEX_POINT('',#11661);
#3725=VERTEX_POINT('',#11663);
#3726=VERTEX_POINT('',#11665);
#3727=VERTEX_POINT('',#11669);
#3728=VERTEX_POINT('',#11671);
#3729=VERTEX_POINT('',#11675);
#3730=VERTEX_POINT('',#11677);
#3731=VERTEX_POINT('',#11684);
#3732=VERTEX_POINT('',#11685);
#3733=VERTEX_POINT('',#11687);
#3734=VERTEX_POINT('',#11689);
#3735=VERTEX_POINT('',#11693);
#3736=VERTEX_POINT('',#11695);
#3737=VERTEX_POINT('',#11699);
#3738=VERTEX_POINT('',#11701);
#3739=VERTEX_POINT('',#11708);
#3740=VERTEX_POINT('',#11709);
#3741=VERTEX_POINT('',#11711);
#3742=VERTEX_POINT('',#11713);
#3743=VERTEX_POINT('',#11717);
#3744=VERTEX_POINT('',#11719);
#3745=VERTEX_POINT('',#11723);
#3746=VERTEX_POINT('',#11725);
#3747=VERTEX_POINT('',#11732);
#3748=VERTEX_POINT('',#11733);
#3749=VERTEX_POINT('',#11735);
#3750=VERTEX_POINT('',#11737);
#3751=VERTEX_POINT('',#11741);
#3752=VERTEX_POINT('',#11743);
#3753=VERTEX_POINT('',#11747);
#3754=VERTEX_POINT('',#11749);
#3755=VERTEX_POINT('',#11756);
#3756=VERTEX_POINT('',#11757);
#3757=VERTEX_POINT('',#11759);
#3758=VERTEX_POINT('',#11761);
#3759=VERTEX_POINT('',#11765);
#3760=VERTEX_POINT('',#11767);
#3761=VERTEX_POINT('',#11771);
#3762=VERTEX_POINT('',#11773);
#3763=VERTEX_POINT('',#11780);
#3764=VERTEX_POINT('',#11781);
#3765=VERTEX_POINT('',#11783);
#3766=VERTEX_POINT('',#11785);
#3767=VERTEX_POINT('',#11789);
#3768=VERTEX_POINT('',#11791);
#3769=VERTEX_POINT('',#11795);
#3770=VERTEX_POINT('',#11797);
#3771=VERTEX_POINT('',#11804);
#3772=VERTEX_POINT('',#11805);
#3773=VERTEX_POINT('',#11807);
#3774=VERTEX_POINT('',#11809);
#3775=VERTEX_POINT('',#11813);
#3776=VERTEX_POINT('',#11815);
#3777=VERTEX_POINT('',#11819);
#3778=VERTEX_POINT('',#11821);
#3779=VERTEX_POINT('',#11828);
#3780=VERTEX_POINT('',#11829);
#3781=VERTEX_POINT('',#11831);
#3782=VERTEX_POINT('',#11833);
#3783=VERTEX_POINT('',#11837);
#3784=VERTEX_POINT('',#11839);
#3785=VERTEX_POINT('',#11843);
#3786=VERTEX_POINT('',#11845);
#3787=VERTEX_POINT('',#11852);
#3788=VERTEX_POINT('',#11853);
#3789=VERTEX_POINT('',#11855);
#3790=VERTEX_POINT('',#11857);
#3791=VERTEX_POINT('',#11861);
#3792=VERTEX_POINT('',#11863);
#3793=VERTEX_POINT('',#11867);
#3794=VERTEX_POINT('',#11869);
#3795=VERTEX_POINT('',#11876);
#3796=VERTEX_POINT('',#11877);
#3797=VERTEX_POINT('',#11879);
#3798=VERTEX_POINT('',#11881);
#3799=VERTEX_POINT('',#11885);
#3800=VERTEX_POINT('',#11887);
#3801=VERTEX_POINT('',#11891);
#3802=VERTEX_POINT('',#11893);
#3803=VERTEX_POINT('',#11900);
#3804=VERTEX_POINT('',#11901);
#3805=VERTEX_POINT('',#11903);
#3806=VERTEX_POINT('',#11905);
#3807=VERTEX_POINT('',#11909);
#3808=VERTEX_POINT('',#11911);
#3809=VERTEX_POINT('',#11915);
#3810=VERTEX_POINT('',#11917);
#3811=VERTEX_POINT('',#11924);
#3812=VERTEX_POINT('',#11925);
#3813=VERTEX_POINT('',#11927);
#3814=VERTEX_POINT('',#11929);
#3815=VERTEX_POINT('',#11933);
#3816=VERTEX_POINT('',#11935);
#3817=VERTEX_POINT('',#11939);
#3818=VERTEX_POINT('',#11941);
#3819=VERTEX_POINT('',#11948);
#3820=VERTEX_POINT('',#11949);
#3821=VERTEX_POINT('',#11951);
#3822=VERTEX_POINT('',#11953);
#3823=VERTEX_POINT('',#11957);
#3824=VERTEX_POINT('',#11959);
#3825=VERTEX_POINT('',#11963);
#3826=VERTEX_POINT('',#11965);
#3827=VERTEX_POINT('',#11972);
#3828=VERTEX_POINT('',#11973);
#3829=VERTEX_POINT('',#11975);
#3830=VERTEX_POINT('',#11977);
#3831=VERTEX_POINT('',#11981);
#3832=VERTEX_POINT('',#11983);
#3833=VERTEX_POINT('',#11987);
#3834=VERTEX_POINT('',#11989);
#3835=VERTEX_POINT('',#11996);
#3836=VERTEX_POINT('',#11997);
#3837=VERTEX_POINT('',#11999);
#3838=VERTEX_POINT('',#12001);
#3839=VERTEX_POINT('',#12005);
#3840=VERTEX_POINT('',#12007);
#3841=VERTEX_POINT('',#12011);
#3842=VERTEX_POINT('',#12013);
#3843=VERTEX_POINT('',#12020);
#3844=VERTEX_POINT('',#12021);
#3845=VERTEX_POINT('',#12023);
#3846=VERTEX_POINT('',#12025);
#3847=VERTEX_POINT('',#12029);
#3848=VERTEX_POINT('',#12031);
#3849=VERTEX_POINT('',#12035);
#3850=VERTEX_POINT('',#12037);
#3851=VERTEX_POINT('',#12044);
#3852=VERTEX_POINT('',#12045);
#3853=VERTEX_POINT('',#12047);
#3854=VERTEX_POINT('',#12049);
#3855=VERTEX_POINT('',#12053);
#3856=VERTEX_POINT('',#12055);
#3857=VERTEX_POINT('',#12059);
#3858=VERTEX_POINT('',#12061);
#3859=VERTEX_POINT('',#12068);
#3860=VERTEX_POINT('',#12069);
#3861=VERTEX_POINT('',#12071);
#3862=VERTEX_POINT('',#12073);
#3863=VERTEX_POINT('',#12077);
#3864=VERTEX_POINT('',#12079);
#3865=VERTEX_POINT('',#12083);
#3866=VERTEX_POINT('',#12085);
#3867=VERTEX_POINT('',#12092);
#3868=VERTEX_POINT('',#12093);
#3869=VERTEX_POINT('',#12095);
#3870=VERTEX_POINT('',#12097);
#3871=VERTEX_POINT('',#12101);
#3872=VERTEX_POINT('',#12103);
#3873=VERTEX_POINT('',#12107);
#3874=VERTEX_POINT('',#12109);
#3875=VERTEX_POINT('',#12116);
#3876=VERTEX_POINT('',#12117);
#3877=VERTEX_POINT('',#12119);
#3878=VERTEX_POINT('',#12121);
#3879=VERTEX_POINT('',#12125);
#3880=VERTEX_POINT('',#12127);
#3881=VERTEX_POINT('',#12131);
#3882=VERTEX_POINT('',#12133);
#3883=VERTEX_POINT('',#12140);
#3884=VERTEX_POINT('',#12141);
#3885=VERTEX_POINT('',#12143);
#3886=VERTEX_POINT('',#12145);
#3887=VERTEX_POINT('',#12149);
#3888=VERTEX_POINT('',#12151);
#3889=VERTEX_POINT('',#12155);
#3890=VERTEX_POINT('',#12157);
#3891=VERTEX_POINT('',#12164);
#3892=VERTEX_POINT('',#12165);
#3893=VERTEX_POINT('',#12167);
#3894=VERTEX_POINT('',#12169);
#3895=VERTEX_POINT('',#12173);
#3896=VERTEX_POINT('',#12175);
#3897=VERTEX_POINT('',#12179);
#3898=VERTEX_POINT('',#12181);
#3899=VERTEX_POINT('',#12188);
#3900=VERTEX_POINT('',#12189);
#3901=VERTEX_POINT('',#12191);
#3902=VERTEX_POINT('',#12193);
#3903=VERTEX_POINT('',#12197);
#3904=VERTEX_POINT('',#12199);
#3905=VERTEX_POINT('',#12203);
#3906=VERTEX_POINT('',#12205);
#3907=VERTEX_POINT('',#12212);
#3908=VERTEX_POINT('',#12213);
#3909=VERTEX_POINT('',#12215);
#3910=VERTEX_POINT('',#12217);
#3911=VERTEX_POINT('',#12221);
#3912=VERTEX_POINT('',#12223);
#3913=VERTEX_POINT('',#12227);
#3914=VERTEX_POINT('',#12229);
#3915=VERTEX_POINT('',#12236);
#3916=VERTEX_POINT('',#12237);
#3917=VERTEX_POINT('',#12239);
#3918=VERTEX_POINT('',#12241);
#3919=VERTEX_POINT('',#12245);
#3920=VERTEX_POINT('',#12247);
#3921=VERTEX_POINT('',#12251);
#3922=VERTEX_POINT('',#12253);
#3923=VERTEX_POINT('',#12260);
#3924=VERTEX_POINT('',#12261);
#3925=VERTEX_POINT('',#12263);
#3926=VERTEX_POINT('',#12265);
#3927=VERTEX_POINT('',#12269);
#3928=VERTEX_POINT('',#12271);
#3929=VERTEX_POINT('',#12275);
#3930=VERTEX_POINT('',#12277);
#3931=VERTEX_POINT('',#12284);
#3932=VERTEX_POINT('',#12285);
#3933=VERTEX_POINT('',#12287);
#3934=VERTEX_POINT('',#12289);
#3935=VERTEX_POINT('',#12293);
#3936=VERTEX_POINT('',#12295);
#3937=VERTEX_POINT('',#12299);
#3938=VERTEX_POINT('',#12301);
#3939=VERTEX_POINT('',#12308);
#3940=VERTEX_POINT('',#12309);
#3941=VERTEX_POINT('',#12311);
#3942=VERTEX_POINT('',#12313);
#3943=VERTEX_POINT('',#12317);
#3944=VERTEX_POINT('',#12319);
#3945=VERTEX_POINT('',#12323);
#3946=VERTEX_POINT('',#12325);
#3947=VERTEX_POINT('',#12332);
#3948=VERTEX_POINT('',#12333);
#3949=VERTEX_POINT('',#12335);
#3950=VERTEX_POINT('',#12337);
#3951=VERTEX_POINT('',#12341);
#3952=VERTEX_POINT('',#12343);
#3953=VERTEX_POINT('',#12347);
#3954=VERTEX_POINT('',#12349);
#3955=VERTEX_POINT('',#12356);
#3956=VERTEX_POINT('',#12357);
#3957=VERTEX_POINT('',#12359);
#3958=VERTEX_POINT('',#12361);
#3959=VERTEX_POINT('',#12365);
#3960=VERTEX_POINT('',#12367);
#3961=VERTEX_POINT('',#12371);
#3962=VERTEX_POINT('',#12373);
#3963=VERTEX_POINT('',#12380);
#3964=VERTEX_POINT('',#12381);
#3965=VERTEX_POINT('',#12383);
#3966=VERTEX_POINT('',#12385);
#3967=VERTEX_POINT('',#12389);
#3968=VERTEX_POINT('',#12391);
#3969=VERTEX_POINT('',#12395);
#3970=VERTEX_POINT('',#12397);
#3971=VERTEX_POINT('',#12404);
#3972=VERTEX_POINT('',#12405);
#3973=VERTEX_POINT('',#12407);
#3974=VERTEX_POINT('',#12409);
#3975=VERTEX_POINT('',#12413);
#3976=VERTEX_POINT('',#12415);
#3977=VERTEX_POINT('',#12419);
#3978=VERTEX_POINT('',#12421);
#3979=VERTEX_POINT('',#12428);
#3980=VERTEX_POINT('',#12429);
#3981=VERTEX_POINT('',#12431);
#3982=VERTEX_POINT('',#12433);
#3983=VERTEX_POINT('',#12437);
#3984=VERTEX_POINT('',#12439);
#3985=VERTEX_POINT('',#12443);
#3986=VERTEX_POINT('',#12445);
#3987=VERTEX_POINT('',#12452);
#3988=VERTEX_POINT('',#12453);
#3989=VERTEX_POINT('',#12455);
#3990=VERTEX_POINT('',#12457);
#3991=VERTEX_POINT('',#12461);
#3992=VERTEX_POINT('',#12463);
#3993=VERTEX_POINT('',#12467);
#3994=VERTEX_POINT('',#12469);
#3995=VERTEX_POINT('',#12476);
#3996=VERTEX_POINT('',#12477);
#3997=VERTEX_POINT('',#12479);
#3998=VERTEX_POINT('',#12481);
#3999=VERTEX_POINT('',#12485);
#4000=VERTEX_POINT('',#12487);
#4001=VERTEX_POINT('',#12491);
#4002=VERTEX_POINT('',#12493);
#4003=VERTEX_POINT('',#12500);
#4004=VERTEX_POINT('',#12501);
#4005=VERTEX_POINT('',#12503);
#4006=VERTEX_POINT('',#12505);
#4007=VERTEX_POINT('',#12509);
#4008=VERTEX_POINT('',#12511);
#4009=VERTEX_POINT('',#12515);
#4010=VERTEX_POINT('',#12517);
#4011=VERTEX_POINT('',#12524);
#4012=VERTEX_POINT('',#12525);
#4013=VERTEX_POINT('',#12527);
#4014=VERTEX_POINT('',#12529);
#4015=VERTEX_POINT('',#12533);
#4016=VERTEX_POINT('',#12535);
#4017=VERTEX_POINT('',#12539);
#4018=VERTEX_POINT('',#12541);
#4019=VERTEX_POINT('',#12548);
#4020=VERTEX_POINT('',#12549);
#4021=VERTEX_POINT('',#12551);
#4022=VERTEX_POINT('',#12553);
#4023=VERTEX_POINT('',#12557);
#4024=VERTEX_POINT('',#12559);
#4025=VERTEX_POINT('',#12563);
#4026=VERTEX_POINT('',#12565);
#4027=VERTEX_POINT('',#12572);
#4028=VERTEX_POINT('',#12573);
#4029=VERTEX_POINT('',#12575);
#4030=VERTEX_POINT('',#12577);
#4031=VERTEX_POINT('',#12581);
#4032=VERTEX_POINT('',#12583);
#4033=VERTEX_POINT('',#12587);
#4034=VERTEX_POINT('',#12589);
#4035=VERTEX_POINT('',#12596);
#4036=VERTEX_POINT('',#12597);
#4037=VERTEX_POINT('',#12599);
#4038=VERTEX_POINT('',#12601);
#4039=VERTEX_POINT('',#12605);
#4040=VERTEX_POINT('',#12607);
#4041=VERTEX_POINT('',#12611);
#4042=VERTEX_POINT('',#12613);
#4043=VERTEX_POINT('',#12620);
#4044=VERTEX_POINT('',#12621);
#4045=VERTEX_POINT('',#12623);
#4046=VERTEX_POINT('',#12625);
#4047=VERTEX_POINT('',#12629);
#4048=VERTEX_POINT('',#12631);
#4049=VERTEX_POINT('',#12635);
#4050=VERTEX_POINT('',#12637);
#4051=VERTEX_POINT('',#12644);
#4052=VERTEX_POINT('',#12645);
#4053=VERTEX_POINT('',#12647);
#4054=VERTEX_POINT('',#12649);
#4055=VERTEX_POINT('',#12653);
#4056=VERTEX_POINT('',#12655);
#4057=VERTEX_POINT('',#12659);
#4058=VERTEX_POINT('',#12661);
#4059=VERTEX_POINT('',#12668);
#4060=VERTEX_POINT('',#12669);
#4061=VERTEX_POINT('',#12671);
#4062=VERTEX_POINT('',#12673);
#4063=VERTEX_POINT('',#12677);
#4064=VERTEX_POINT('',#12679);
#4065=VERTEX_POINT('',#12683);
#4066=VERTEX_POINT('',#12685);
#4067=VERTEX_POINT('',#12692);
#4068=VERTEX_POINT('',#12693);
#4069=VERTEX_POINT('',#12695);
#4070=VERTEX_POINT('',#12697);
#4071=VERTEX_POINT('',#12701);
#4072=VERTEX_POINT('',#12703);
#4073=VERTEX_POINT('',#12707);
#4074=VERTEX_POINT('',#12709);
#4075=VERTEX_POINT('',#12716);
#4076=VERTEX_POINT('',#12717);
#4077=VERTEX_POINT('',#12719);
#4078=VERTEX_POINT('',#12721);
#4079=VERTEX_POINT('',#12725);
#4080=VERTEX_POINT('',#12727);
#4081=VERTEX_POINT('',#12731);
#4082=VERTEX_POINT('',#12733);
#4083=VERTEX_POINT('',#12740);
#4084=VERTEX_POINT('',#12741);
#4085=VERTEX_POINT('',#12743);
#4086=VERTEX_POINT('',#12745);
#4087=VERTEX_POINT('',#12749);
#4088=VERTEX_POINT('',#12751);
#4089=VERTEX_POINT('',#12755);
#4090=VERTEX_POINT('',#12757);
#4091=VERTEX_POINT('',#12764);
#4092=VERTEX_POINT('',#12765);
#4093=VERTEX_POINT('',#12767);
#4094=VERTEX_POINT('',#12769);
#4095=VERTEX_POINT('',#12773);
#4096=VERTEX_POINT('',#12775);
#4097=VERTEX_POINT('',#12779);
#4098=VERTEX_POINT('',#12781);
#4099=VERTEX_POINT('',#12788);
#4100=VERTEX_POINT('',#12789);
#4101=VERTEX_POINT('',#12791);
#4102=VERTEX_POINT('',#12793);
#4103=VERTEX_POINT('',#12797);
#4104=VERTEX_POINT('',#12799);
#4105=VERTEX_POINT('',#12803);
#4106=VERTEX_POINT('',#12805);
#4107=VERTEX_POINT('',#12812);
#4108=VERTEX_POINT('',#12813);
#4109=VERTEX_POINT('',#12815);
#4110=VERTEX_POINT('',#12817);
#4111=VERTEX_POINT('',#12821);
#4112=VERTEX_POINT('',#12823);
#4113=VERTEX_POINT('',#12827);
#4114=VERTEX_POINT('',#12829);
#4115=VERTEX_POINT('',#12836);
#4116=VERTEX_POINT('',#12837);
#4117=VERTEX_POINT('',#12839);
#4118=VERTEX_POINT('',#12841);
#4119=VERTEX_POINT('',#12845);
#4120=VERTEX_POINT('',#12847);
#4121=VERTEX_POINT('',#12851);
#4122=VERTEX_POINT('',#12853);
#4123=VERTEX_POINT('',#12860);
#4124=VERTEX_POINT('',#12861);
#4125=VERTEX_POINT('',#12863);
#4126=VERTEX_POINT('',#12865);
#4127=VERTEX_POINT('',#12869);
#4128=VERTEX_POINT('',#12871);
#4129=VERTEX_POINT('',#12875);
#4130=VERTEX_POINT('',#12877);
#4131=VERTEX_POINT('',#12884);
#4132=VERTEX_POINT('',#12885);
#4133=VERTEX_POINT('',#12887);
#4134=VERTEX_POINT('',#12889);
#4135=VERTEX_POINT('',#12893);
#4136=VERTEX_POINT('',#12895);
#4137=VERTEX_POINT('',#12899);
#4138=VERTEX_POINT('',#12901);
#4139=VERTEX_POINT('',#12908);
#4140=VERTEX_POINT('',#12909);
#4141=VERTEX_POINT('',#12911);
#4142=VERTEX_POINT('',#12913);
#4143=VERTEX_POINT('',#12917);
#4144=VERTEX_POINT('',#12919);
#4145=VERTEX_POINT('',#12923);
#4146=VERTEX_POINT('',#12925);
#4147=VERTEX_POINT('',#12932);
#4148=VERTEX_POINT('',#12933);
#4149=VERTEX_POINT('',#12935);
#4150=VERTEX_POINT('',#12937);
#4151=VERTEX_POINT('',#12941);
#4152=VERTEX_POINT('',#12943);
#4153=VERTEX_POINT('',#12947);
#4154=VERTEX_POINT('',#12949);
#4155=VERTEX_POINT('',#12956);
#4156=VERTEX_POINT('',#12957);
#4157=VERTEX_POINT('',#12959);
#4158=VERTEX_POINT('',#12961);
#4159=VERTEX_POINT('',#12965);
#4160=VERTEX_POINT('',#12967);
#4161=VERTEX_POINT('',#12971);
#4162=VERTEX_POINT('',#12973);
#4163=VERTEX_POINT('',#12980);
#4164=VERTEX_POINT('',#12981);
#4165=VERTEX_POINT('',#12983);
#4166=VERTEX_POINT('',#12985);
#4167=VERTEX_POINT('',#12989);
#4168=VERTEX_POINT('',#12991);
#4169=VERTEX_POINT('',#12995);
#4170=VERTEX_POINT('',#12997);
#4171=VERTEX_POINT('',#13004);
#4172=VERTEX_POINT('',#13005);
#4173=VERTEX_POINT('',#13007);
#4174=VERTEX_POINT('',#13009);
#4175=VERTEX_POINT('',#13013);
#4176=VERTEX_POINT('',#13015);
#4177=VERTEX_POINT('',#13019);
#4178=VERTEX_POINT('',#13021);
#4179=VERTEX_POINT('',#13028);
#4180=VERTEX_POINT('',#13029);
#4181=VERTEX_POINT('',#13031);
#4182=VERTEX_POINT('',#13033);
#4183=VERTEX_POINT('',#13037);
#4184=VERTEX_POINT('',#13039);
#4185=VERTEX_POINT('',#13043);
#4186=VERTEX_POINT('',#13045);
#4187=VERTEX_POINT('',#13052);
#4188=VERTEX_POINT('',#13053);
#4189=VERTEX_POINT('',#13055);
#4190=VERTEX_POINT('',#13057);
#4191=VERTEX_POINT('',#13061);
#4192=VERTEX_POINT('',#13063);
#4193=VERTEX_POINT('',#13067);
#4194=VERTEX_POINT('',#13069);
#4195=VERTEX_POINT('',#13076);
#4196=VERTEX_POINT('',#13077);
#4197=VERTEX_POINT('',#13079);
#4198=VERTEX_POINT('',#13081);
#4199=VERTEX_POINT('',#13085);
#4200=VERTEX_POINT('',#13087);
#4201=VERTEX_POINT('',#13091);
#4202=VERTEX_POINT('',#13093);
#4203=VERTEX_POINT('',#13100);
#4204=VERTEX_POINT('',#13101);
#4205=VERTEX_POINT('',#13103);
#4206=VERTEX_POINT('',#13105);
#4207=VERTEX_POINT('',#13109);
#4208=VERTEX_POINT('',#13111);
#4209=VERTEX_POINT('',#13115);
#4210=VERTEX_POINT('',#13117);
#4211=VERTEX_POINT('',#13124);
#4212=VERTEX_POINT('',#13125);
#4213=VERTEX_POINT('',#13127);
#4214=VERTEX_POINT('',#13129);
#4215=VERTEX_POINT('',#13133);
#4216=VERTEX_POINT('',#13135);
#4217=VERTEX_POINT('',#13139);
#4218=VERTEX_POINT('',#13141);
#4219=VERTEX_POINT('',#13148);
#4220=VERTEX_POINT('',#13149);
#4221=VERTEX_POINT('',#13151);
#4222=VERTEX_POINT('',#13153);
#4223=VERTEX_POINT('',#13157);
#4224=VERTEX_POINT('',#13159);
#4225=VERTEX_POINT('',#13163);
#4226=VERTEX_POINT('',#13165);
#4227=VERTEX_POINT('',#13172);
#4228=VERTEX_POINT('',#13173);
#4229=VERTEX_POINT('',#13175);
#4230=VERTEX_POINT('',#13177);
#4231=VERTEX_POINT('',#13181);
#4232=VERTEX_POINT('',#13183);
#4233=VERTEX_POINT('',#13187);
#4234=VERTEX_POINT('',#13189);
#4235=VERTEX_POINT('',#13196);
#4236=VERTEX_POINT('',#13197);
#4237=VERTEX_POINT('',#13199);
#4238=VERTEX_POINT('',#13201);
#4239=VERTEX_POINT('',#13205);
#4240=VERTEX_POINT('',#13207);
#4241=VERTEX_POINT('',#13211);
#4242=VERTEX_POINT('',#13213);
#4243=VERTEX_POINT('',#13220);
#4244=VERTEX_POINT('',#13221);
#4245=VERTEX_POINT('',#13223);
#4246=VERTEX_POINT('',#13225);
#4247=VERTEX_POINT('',#13229);
#4248=VERTEX_POINT('',#13231);
#4249=VERTEX_POINT('',#13235);
#4250=VERTEX_POINT('',#13237);
#4251=VERTEX_POINT('',#13244);
#4252=VERTEX_POINT('',#13245);
#4253=VERTEX_POINT('',#13247);
#4254=VERTEX_POINT('',#13249);
#4255=VERTEX_POINT('',#13253);
#4256=VERTEX_POINT('',#13255);
#4257=VERTEX_POINT('',#13259);
#4258=VERTEX_POINT('',#13261);
#4259=VERTEX_POINT('',#13268);
#4260=VERTEX_POINT('',#13269);
#4261=VERTEX_POINT('',#13271);
#4262=VERTEX_POINT('',#13273);
#4263=VERTEX_POINT('',#13277);
#4264=VERTEX_POINT('',#13279);
#4265=VERTEX_POINT('',#13283);
#4266=VERTEX_POINT('',#13285);
#4267=VERTEX_POINT('',#13292);
#4268=VERTEX_POINT('',#13293);
#4269=VERTEX_POINT('',#13295);
#4270=VERTEX_POINT('',#13297);
#4271=VERTEX_POINT('',#13301);
#4272=VERTEX_POINT('',#13303);
#4273=VERTEX_POINT('',#13307);
#4274=VERTEX_POINT('',#13309);
#4275=VERTEX_POINT('',#13316);
#4276=VERTEX_POINT('',#13317);
#4277=VERTEX_POINT('',#13319);
#4278=VERTEX_POINT('',#13321);
#4279=VERTEX_POINT('',#13325);
#4280=VERTEX_POINT('',#13327);
#4281=VERTEX_POINT('',#13331);
#4282=VERTEX_POINT('',#13333);
#4283=VERTEX_POINT('',#13340);
#4284=VERTEX_POINT('',#13341);
#4285=VERTEX_POINT('',#13343);
#4286=VERTEX_POINT('',#13345);
#4287=VERTEX_POINT('',#13349);
#4288=VERTEX_POINT('',#13351);
#4289=VERTEX_POINT('',#13355);
#4290=VERTEX_POINT('',#13357);
#4291=VERTEX_POINT('',#13364);
#4292=VERTEX_POINT('',#13365);
#4293=VERTEX_POINT('',#13367);
#4294=VERTEX_POINT('',#13369);
#4295=VERTEX_POINT('',#13373);
#4296=VERTEX_POINT('',#13375);
#4297=VERTEX_POINT('',#13379);
#4298=VERTEX_POINT('',#13381);
#4299=VERTEX_POINT('',#13388);
#4300=VERTEX_POINT('',#13389);
#4301=VERTEX_POINT('',#13391);
#4302=VERTEX_POINT('',#13393);
#4303=VERTEX_POINT('',#13397);
#4304=VERTEX_POINT('',#13399);
#4305=VERTEX_POINT('',#13403);
#4306=VERTEX_POINT('',#13405);
#4307=VERTEX_POINT('',#13412);
#4308=VERTEX_POINT('',#13413);
#4309=VERTEX_POINT('',#13415);
#4310=VERTEX_POINT('',#13417);
#4311=VERTEX_POINT('',#13421);
#4312=VERTEX_POINT('',#13423);
#4313=VERTEX_POINT('',#13427);
#4314=VERTEX_POINT('',#13429);
#4315=VERTEX_POINT('',#13436);
#4316=VERTEX_POINT('',#13437);
#4317=VERTEX_POINT('',#13439);
#4318=VERTEX_POINT('',#13441);
#4319=VERTEX_POINT('',#13445);
#4320=VERTEX_POINT('',#13447);
#4321=VERTEX_POINT('',#13451);
#4322=VERTEX_POINT('',#13453);
#4323=VERTEX_POINT('',#13460);
#4324=VERTEX_POINT('',#13461);
#4325=VERTEX_POINT('',#13463);
#4326=VERTEX_POINT('',#13465);
#4327=VERTEX_POINT('',#13469);
#4328=VERTEX_POINT('',#13471);
#4329=VERTEX_POINT('',#13475);
#4330=VERTEX_POINT('',#13477);
#4331=VERTEX_POINT('',#13484);
#4332=VERTEX_POINT('',#13485);
#4333=VERTEX_POINT('',#13487);
#4334=VERTEX_POINT('',#13489);
#4335=VERTEX_POINT('',#13493);
#4336=VERTEX_POINT('',#13495);
#4337=VERTEX_POINT('',#13499);
#4338=VERTEX_POINT('',#13501);
#4339=VERTEX_POINT('',#13508);
#4340=VERTEX_POINT('',#13509);
#4341=VERTEX_POINT('',#13511);
#4342=VERTEX_POINT('',#13513);
#4343=VERTEX_POINT('',#13517);
#4344=VERTEX_POINT('',#13519);
#4345=VERTEX_POINT('',#13523);
#4346=VERTEX_POINT('',#13525);
#4347=VERTEX_POINT('',#13532);
#4348=VERTEX_POINT('',#13533);
#4349=VERTEX_POINT('',#13535);
#4350=VERTEX_POINT('',#13537);
#4351=VERTEX_POINT('',#13541);
#4352=VERTEX_POINT('',#13543);
#4353=VERTEX_POINT('',#13547);
#4354=VERTEX_POINT('',#13549);
#4355=VERTEX_POINT('',#13556);
#4356=VERTEX_POINT('',#13557);
#4357=VERTEX_POINT('',#13559);
#4358=VERTEX_POINT('',#13561);
#4359=VERTEX_POINT('',#13565);
#4360=VERTEX_POINT('',#13567);
#4361=VERTEX_POINT('',#13571);
#4362=VERTEX_POINT('',#13573);
#4363=VERTEX_POINT('',#13580);
#4364=VERTEX_POINT('',#13581);
#4365=VERTEX_POINT('',#13583);
#4366=VERTEX_POINT('',#13585);
#4367=VERTEX_POINT('',#13589);
#4368=VERTEX_POINT('',#13591);
#4369=VERTEX_POINT('',#13595);
#4370=VERTEX_POINT('',#13597);
#4371=VERTEX_POINT('',#13604);
#4372=VERTEX_POINT('',#13605);
#4373=VERTEX_POINT('',#13607);
#4374=VERTEX_POINT('',#13609);
#4375=VERTEX_POINT('',#13613);
#4376=VERTEX_POINT('',#13615);
#4377=VERTEX_POINT('',#13619);
#4378=VERTEX_POINT('',#13621);
#4379=VERTEX_POINT('',#13628);
#4380=VERTEX_POINT('',#13629);
#4381=VERTEX_POINT('',#13631);
#4382=VERTEX_POINT('',#13633);
#4383=VERTEX_POINT('',#13637);
#4384=VERTEX_POINT('',#13639);
#4385=VERTEX_POINT('',#13643);
#4386=VERTEX_POINT('',#13645);
#4387=VERTEX_POINT('',#13652);
#4388=VERTEX_POINT('',#13653);
#4389=VERTEX_POINT('',#13655);
#4390=VERTEX_POINT('',#13657);
#4391=VERTEX_POINT('',#13661);
#4392=VERTEX_POINT('',#13663);
#4393=VERTEX_POINT('',#13667);
#4394=VERTEX_POINT('',#13669);
#4395=VERTEX_POINT('',#13676);
#4396=VERTEX_POINT('',#13677);
#4397=VERTEX_POINT('',#13679);
#4398=VERTEX_POINT('',#13681);
#4399=VERTEX_POINT('',#13685);
#4400=VERTEX_POINT('',#13687);
#4401=VERTEX_POINT('',#13691);
#4402=VERTEX_POINT('',#13693);
#4403=VERTEX_POINT('',#13700);
#4404=VERTEX_POINT('',#13701);
#4405=VERTEX_POINT('',#13703);
#4406=VERTEX_POINT('',#13705);
#4407=VERTEX_POINT('',#13709);
#4408=VERTEX_POINT('',#13711);
#4409=VERTEX_POINT('',#13715);
#4410=VERTEX_POINT('',#13717);
#4411=VERTEX_POINT('',#13724);
#4412=VERTEX_POINT('',#13725);
#4413=VERTEX_POINT('',#13727);
#4414=VERTEX_POINT('',#13729);
#4415=VERTEX_POINT('',#13733);
#4416=VERTEX_POINT('',#13735);
#4417=VERTEX_POINT('',#13739);
#4418=VERTEX_POINT('',#13741);
#4419=VERTEX_POINT('',#13748);
#4420=VERTEX_POINT('',#13749);
#4421=VERTEX_POINT('',#13751);
#4422=VERTEX_POINT('',#13753);
#4423=VERTEX_POINT('',#13757);
#4424=VERTEX_POINT('',#13759);
#4425=VERTEX_POINT('',#13763);
#4426=VERTEX_POINT('',#13765);
#4427=VERTEX_POINT('',#13772);
#4428=VERTEX_POINT('',#13773);
#4429=VERTEX_POINT('',#13775);
#4430=VERTEX_POINT('',#13777);
#4431=VERTEX_POINT('',#13781);
#4432=VERTEX_POINT('',#13783);
#4433=VERTEX_POINT('',#13787);
#4434=VERTEX_POINT('',#13789);
#4435=VERTEX_POINT('',#13796);
#4436=VERTEX_POINT('',#13797);
#4437=VERTEX_POINT('',#13799);
#4438=VERTEX_POINT('',#13801);
#4439=VERTEX_POINT('',#13805);
#4440=VERTEX_POINT('',#13807);
#4441=VERTEX_POINT('',#13811);
#4442=VERTEX_POINT('',#13813);
#4443=VERTEX_POINT('',#13820);
#4444=VERTEX_POINT('',#13821);
#4445=VERTEX_POINT('',#13823);
#4446=VERTEX_POINT('',#13825);
#4447=VERTEX_POINT('',#13829);
#4448=VERTEX_POINT('',#13831);
#4449=VERTEX_POINT('',#13835);
#4450=VERTEX_POINT('',#13837);
#4451=VERTEX_POINT('',#13844);
#4452=VERTEX_POINT('',#13845);
#4453=VERTEX_POINT('',#13847);
#4454=VERTEX_POINT('',#13849);
#4455=VERTEX_POINT('',#13853);
#4456=VERTEX_POINT('',#13855);
#4457=VERTEX_POINT('',#13859);
#4458=VERTEX_POINT('',#13861);
#4459=EDGE_CURVE('',#3651,#3652,#1227,.T.);
#4460=EDGE_CURVE('',#3652,#3653,#1228,.T.);
#4461=EDGE_CURVE('',#3654,#3653,#1229,.T.);
#4462=EDGE_CURVE('',#3651,#3654,#1230,.T.);
#4463=EDGE_CURVE('',#3655,#3651,#1231,.T.);
#4464=EDGE_CURVE('',#3656,#3654,#1232,.T.);
#4465=EDGE_CURVE('',#3655,#3656,#1233,.T.);
#4466=EDGE_CURVE('',#3657,#3655,#1234,.T.);
#4467=EDGE_CURVE('',#3658,#3656,#1235,.T.);
#4468=EDGE_CURVE('',#3657,#3658,#1236,.T.);
#4469=EDGE_CURVE('',#3652,#3657,#1237,.T.);
#4470=EDGE_CURVE('',#3653,#3658,#1238,.T.);
#4471=EDGE_CURVE('',#3659,#3660,#1239,.T.);
#4472=EDGE_CURVE('',#3660,#3661,#1240,.T.);
#4473=EDGE_CURVE('',#3662,#3661,#1241,.T.);
#4474=EDGE_CURVE('',#3659,#3662,#1242,.T.);
#4475=EDGE_CURVE('',#3663,#3659,#1243,.T.);
#4476=EDGE_CURVE('',#3664,#3662,#1244,.T.);
#4477=EDGE_CURVE('',#3663,#3664,#1245,.T.);
#4478=EDGE_CURVE('',#3665,#3663,#1246,.T.);
#4479=EDGE_CURVE('',#3666,#3664,#1247,.T.);
#4480=EDGE_CURVE('',#3665,#3666,#1248,.T.);
#4481=EDGE_CURVE('',#3660,#3665,#1249,.T.);
#4482=EDGE_CURVE('',#3661,#3666,#1250,.T.);
#4483=EDGE_CURVE('',#3667,#3668,#1251,.T.);
#4484=EDGE_CURVE('',#3668,#3669,#1252,.T.);
#4485=EDGE_CURVE('',#3670,#3669,#1253,.T.);
#4486=EDGE_CURVE('',#3667,#3670,#1254,.T.);
#4487=EDGE_CURVE('',#3671,#3667,#1255,.T.);
#4488=EDGE_CURVE('',#3672,#3670,#1256,.T.);
#4489=EDGE_CURVE('',#3671,#3672,#1257,.T.);
#4490=EDGE_CURVE('',#3673,#3671,#1258,.T.);
#4491=EDGE_CURVE('',#3674,#3672,#1259,.T.);
#4492=EDGE_CURVE('',#3673,#3674,#1260,.T.);
#4493=EDGE_CURVE('',#3668,#3673,#1261,.T.);
#4494=EDGE_CURVE('',#3669,#3674,#1262,.T.);
#4495=EDGE_CURVE('',#3675,#3676,#1263,.T.);
#4496=EDGE_CURVE('',#3676,#3677,#1264,.T.);
#4497=EDGE_CURVE('',#3678,#3677,#1265,.T.);
#4498=EDGE_CURVE('',#3675,#3678,#1266,.T.);
#4499=EDGE_CURVE('',#3679,#3675,#1267,.T.);
#4500=EDGE_CURVE('',#3680,#3678,#1268,.T.);
#4501=EDGE_CURVE('',#3679,#3680,#1269,.T.);
#4502=EDGE_CURVE('',#3681,#3679,#1270,.T.);
#4503=EDGE_CURVE('',#3682,#3680,#1271,.T.);
#4504=EDGE_CURVE('',#3681,#3682,#1272,.T.);
#4505=EDGE_CURVE('',#3676,#3681,#1273,.T.);
#4506=EDGE_CURVE('',#3677,#3682,#1274,.T.);
#4507=EDGE_CURVE('',#3683,#3684,#1275,.T.);
#4508=EDGE_CURVE('',#3684,#3685,#1276,.T.);
#4509=EDGE_CURVE('',#3686,#3685,#1277,.T.);
#4510=EDGE_CURVE('',#3683,#3686,#1278,.T.);
#4511=EDGE_CURVE('',#3687,#3683,#1279,.T.);
#4512=EDGE_CURVE('',#3688,#3686,#1280,.T.);
#4513=EDGE_CURVE('',#3687,#3688,#1281,.T.);
#4514=EDGE_CURVE('',#3689,#3687,#1282,.T.);
#4515=EDGE_CURVE('',#3690,#3688,#1283,.T.);
#4516=EDGE_CURVE('',#3689,#3690,#1284,.T.);
#4517=EDGE_CURVE('',#3684,#3689,#1285,.T.);
#4518=EDGE_CURVE('',#3685,#3690,#1286,.T.);
#4519=EDGE_CURVE('',#3691,#3692,#1287,.T.);
#4520=EDGE_CURVE('',#3692,#3693,#1288,.T.);
#4521=EDGE_CURVE('',#3694,#3693,#1289,.T.);
#4522=EDGE_CURVE('',#3691,#3694,#1290,.T.);
#4523=EDGE_CURVE('',#3695,#3691,#1291,.T.);
#4524=EDGE_CURVE('',#3696,#3694,#1292,.T.);
#4525=EDGE_CURVE('',#3695,#3696,#1293,.T.);
#4526=EDGE_CURVE('',#3697,#3695,#1294,.T.);
#4527=EDGE_CURVE('',#3698,#3696,#1295,.T.);
#4528=EDGE_CURVE('',#3697,#3698,#1296,.T.);
#4529=EDGE_CURVE('',#3692,#3697,#1297,.T.);
#4530=EDGE_CURVE('',#3693,#3698,#1298,.T.);
#4531=EDGE_CURVE('',#3699,#3700,#1299,.T.);
#4532=EDGE_CURVE('',#3700,#3701,#1300,.T.);
#4533=EDGE_CURVE('',#3702,#3701,#1301,.T.);
#4534=EDGE_CURVE('',#3699,#3702,#1302,.T.);
#4535=EDGE_CURVE('',#3703,#3699,#1303,.T.);
#4536=EDGE_CURVE('',#3704,#3702,#1304,.T.);
#4537=EDGE_CURVE('',#3703,#3704,#1305,.T.);
#4538=EDGE_CURVE('',#3705,#3703,#1306,.T.);
#4539=EDGE_CURVE('',#3706,#3704,#1307,.T.);
#4540=EDGE_CURVE('',#3705,#3706,#1308,.T.);
#4541=EDGE_CURVE('',#3700,#3705,#1309,.T.);
#4542=EDGE_CURVE('',#3701,#3706,#1310,.T.);
#4543=EDGE_CURVE('',#3707,#3708,#1311,.T.);
#4544=EDGE_CURVE('',#3708,#3709,#1312,.T.);
#4545=EDGE_CURVE('',#3710,#3709,#1313,.T.);
#4546=EDGE_CURVE('',#3707,#3710,#1314,.T.);
#4547=EDGE_CURVE('',#3711,#3707,#1315,.T.);
#4548=EDGE_CURVE('',#3712,#3710,#1316,.T.);
#4549=EDGE_CURVE('',#3711,#3712,#1317,.T.);
#4550=EDGE_CURVE('',#3713,#3711,#1318,.T.);
#4551=EDGE_CURVE('',#3714,#3712,#1319,.T.);
#4552=EDGE_CURVE('',#3713,#3714,#1320,.T.);
#4553=EDGE_CURVE('',#3708,#3713,#1321,.T.);
#4554=EDGE_CURVE('',#3709,#3714,#1322,.T.);
#4555=EDGE_CURVE('',#3715,#3716,#1323,.T.);
#4556=EDGE_CURVE('',#3716,#3717,#1324,.T.);
#4557=EDGE_CURVE('',#3718,#3717,#1325,.T.);
#4558=EDGE_CURVE('',#3715,#3718,#1326,.T.);
#4559=EDGE_CURVE('',#3719,#3715,#1327,.T.);
#4560=EDGE_CURVE('',#3720,#3718,#1328,.T.);
#4561=EDGE_CURVE('',#3719,#3720,#1329,.T.);
#4562=EDGE_CURVE('',#3721,#3719,#1330,.T.);
#4563=EDGE_CURVE('',#3722,#3720,#1331,.T.);
#4564=EDGE_CURVE('',#3721,#3722,#1332,.T.);
#4565=EDGE_CURVE('',#3716,#3721,#1333,.T.);
#4566=EDGE_CURVE('',#3717,#3722,#1334,.T.);
#4567=EDGE_CURVE('',#3723,#3724,#1335,.T.);
#4568=EDGE_CURVE('',#3724,#3725,#1336,.T.);
#4569=EDGE_CURVE('',#3726,#3725,#1337,.T.);
#4570=EDGE_CURVE('',#3723,#3726,#1338,.T.);
#4571=EDGE_CURVE('',#3727,#3723,#1339,.T.);
#4572=EDGE_CURVE('',#3728,#3726,#1340,.T.);
#4573=EDGE_CURVE('',#3727,#3728,#1341,.T.);
#4574=EDGE_CURVE('',#3729,#3727,#1342,.T.);
#4575=EDGE_CURVE('',#3730,#3728,#1343,.T.);
#4576=EDGE_CURVE('',#3729,#3730,#1344,.T.);
#4577=EDGE_CURVE('',#3724,#3729,#1345,.T.);
#4578=EDGE_CURVE('',#3725,#3730,#1346,.T.);
#4579=EDGE_CURVE('',#3731,#3732,#1347,.T.);
#4580=EDGE_CURVE('',#3732,#3733,#1348,.T.);
#4581=EDGE_CURVE('',#3734,#3733,#1349,.T.);
#4582=EDGE_CURVE('',#3731,#3734,#1350,.T.);
#4583=EDGE_CURVE('',#3735,#3731,#1351,.T.);
#4584=EDGE_CURVE('',#3736,#3734,#1352,.T.);
#4585=EDGE_CURVE('',#3735,#3736,#1353,.T.);
#4586=EDGE_CURVE('',#3737,#3735,#1354,.T.);
#4587=EDGE_CURVE('',#3738,#3736,#1355,.T.);
#4588=EDGE_CURVE('',#3737,#3738,#1356,.T.);
#4589=EDGE_CURVE('',#3732,#3737,#1357,.T.);
#4590=EDGE_CURVE('',#3733,#3738,#1358,.T.);
#4591=EDGE_CURVE('',#3739,#3740,#1359,.T.);
#4592=EDGE_CURVE('',#3740,#3741,#1360,.T.);
#4593=EDGE_CURVE('',#3742,#3741,#1361,.T.);
#4594=EDGE_CURVE('',#3739,#3742,#1362,.T.);
#4595=EDGE_CURVE('',#3743,#3739,#1363,.T.);
#4596=EDGE_CURVE('',#3744,#3742,#1364,.T.);
#4597=EDGE_CURVE('',#3743,#3744,#1365,.T.);
#4598=EDGE_CURVE('',#3745,#3743,#1366,.T.);
#4599=EDGE_CURVE('',#3746,#3744,#1367,.T.);
#4600=EDGE_CURVE('',#3745,#3746,#1368,.T.);
#4601=EDGE_CURVE('',#3740,#3745,#1369,.T.);
#4602=EDGE_CURVE('',#3741,#3746,#1370,.T.);
#4603=EDGE_CURVE('',#3747,#3748,#1371,.T.);
#4604=EDGE_CURVE('',#3748,#3749,#1372,.T.);
#4605=EDGE_CURVE('',#3750,#3749,#1373,.T.);
#4606=EDGE_CURVE('',#3747,#3750,#1374,.T.);
#4607=EDGE_CURVE('',#3751,#3747,#1375,.T.);
#4608=EDGE_CURVE('',#3752,#3750,#1376,.T.);
#4609=EDGE_CURVE('',#3751,#3752,#1377,.T.);
#4610=EDGE_CURVE('',#3753,#3751,#1378,.T.);
#4611=EDGE_CURVE('',#3754,#3752,#1379,.T.);
#4612=EDGE_CURVE('',#3753,#3754,#1380,.T.);
#4613=EDGE_CURVE('',#3748,#3753,#1381,.T.);
#4614=EDGE_CURVE('',#3749,#3754,#1382,.T.);
#4615=EDGE_CURVE('',#3755,#3756,#1383,.T.);
#4616=EDGE_CURVE('',#3756,#3757,#1384,.T.);
#4617=EDGE_CURVE('',#3758,#3757,#1385,.T.);
#4618=EDGE_CURVE('',#3755,#3758,#1386,.T.);
#4619=EDGE_CURVE('',#3759,#3755,#1387,.T.);
#4620=EDGE_CURVE('',#3760,#3758,#1388,.T.);
#4621=EDGE_CURVE('',#3759,#3760,#1389,.T.);
#4622=EDGE_CURVE('',#3761,#3759,#1390,.T.);
#4623=EDGE_CURVE('',#3762,#3760,#1391,.T.);
#4624=EDGE_CURVE('',#3761,#3762,#1392,.T.);
#4625=EDGE_CURVE('',#3756,#3761,#1393,.T.);
#4626=EDGE_CURVE('',#3757,#3762,#1394,.T.);
#4627=EDGE_CURVE('',#3763,#3764,#1395,.T.);
#4628=EDGE_CURVE('',#3764,#3765,#1396,.T.);
#4629=EDGE_CURVE('',#3766,#3765,#1397,.T.);
#4630=EDGE_CURVE('',#3763,#3766,#1398,.T.);
#4631=EDGE_CURVE('',#3767,#3763,#1399,.T.);
#4632=EDGE_CURVE('',#3768,#3766,#1400,.T.);
#4633=EDGE_CURVE('',#3767,#3768,#1401,.T.);
#4634=EDGE_CURVE('',#3769,#3767,#1402,.T.);
#4635=EDGE_CURVE('',#3770,#3768,#1403,.T.);
#4636=EDGE_CURVE('',#3769,#3770,#1404,.T.);
#4637=EDGE_CURVE('',#3764,#3769,#1405,.T.);
#4638=EDGE_CURVE('',#3765,#3770,#1406,.T.);
#4639=EDGE_CURVE('',#3771,#3772,#1407,.T.);
#4640=EDGE_CURVE('',#3772,#3773,#1408,.T.);
#4641=EDGE_CURVE('',#3774,#3773,#1409,.T.);
#4642=EDGE_CURVE('',#3771,#3774,#1410,.T.);
#4643=EDGE_CURVE('',#3775,#3771,#1411,.T.);
#4644=EDGE_CURVE('',#3776,#3774,#1412,.T.);
#4645=EDGE_CURVE('',#3775,#3776,#1413,.T.);
#4646=EDGE_CURVE('',#3777,#3775,#1414,.T.);
#4647=EDGE_CURVE('',#3778,#3776,#1415,.T.);
#4648=EDGE_CURVE('',#3777,#3778,#1416,.T.);
#4649=EDGE_CURVE('',#3772,#3777,#1417,.T.);
#4650=EDGE_CURVE('',#3773,#3778,#1418,.T.);
#4651=EDGE_CURVE('',#3779,#3780,#1419,.T.);
#4652=EDGE_CURVE('',#3780,#3781,#1420,.T.);
#4653=EDGE_CURVE('',#3782,#3781,#1421,.T.);
#4654=EDGE_CURVE('',#3779,#3782,#1422,.T.);
#4655=EDGE_CURVE('',#3783,#3779,#1423,.T.);
#4656=EDGE_CURVE('',#3784,#3782,#1424,.T.);
#4657=EDGE_CURVE('',#3783,#3784,#1425,.T.);
#4658=EDGE_CURVE('',#3785,#3783,#1426,.T.);
#4659=EDGE_CURVE('',#3786,#3784,#1427,.T.);
#4660=EDGE_CURVE('',#3785,#3786,#1428,.T.);
#4661=EDGE_CURVE('',#3780,#3785,#1429,.T.);
#4662=EDGE_CURVE('',#3781,#3786,#1430,.T.);
#4663=EDGE_CURVE('',#3787,#3788,#1431,.T.);
#4664=EDGE_CURVE('',#3788,#3789,#1432,.T.);
#4665=EDGE_CURVE('',#3790,#3789,#1433,.T.);
#4666=EDGE_CURVE('',#3787,#3790,#1434,.T.);
#4667=EDGE_CURVE('',#3791,#3787,#1435,.T.);
#4668=EDGE_CURVE('',#3792,#3790,#1436,.T.);
#4669=EDGE_CURVE('',#3791,#3792,#1437,.T.);
#4670=EDGE_CURVE('',#3793,#3791,#1438,.T.);
#4671=EDGE_CURVE('',#3794,#3792,#1439,.T.);
#4672=EDGE_CURVE('',#3793,#3794,#1440,.T.);
#4673=EDGE_CURVE('',#3788,#3793,#1441,.T.);
#4674=EDGE_CURVE('',#3789,#3794,#1442,.T.);
#4675=EDGE_CURVE('',#3795,#3796,#1443,.T.);
#4676=EDGE_CURVE('',#3796,#3797,#1444,.T.);
#4677=EDGE_CURVE('',#3798,#3797,#1445,.T.);
#4678=EDGE_CURVE('',#3795,#3798,#1446,.T.);
#4679=EDGE_CURVE('',#3799,#3795,#1447,.T.);
#4680=EDGE_CURVE('',#3800,#3798,#1448,.T.);
#4681=EDGE_CURVE('',#3799,#3800,#1449,.T.);
#4682=EDGE_CURVE('',#3801,#3799,#1450,.T.);
#4683=EDGE_CURVE('',#3802,#3800,#1451,.T.);
#4684=EDGE_CURVE('',#3801,#3802,#1452,.T.);
#4685=EDGE_CURVE('',#3796,#3801,#1453,.T.);
#4686=EDGE_CURVE('',#3797,#3802,#1454,.T.);
#4687=EDGE_CURVE('',#3803,#3804,#1455,.T.);
#4688=EDGE_CURVE('',#3804,#3805,#1456,.T.);
#4689=EDGE_CURVE('',#3806,#3805,#1457,.T.);
#4690=EDGE_CURVE('',#3803,#3806,#1458,.T.);
#4691=EDGE_CURVE('',#3807,#3803,#1459,.T.);
#4692=EDGE_CURVE('',#3808,#3806,#1460,.T.);
#4693=EDGE_CURVE('',#3807,#3808,#1461,.T.);
#4694=EDGE_CURVE('',#3809,#3807,#1462,.T.);
#4695=EDGE_CURVE('',#3810,#3808,#1463,.T.);
#4696=EDGE_CURVE('',#3809,#3810,#1464,.T.);
#4697=EDGE_CURVE('',#3804,#3809,#1465,.T.);
#4698=EDGE_CURVE('',#3805,#3810,#1466,.T.);
#4699=EDGE_CURVE('',#3811,#3812,#1467,.T.);
#4700=EDGE_CURVE('',#3812,#3813,#1468,.T.);
#4701=EDGE_CURVE('',#3814,#3813,#1469,.T.);
#4702=EDGE_CURVE('',#3811,#3814,#1470,.T.);
#4703=EDGE_CURVE('',#3815,#3811,#1471,.T.);
#4704=EDGE_CURVE('',#3816,#3814,#1472,.T.);
#4705=EDGE_CURVE('',#3815,#3816,#1473,.T.);
#4706=EDGE_CURVE('',#3817,#3815,#1474,.T.);
#4707=EDGE_CURVE('',#3818,#3816,#1475,.T.);
#4708=EDGE_CURVE('',#3817,#3818,#1476,.T.);
#4709=EDGE_CURVE('',#3812,#3817,#1477,.T.);
#4710=EDGE_CURVE('',#3813,#3818,#1478,.T.);
#4711=EDGE_CURVE('',#3819,#3820,#1479,.T.);
#4712=EDGE_CURVE('',#3820,#3821,#1480,.T.);
#4713=EDGE_CURVE('',#3822,#3821,#1481,.T.);
#4714=EDGE_CURVE('',#3819,#3822,#1482,.T.);
#4715=EDGE_CURVE('',#3823,#3819,#1483,.T.);
#4716=EDGE_CURVE('',#3824,#3822,#1484,.T.);
#4717=EDGE_CURVE('',#3823,#3824,#1485,.T.);
#4718=EDGE_CURVE('',#3825,#3823,#1486,.T.);
#4719=EDGE_CURVE('',#3826,#3824,#1487,.T.);
#4720=EDGE_CURVE('',#3825,#3826,#1488,.T.);
#4721=EDGE_CURVE('',#3820,#3825,#1489,.T.);
#4722=EDGE_CURVE('',#3821,#3826,#1490,.T.);
#4723=EDGE_CURVE('',#3827,#3828,#1491,.T.);
#4724=EDGE_CURVE('',#3828,#3829,#1492,.T.);
#4725=EDGE_CURVE('',#3830,#3829,#1493,.T.);
#4726=EDGE_CURVE('',#3827,#3830,#1494,.T.);
#4727=EDGE_CURVE('',#3831,#3827,#1495,.T.);
#4728=EDGE_CURVE('',#3832,#3830,#1496,.T.);
#4729=EDGE_CURVE('',#3831,#3832,#1497,.T.);
#4730=EDGE_CURVE('',#3833,#3831,#1498,.T.);
#4731=EDGE_CURVE('',#3834,#3832,#1499,.T.);
#4732=EDGE_CURVE('',#3833,#3834,#1500,.T.);
#4733=EDGE_CURVE('',#3828,#3833,#1501,.T.);
#4734=EDGE_CURVE('',#3829,#3834,#1502,.T.);
#4735=EDGE_CURVE('',#3835,#3836,#1503,.T.);
#4736=EDGE_CURVE('',#3836,#3837,#1504,.T.);
#4737=EDGE_CURVE('',#3838,#3837,#1505,.T.);
#4738=EDGE_CURVE('',#3835,#3838,#1506,.T.);
#4739=EDGE_CURVE('',#3839,#3835,#1507,.T.);
#4740=EDGE_CURVE('',#3840,#3838,#1508,.T.);
#4741=EDGE_CURVE('',#3839,#3840,#1509,.T.);
#4742=EDGE_CURVE('',#3841,#3839,#1510,.T.);
#4743=EDGE_CURVE('',#3842,#3840,#1511,.T.);
#4744=EDGE_CURVE('',#3841,#3842,#1512,.T.);
#4745=EDGE_CURVE('',#3836,#3841,#1513,.T.);
#4746=EDGE_CURVE('',#3837,#3842,#1514,.T.);
#4747=EDGE_CURVE('',#3843,#3844,#1515,.T.);
#4748=EDGE_CURVE('',#3844,#3845,#1516,.T.);
#4749=EDGE_CURVE('',#3846,#3845,#1517,.T.);
#4750=EDGE_CURVE('',#3843,#3846,#1518,.T.);
#4751=EDGE_CURVE('',#3847,#3843,#1519,.T.);
#4752=EDGE_CURVE('',#3848,#3846,#1520,.T.);
#4753=EDGE_CURVE('',#3847,#3848,#1521,.T.);
#4754=EDGE_CURVE('',#3849,#3847,#1522,.T.);
#4755=EDGE_CURVE('',#3850,#3848,#1523,.T.);
#4756=EDGE_CURVE('',#3849,#3850,#1524,.T.);
#4757=EDGE_CURVE('',#3844,#3849,#1525,.T.);
#4758=EDGE_CURVE('',#3845,#3850,#1526,.T.);
#4759=EDGE_CURVE('',#3851,#3852,#1527,.T.);
#4760=EDGE_CURVE('',#3852,#3853,#1528,.T.);
#4761=EDGE_CURVE('',#3854,#3853,#1529,.T.);
#4762=EDGE_CURVE('',#3851,#3854,#1530,.T.);
#4763=EDGE_CURVE('',#3855,#3851,#1531,.T.);
#4764=EDGE_CURVE('',#3856,#3854,#1532,.T.);
#4765=EDGE_CURVE('',#3855,#3856,#1533,.T.);
#4766=EDGE_CURVE('',#3857,#3855,#1534,.T.);
#4767=EDGE_CURVE('',#3858,#3856,#1535,.T.);
#4768=EDGE_CURVE('',#3857,#3858,#1536,.T.);
#4769=EDGE_CURVE('',#3852,#3857,#1537,.T.);
#4770=EDGE_CURVE('',#3853,#3858,#1538,.T.);
#4771=EDGE_CURVE('',#3859,#3860,#1539,.T.);
#4772=EDGE_CURVE('',#3860,#3861,#1540,.T.);
#4773=EDGE_CURVE('',#3862,#3861,#1541,.T.);
#4774=EDGE_CURVE('',#3859,#3862,#1542,.T.);
#4775=EDGE_CURVE('',#3863,#3859,#1543,.T.);
#4776=EDGE_CURVE('',#3864,#3862,#1544,.T.);
#4777=EDGE_CURVE('',#3863,#3864,#1545,.T.);
#4778=EDGE_CURVE('',#3865,#3863,#1546,.T.);
#4779=EDGE_CURVE('',#3866,#3864,#1547,.T.);
#4780=EDGE_CURVE('',#3865,#3866,#1548,.T.);
#4781=EDGE_CURVE('',#3860,#3865,#1549,.T.);
#4782=EDGE_CURVE('',#3861,#3866,#1550,.T.);
#4783=EDGE_CURVE('',#3867,#3868,#1551,.T.);
#4784=EDGE_CURVE('',#3868,#3869,#1552,.T.);
#4785=EDGE_CURVE('',#3870,#3869,#1553,.T.);
#4786=EDGE_CURVE('',#3867,#3870,#1554,.T.);
#4787=EDGE_CURVE('',#3871,#3867,#1555,.T.);
#4788=EDGE_CURVE('',#3872,#3870,#1556,.T.);
#4789=EDGE_CURVE('',#3871,#3872,#1557,.T.);
#4790=EDGE_CURVE('',#3873,#3871,#1558,.T.);
#4791=EDGE_CURVE('',#3874,#3872,#1559,.T.);
#4792=EDGE_CURVE('',#3873,#3874,#1560,.T.);
#4793=EDGE_CURVE('',#3868,#3873,#1561,.T.);
#4794=EDGE_CURVE('',#3869,#3874,#1562,.T.);
#4795=EDGE_CURVE('',#3875,#3876,#1563,.T.);
#4796=EDGE_CURVE('',#3876,#3877,#1564,.T.);
#4797=EDGE_CURVE('',#3878,#3877,#1565,.T.);
#4798=EDGE_CURVE('',#3875,#3878,#1566,.T.);
#4799=EDGE_CURVE('',#3879,#3875,#1567,.T.);
#4800=EDGE_CURVE('',#3880,#3878,#1568,.T.);
#4801=EDGE_CURVE('',#3879,#3880,#1569,.T.);
#4802=EDGE_CURVE('',#3881,#3879,#1570,.T.);
#4803=EDGE_CURVE('',#3882,#3880,#1571,.T.);
#4804=EDGE_CURVE('',#3881,#3882,#1572,.T.);
#4805=EDGE_CURVE('',#3876,#3881,#1573,.T.);
#4806=EDGE_CURVE('',#3877,#3882,#1574,.T.);
#4807=EDGE_CURVE('',#3883,#3884,#1575,.T.);
#4808=EDGE_CURVE('',#3884,#3885,#1576,.T.);
#4809=EDGE_CURVE('',#3886,#3885,#1577,.T.);
#4810=EDGE_CURVE('',#3883,#3886,#1578,.T.);
#4811=EDGE_CURVE('',#3887,#3883,#1579,.T.);
#4812=EDGE_CURVE('',#3888,#3886,#1580,.T.);
#4813=EDGE_CURVE('',#3887,#3888,#1581,.T.);
#4814=EDGE_CURVE('',#3889,#3887,#1582,.T.);
#4815=EDGE_CURVE('',#3890,#3888,#1583,.T.);
#4816=EDGE_CURVE('',#3889,#3890,#1584,.T.);
#4817=EDGE_CURVE('',#3884,#3889,#1585,.T.);
#4818=EDGE_CURVE('',#3885,#3890,#1586,.T.);
#4819=EDGE_CURVE('',#3891,#3892,#1587,.T.);
#4820=EDGE_CURVE('',#3892,#3893,#1588,.T.);
#4821=EDGE_CURVE('',#3894,#3893,#1589,.T.);
#4822=EDGE_CURVE('',#3891,#3894,#1590,.T.);
#4823=EDGE_CURVE('',#3895,#3891,#1591,.T.);
#4824=EDGE_CURVE('',#3896,#3894,#1592,.T.);
#4825=EDGE_CURVE('',#3895,#3896,#1593,.T.);
#4826=EDGE_CURVE('',#3897,#3895,#1594,.T.);
#4827=EDGE_CURVE('',#3898,#3896,#1595,.T.);
#4828=EDGE_CURVE('',#3897,#3898,#1596,.T.);
#4829=EDGE_CURVE('',#3892,#3897,#1597,.T.);
#4830=EDGE_CURVE('',#3893,#3898,#1598,.T.);
#4831=EDGE_CURVE('',#3899,#3900,#1599,.T.);
#4832=EDGE_CURVE('',#3900,#3901,#1600,.T.);
#4833=EDGE_CURVE('',#3902,#3901,#1601,.T.);
#4834=EDGE_CURVE('',#3899,#3902,#1602,.T.);
#4835=EDGE_CURVE('',#3903,#3899,#1603,.T.);
#4836=EDGE_CURVE('',#3904,#3902,#1604,.T.);
#4837=EDGE_CURVE('',#3903,#3904,#1605,.T.);
#4838=EDGE_CURVE('',#3905,#3903,#1606,.T.);
#4839=EDGE_CURVE('',#3906,#3904,#1607,.T.);
#4840=EDGE_CURVE('',#3905,#3906,#1608,.T.);
#4841=EDGE_CURVE('',#3900,#3905,#1609,.T.);
#4842=EDGE_CURVE('',#3901,#3906,#1610,.T.);
#4843=EDGE_CURVE('',#3907,#3908,#1611,.T.);
#4844=EDGE_CURVE('',#3908,#3909,#1612,.T.);
#4845=EDGE_CURVE('',#3910,#3909,#1613,.T.);
#4846=EDGE_CURVE('',#3907,#3910,#1614,.T.);
#4847=EDGE_CURVE('',#3911,#3907,#1615,.T.);
#4848=EDGE_CURVE('',#3912,#3910,#1616,.T.);
#4849=EDGE_CURVE('',#3911,#3912,#1617,.T.);
#4850=EDGE_CURVE('',#3913,#3911,#1618,.T.);
#4851=EDGE_CURVE('',#3914,#3912,#1619,.T.);
#4852=EDGE_CURVE('',#3913,#3914,#1620,.T.);
#4853=EDGE_CURVE('',#3908,#3913,#1621,.T.);
#4854=EDGE_CURVE('',#3909,#3914,#1622,.T.);
#4855=EDGE_CURVE('',#3915,#3916,#1623,.T.);
#4856=EDGE_CURVE('',#3916,#3917,#1624,.T.);
#4857=EDGE_CURVE('',#3918,#3917,#1625,.T.);
#4858=EDGE_CURVE('',#3915,#3918,#1626,.T.);
#4859=EDGE_CURVE('',#3919,#3915,#1627,.T.);
#4860=EDGE_CURVE('',#3920,#3918,#1628,.T.);
#4861=EDGE_CURVE('',#3919,#3920,#1629,.T.);
#4862=EDGE_CURVE('',#3921,#3919,#1630,.T.);
#4863=EDGE_CURVE('',#3922,#3920,#1631,.T.);
#4864=EDGE_CURVE('',#3921,#3922,#1632,.T.);
#4865=EDGE_CURVE('',#3916,#3921,#1633,.T.);
#4866=EDGE_CURVE('',#3917,#3922,#1634,.T.);
#4867=EDGE_CURVE('',#3923,#3924,#1635,.T.);
#4868=EDGE_CURVE('',#3924,#3925,#1636,.T.);
#4869=EDGE_CURVE('',#3926,#3925,#1637,.T.);
#4870=EDGE_CURVE('',#3923,#3926,#1638,.T.);
#4871=EDGE_CURVE('',#3927,#3923,#1639,.T.);
#4872=EDGE_CURVE('',#3928,#3926,#1640,.T.);
#4873=EDGE_CURVE('',#3927,#3928,#1641,.T.);
#4874=EDGE_CURVE('',#3929,#3927,#1642,.T.);
#4875=EDGE_CURVE('',#3930,#3928,#1643,.T.);
#4876=EDGE_CURVE('',#3929,#3930,#1644,.T.);
#4877=EDGE_CURVE('',#3924,#3929,#1645,.T.);
#4878=EDGE_CURVE('',#3925,#3930,#1646,.T.);
#4879=EDGE_CURVE('',#3931,#3932,#1647,.T.);
#4880=EDGE_CURVE('',#3932,#3933,#1648,.T.);
#4881=EDGE_CURVE('',#3934,#3933,#1649,.T.);
#4882=EDGE_CURVE('',#3931,#3934,#1650,.T.);
#4883=EDGE_CURVE('',#3935,#3931,#1651,.T.);
#4884=EDGE_CURVE('',#3936,#3934,#1652,.T.);
#4885=EDGE_CURVE('',#3935,#3936,#1653,.T.);
#4886=EDGE_CURVE('',#3937,#3935,#1654,.T.);
#4887=EDGE_CURVE('',#3938,#3936,#1655,.T.);
#4888=EDGE_CURVE('',#3937,#3938,#1656,.T.);
#4889=EDGE_CURVE('',#3932,#3937,#1657,.T.);
#4890=EDGE_CURVE('',#3933,#3938,#1658,.T.);
#4891=EDGE_CURVE('',#3939,#3940,#1659,.T.);
#4892=EDGE_CURVE('',#3940,#3941,#1660,.T.);
#4893=EDGE_CURVE('',#3942,#3941,#1661,.T.);
#4894=EDGE_CURVE('',#3939,#3942,#1662,.T.);
#4895=EDGE_CURVE('',#3943,#3939,#1663,.T.);
#4896=EDGE_CURVE('',#3944,#3942,#1664,.T.);
#4897=EDGE_CURVE('',#3943,#3944,#1665,.T.);
#4898=EDGE_CURVE('',#3945,#3943,#1666,.T.);
#4899=EDGE_CURVE('',#3946,#3944,#1667,.T.);
#4900=EDGE_CURVE('',#3945,#3946,#1668,.T.);
#4901=EDGE_CURVE('',#3940,#3945,#1669,.T.);
#4902=EDGE_CURVE('',#3941,#3946,#1670,.T.);
#4903=EDGE_CURVE('',#3947,#3948,#1671,.T.);
#4904=EDGE_CURVE('',#3948,#3949,#1672,.T.);
#4905=EDGE_CURVE('',#3950,#3949,#1673,.T.);
#4906=EDGE_CURVE('',#3947,#3950,#1674,.T.);
#4907=EDGE_CURVE('',#3951,#3947,#1675,.T.);
#4908=EDGE_CURVE('',#3952,#3950,#1676,.T.);
#4909=EDGE_CURVE('',#3951,#3952,#1677,.T.);
#4910=EDGE_CURVE('',#3953,#3951,#1678,.T.);
#4911=EDGE_CURVE('',#3954,#3952,#1679,.T.);
#4912=EDGE_CURVE('',#3953,#3954,#1680,.T.);
#4913=EDGE_CURVE('',#3948,#3953,#1681,.T.);
#4914=EDGE_CURVE('',#3949,#3954,#1682,.T.);
#4915=EDGE_CURVE('',#3955,#3956,#1683,.T.);
#4916=EDGE_CURVE('',#3956,#3957,#1684,.T.);
#4917=EDGE_CURVE('',#3958,#3957,#1685,.T.);
#4918=EDGE_CURVE('',#3955,#3958,#1686,.T.);
#4919=EDGE_CURVE('',#3959,#3955,#1687,.T.);
#4920=EDGE_CURVE('',#3960,#3958,#1688,.T.);
#4921=EDGE_CURVE('',#3959,#3960,#1689,.T.);
#4922=EDGE_CURVE('',#3961,#3959,#1690,.T.);
#4923=EDGE_CURVE('',#3962,#3960,#1691,.T.);
#4924=EDGE_CURVE('',#3961,#3962,#1692,.T.);
#4925=EDGE_CURVE('',#3956,#3961,#1693,.T.);
#4926=EDGE_CURVE('',#3957,#3962,#1694,.T.);
#4927=EDGE_CURVE('',#3963,#3964,#1695,.T.);
#4928=EDGE_CURVE('',#3964,#3965,#1696,.T.);
#4929=EDGE_CURVE('',#3966,#3965,#1697,.T.);
#4930=EDGE_CURVE('',#3963,#3966,#1698,.T.);
#4931=EDGE_CURVE('',#3967,#3963,#1699,.T.);
#4932=EDGE_CURVE('',#3968,#3966,#1700,.T.);
#4933=EDGE_CURVE('',#3967,#3968,#1701,.T.);
#4934=EDGE_CURVE('',#3969,#3967,#1702,.T.);
#4935=EDGE_CURVE('',#3970,#3968,#1703,.T.);
#4936=EDGE_CURVE('',#3969,#3970,#1704,.T.);
#4937=EDGE_CURVE('',#3964,#3969,#1705,.T.);
#4938=EDGE_CURVE('',#3965,#3970,#1706,.T.);
#4939=EDGE_CURVE('',#3971,#3972,#1707,.T.);
#4940=EDGE_CURVE('',#3972,#3973,#1708,.T.);
#4941=EDGE_CURVE('',#3974,#3973,#1709,.T.);
#4942=EDGE_CURVE('',#3971,#3974,#1710,.T.);
#4943=EDGE_CURVE('',#3975,#3971,#1711,.T.);
#4944=EDGE_CURVE('',#3976,#3974,#1712,.T.);
#4945=EDGE_CURVE('',#3975,#3976,#1713,.T.);
#4946=EDGE_CURVE('',#3977,#3975,#1714,.T.);
#4947=EDGE_CURVE('',#3978,#3976,#1715,.T.);
#4948=EDGE_CURVE('',#3977,#3978,#1716,.T.);
#4949=EDGE_CURVE('',#3972,#3977,#1717,.T.);
#4950=EDGE_CURVE('',#3973,#3978,#1718,.T.);
#4951=EDGE_CURVE('',#3979,#3980,#1719,.T.);
#4952=EDGE_CURVE('',#3980,#3981,#1720,.T.);
#4953=EDGE_CURVE('',#3982,#3981,#1721,.T.);
#4954=EDGE_CURVE('',#3979,#3982,#1722,.T.);
#4955=EDGE_CURVE('',#3983,#3979,#1723,.T.);
#4956=EDGE_CURVE('',#3984,#3982,#1724,.T.);
#4957=EDGE_CURVE('',#3983,#3984,#1725,.T.);
#4958=EDGE_CURVE('',#3985,#3983,#1726,.T.);
#4959=EDGE_CURVE('',#3986,#3984,#1727,.T.);
#4960=EDGE_CURVE('',#3985,#3986,#1728,.T.);
#4961=EDGE_CURVE('',#3980,#3985,#1729,.T.);
#4962=EDGE_CURVE('',#3981,#3986,#1730,.T.);
#4963=EDGE_CURVE('',#3987,#3988,#1731,.T.);
#4964=EDGE_CURVE('',#3988,#3989,#1732,.T.);
#4965=EDGE_CURVE('',#3990,#3989,#1733,.T.);
#4966=EDGE_CURVE('',#3987,#3990,#1734,.T.);
#4967=EDGE_CURVE('',#3991,#3987,#1735,.T.);
#4968=EDGE_CURVE('',#3992,#3990,#1736,.T.);
#4969=EDGE_CURVE('',#3991,#3992,#1737,.T.);
#4970=EDGE_CURVE('',#3993,#3991,#1738,.T.);
#4971=EDGE_CURVE('',#3994,#3992,#1739,.T.);
#4972=EDGE_CURVE('',#3993,#3994,#1740,.T.);
#4973=EDGE_CURVE('',#3988,#3993,#1741,.T.);
#4974=EDGE_CURVE('',#3989,#3994,#1742,.T.);
#4975=EDGE_CURVE('',#3995,#3996,#1743,.T.);
#4976=EDGE_CURVE('',#3996,#3997,#1744,.T.);
#4977=EDGE_CURVE('',#3998,#3997,#1745,.T.);
#4978=EDGE_CURVE('',#3995,#3998,#1746,.T.);
#4979=EDGE_CURVE('',#3999,#3995,#1747,.T.);
#4980=EDGE_CURVE('',#4000,#3998,#1748,.T.);
#4981=EDGE_CURVE('',#3999,#4000,#1749,.T.);
#4982=EDGE_CURVE('',#4001,#3999,#1750,.T.);
#4983=EDGE_CURVE('',#4002,#4000,#1751,.T.);
#4984=EDGE_CURVE('',#4001,#4002,#1752,.T.);
#4985=EDGE_CURVE('',#3996,#4001,#1753,.T.);
#4986=EDGE_CURVE('',#3997,#4002,#1754,.T.);
#4987=EDGE_CURVE('',#4003,#4004,#1755,.T.);
#4988=EDGE_CURVE('',#4004,#4005,#1756,.T.);
#4989=EDGE_CURVE('',#4006,#4005,#1757,.T.);
#4990=EDGE_CURVE('',#4003,#4006,#1758,.T.);
#4991=EDGE_CURVE('',#4007,#4003,#1759,.T.);
#4992=EDGE_CURVE('',#4008,#4006,#1760,.T.);
#4993=EDGE_CURVE('',#4007,#4008,#1761,.T.);
#4994=EDGE_CURVE('',#4009,#4007,#1762,.T.);
#4995=EDGE_CURVE('',#4010,#4008,#1763,.T.);
#4996=EDGE_CURVE('',#4009,#4010,#1764,.T.);
#4997=EDGE_CURVE('',#4004,#4009,#1765,.T.);
#4998=EDGE_CURVE('',#4005,#4010,#1766,.T.);
#4999=EDGE_CURVE('',#4011,#4012,#1767,.T.);
#5000=EDGE_CURVE('',#4012,#4013,#1768,.T.);
#5001=EDGE_CURVE('',#4014,#4013,#1769,.T.);
#5002=EDGE_CURVE('',#4011,#4014,#1770,.T.);
#5003=EDGE_CURVE('',#4015,#4011,#1771,.T.);
#5004=EDGE_CURVE('',#4016,#4014,#1772,.T.);
#5005=EDGE_CURVE('',#4015,#4016,#1773,.T.);
#5006=EDGE_CURVE('',#4017,#4015,#1774,.T.);
#5007=EDGE_CURVE('',#4018,#4016,#1775,.T.);
#5008=EDGE_CURVE('',#4017,#4018,#1776,.T.);
#5009=EDGE_CURVE('',#4012,#4017,#1777,.T.);
#5010=EDGE_CURVE('',#4013,#4018,#1778,.T.);
#5011=EDGE_CURVE('',#4019,#4020,#1779,.T.);
#5012=EDGE_CURVE('',#4020,#4021,#1780,.T.);
#5013=EDGE_CURVE('',#4022,#4021,#1781,.T.);
#5014=EDGE_CURVE('',#4019,#4022,#1782,.T.);
#5015=EDGE_CURVE('',#4023,#4019,#1783,.T.);
#5016=EDGE_CURVE('',#4024,#4022,#1784,.T.);
#5017=EDGE_CURVE('',#4023,#4024,#1785,.T.);
#5018=EDGE_CURVE('',#4025,#4023,#1786,.T.);
#5019=EDGE_CURVE('',#4026,#4024,#1787,.T.);
#5020=EDGE_CURVE('',#4025,#4026,#1788,.T.);
#5021=EDGE_CURVE('',#4020,#4025,#1789,.T.);
#5022=EDGE_CURVE('',#4021,#4026,#1790,.T.);
#5023=EDGE_CURVE('',#4027,#4028,#1791,.T.);
#5024=EDGE_CURVE('',#4028,#4029,#1792,.T.);
#5025=EDGE_CURVE('',#4030,#4029,#1793,.T.);
#5026=EDGE_CURVE('',#4027,#4030,#1794,.T.);
#5027=EDGE_CURVE('',#4031,#4027,#1795,.T.);
#5028=EDGE_CURVE('',#4032,#4030,#1796,.T.);
#5029=EDGE_CURVE('',#4031,#4032,#1797,.T.);
#5030=EDGE_CURVE('',#4033,#4031,#1798,.T.);
#5031=EDGE_CURVE('',#4034,#4032,#1799,.T.);
#5032=EDGE_CURVE('',#4033,#4034,#1800,.T.);
#5033=EDGE_CURVE('',#4028,#4033,#1801,.T.);
#5034=EDGE_CURVE('',#4029,#4034,#1802,.T.);
#5035=EDGE_CURVE('',#4035,#4036,#1803,.T.);
#5036=EDGE_CURVE('',#4036,#4037,#1804,.T.);
#5037=EDGE_CURVE('',#4038,#4037,#1805,.T.);
#5038=EDGE_CURVE('',#4035,#4038,#1806,.T.);
#5039=EDGE_CURVE('',#4039,#4035,#1807,.T.);
#5040=EDGE_CURVE('',#4040,#4038,#1808,.T.);
#5041=EDGE_CURVE('',#4039,#4040,#1809,.T.);
#5042=EDGE_CURVE('',#4041,#4039,#1810,.T.);
#5043=EDGE_CURVE('',#4042,#4040,#1811,.T.);
#5044=EDGE_CURVE('',#4041,#4042,#1812,.T.);
#5045=EDGE_CURVE('',#4036,#4041,#1813,.T.);
#5046=EDGE_CURVE('',#4037,#4042,#1814,.T.);
#5047=EDGE_CURVE('',#4043,#4044,#1815,.T.);
#5048=EDGE_CURVE('',#4044,#4045,#1816,.T.);
#5049=EDGE_CURVE('',#4046,#4045,#1817,.T.);
#5050=EDGE_CURVE('',#4043,#4046,#1818,.T.);
#5051=EDGE_CURVE('',#4047,#4043,#1819,.T.);
#5052=EDGE_CURVE('',#4048,#4046,#1820,.T.);
#5053=EDGE_CURVE('',#4047,#4048,#1821,.T.);
#5054=EDGE_CURVE('',#4049,#4047,#1822,.T.);
#5055=EDGE_CURVE('',#4050,#4048,#1823,.T.);
#5056=EDGE_CURVE('',#4049,#4050,#1824,.T.);
#5057=EDGE_CURVE('',#4044,#4049,#1825,.T.);
#5058=EDGE_CURVE('',#4045,#4050,#1826,.T.);
#5059=EDGE_CURVE('',#4051,#4052,#1827,.T.);
#5060=EDGE_CURVE('',#4052,#4053,#1828,.T.);
#5061=EDGE_CURVE('',#4054,#4053,#1829,.T.);
#5062=EDGE_CURVE('',#4051,#4054,#1830,.T.);
#5063=EDGE_CURVE('',#4055,#4051,#1831,.T.);
#5064=EDGE_CURVE('',#4056,#4054,#1832,.T.);
#5065=EDGE_CURVE('',#4055,#4056,#1833,.T.);
#5066=EDGE_CURVE('',#4057,#4055,#1834,.T.);
#5067=EDGE_CURVE('',#4058,#4056,#1835,.T.);
#5068=EDGE_CURVE('',#4057,#4058,#1836,.T.);
#5069=EDGE_CURVE('',#4052,#4057,#1837,.T.);
#5070=EDGE_CURVE('',#4053,#4058,#1838,.T.);
#5071=EDGE_CURVE('',#4059,#4060,#1839,.T.);
#5072=EDGE_CURVE('',#4060,#4061,#1840,.T.);
#5073=EDGE_CURVE('',#4062,#4061,#1841,.T.);
#5074=EDGE_CURVE('',#4059,#4062,#1842,.T.);
#5075=EDGE_CURVE('',#4063,#4059,#1843,.T.);
#5076=EDGE_CURVE('',#4064,#4062,#1844,.T.);
#5077=EDGE_CURVE('',#4063,#4064,#1845,.T.);
#5078=EDGE_CURVE('',#4065,#4063,#1846,.T.);
#5079=EDGE_CURVE('',#4066,#4064,#1847,.T.);
#5080=EDGE_CURVE('',#4065,#4066,#1848,.T.);
#5081=EDGE_CURVE('',#4060,#4065,#1849,.T.);
#5082=EDGE_CURVE('',#4061,#4066,#1850,.T.);
#5083=EDGE_CURVE('',#4067,#4068,#1851,.T.);
#5084=EDGE_CURVE('',#4068,#4069,#1852,.T.);
#5085=EDGE_CURVE('',#4070,#4069,#1853,.T.);
#5086=EDGE_CURVE('',#4067,#4070,#1854,.T.);
#5087=EDGE_CURVE('',#4071,#4067,#1855,.T.);
#5088=EDGE_CURVE('',#4072,#4070,#1856,.T.);
#5089=EDGE_CURVE('',#4071,#4072,#1857,.T.);
#5090=EDGE_CURVE('',#4073,#4071,#1858,.T.);
#5091=EDGE_CURVE('',#4074,#4072,#1859,.T.);
#5092=EDGE_CURVE('',#4073,#4074,#1860,.T.);
#5093=EDGE_CURVE('',#4068,#4073,#1861,.T.);
#5094=EDGE_CURVE('',#4069,#4074,#1862,.T.);
#5095=EDGE_CURVE('',#4075,#4076,#1863,.T.);
#5096=EDGE_CURVE('',#4076,#4077,#1864,.T.);
#5097=EDGE_CURVE('',#4078,#4077,#1865,.T.);
#5098=EDGE_CURVE('',#4075,#4078,#1866,.T.);
#5099=EDGE_CURVE('',#4079,#4075,#1867,.T.);
#5100=EDGE_CURVE('',#4080,#4078,#1868,.T.);
#5101=EDGE_CURVE('',#4079,#4080,#1869,.T.);
#5102=EDGE_CURVE('',#4081,#4079,#1870,.T.);
#5103=EDGE_CURVE('',#4082,#4080,#1871,.T.);
#5104=EDGE_CURVE('',#4081,#4082,#1872,.T.);
#5105=EDGE_CURVE('',#4076,#4081,#1873,.T.);
#5106=EDGE_CURVE('',#4077,#4082,#1874,.T.);
#5107=EDGE_CURVE('',#4083,#4084,#1875,.T.);
#5108=EDGE_CURVE('',#4084,#4085,#1876,.T.);
#5109=EDGE_CURVE('',#4086,#4085,#1877,.T.);
#5110=EDGE_CURVE('',#4083,#4086,#1878,.T.);
#5111=EDGE_CURVE('',#4087,#4083,#1879,.T.);
#5112=EDGE_CURVE('',#4088,#4086,#1880,.T.);
#5113=EDGE_CURVE('',#4087,#4088,#1881,.T.);
#5114=EDGE_CURVE('',#4089,#4087,#1882,.T.);
#5115=EDGE_CURVE('',#4090,#4088,#1883,.T.);
#5116=EDGE_CURVE('',#4089,#4090,#1884,.T.);
#5117=EDGE_CURVE('',#4084,#4089,#1885,.T.);
#5118=EDGE_CURVE('',#4085,#4090,#1886,.T.);
#5119=EDGE_CURVE('',#4091,#4092,#1887,.T.);
#5120=EDGE_CURVE('',#4092,#4093,#1888,.T.);
#5121=EDGE_CURVE('',#4094,#4093,#1889,.T.);
#5122=EDGE_CURVE('',#4091,#4094,#1890,.T.);
#5123=EDGE_CURVE('',#4095,#4091,#1891,.T.);
#5124=EDGE_CURVE('',#4096,#4094,#1892,.T.);
#5125=EDGE_CURVE('',#4095,#4096,#1893,.T.);
#5126=EDGE_CURVE('',#4097,#4095,#1894,.T.);
#5127=EDGE_CURVE('',#4098,#4096,#1895,.T.);
#5128=EDGE_CURVE('',#4097,#4098,#1896,.T.);
#5129=EDGE_CURVE('',#4092,#4097,#1897,.T.);
#5130=EDGE_CURVE('',#4093,#4098,#1898,.T.);
#5131=EDGE_CURVE('',#4099,#4100,#1899,.T.);
#5132=EDGE_CURVE('',#4100,#4101,#1900,.T.);
#5133=EDGE_CURVE('',#4102,#4101,#1901,.T.);
#5134=EDGE_CURVE('',#4099,#4102,#1902,.T.);
#5135=EDGE_CURVE('',#4103,#4099,#1903,.T.);
#5136=EDGE_CURVE('',#4104,#4102,#1904,.T.);
#5137=EDGE_CURVE('',#4103,#4104,#1905,.T.);
#5138=EDGE_CURVE('',#4105,#4103,#1906,.T.);
#5139=EDGE_CURVE('',#4106,#4104,#1907,.T.);
#5140=EDGE_CURVE('',#4105,#4106,#1908,.T.);
#5141=EDGE_CURVE('',#4100,#4105,#1909,.T.);
#5142=EDGE_CURVE('',#4101,#4106,#1910,.T.);
#5143=EDGE_CURVE('',#4107,#4108,#1911,.T.);
#5144=EDGE_CURVE('',#4108,#4109,#1912,.T.);
#5145=EDGE_CURVE('',#4110,#4109,#1913,.T.);
#5146=EDGE_CURVE('',#4107,#4110,#1914,.T.);
#5147=EDGE_CURVE('',#4111,#4107,#1915,.T.);
#5148=EDGE_CURVE('',#4112,#4110,#1916,.T.);
#5149=EDGE_CURVE('',#4111,#4112,#1917,.T.);
#5150=EDGE_CURVE('',#4113,#4111,#1918,.T.);
#5151=EDGE_CURVE('',#4114,#4112,#1919,.T.);
#5152=EDGE_CURVE('',#4113,#4114,#1920,.T.);
#5153=EDGE_CURVE('',#4108,#4113,#1921,.T.);
#5154=EDGE_CURVE('',#4109,#4114,#1922,.T.);
#5155=EDGE_CURVE('',#4115,#4116,#1923,.T.);
#5156=EDGE_CURVE('',#4116,#4117,#1924,.T.);
#5157=EDGE_CURVE('',#4118,#4117,#1925,.T.);
#5158=EDGE_CURVE('',#4115,#4118,#1926,.T.);
#5159=EDGE_CURVE('',#4119,#4115,#1927,.T.);
#5160=EDGE_CURVE('',#4120,#4118,#1928,.T.);
#5161=EDGE_CURVE('',#4119,#4120,#1929,.T.);
#5162=EDGE_CURVE('',#4121,#4119,#1930,.T.);
#5163=EDGE_CURVE('',#4122,#4120,#1931,.T.);
#5164=EDGE_CURVE('',#4121,#4122,#1932,.T.);
#5165=EDGE_CURVE('',#4116,#4121,#1933,.T.);
#5166=EDGE_CURVE('',#4117,#4122,#1934,.T.);
#5167=EDGE_CURVE('',#4123,#4124,#1935,.T.);
#5168=EDGE_CURVE('',#4124,#4125,#1936,.T.);
#5169=EDGE_CURVE('',#4126,#4125,#1937,.T.);
#5170=EDGE_CURVE('',#4123,#4126,#1938,.T.);
#5171=EDGE_CURVE('',#4127,#4123,#1939,.T.);
#5172=EDGE_CURVE('',#4128,#4126,#1940,.T.);
#5173=EDGE_CURVE('',#4127,#4128,#1941,.T.);
#5174=EDGE_CURVE('',#4129,#4127,#1942,.T.);
#5175=EDGE_CURVE('',#4130,#4128,#1943,.T.);
#5176=EDGE_CURVE('',#4129,#4130,#1944,.T.);
#5177=EDGE_CURVE('',#4124,#4129,#1945,.T.);
#5178=EDGE_CURVE('',#4125,#4130,#1946,.T.);
#5179=EDGE_CURVE('',#4131,#4132,#1947,.T.);
#5180=EDGE_CURVE('',#4132,#4133,#1948,.T.);
#5181=EDGE_CURVE('',#4134,#4133,#1949,.T.);
#5182=EDGE_CURVE('',#4131,#4134,#1950,.T.);
#5183=EDGE_CURVE('',#4135,#4131,#1951,.T.);
#5184=EDGE_CURVE('',#4136,#4134,#1952,.T.);
#5185=EDGE_CURVE('',#4135,#4136,#1953,.T.);
#5186=EDGE_CURVE('',#4137,#4135,#1954,.T.);
#5187=EDGE_CURVE('',#4138,#4136,#1955,.T.);
#5188=EDGE_CURVE('',#4137,#4138,#1956,.T.);
#5189=EDGE_CURVE('',#4132,#4137,#1957,.T.);
#5190=EDGE_CURVE('',#4133,#4138,#1958,.T.);
#5191=EDGE_CURVE('',#4139,#4140,#1959,.T.);
#5192=EDGE_CURVE('',#4140,#4141,#1960,.T.);
#5193=EDGE_CURVE('',#4142,#4141,#1961,.T.);
#5194=EDGE_CURVE('',#4139,#4142,#1962,.T.);
#5195=EDGE_CURVE('',#4143,#4139,#1963,.T.);
#5196=EDGE_CURVE('',#4144,#4142,#1964,.T.);
#5197=EDGE_CURVE('',#4143,#4144,#1965,.T.);
#5198=EDGE_CURVE('',#4145,#4143,#1966,.T.);
#5199=EDGE_CURVE('',#4146,#4144,#1967,.T.);
#5200=EDGE_CURVE('',#4145,#4146,#1968,.T.);
#5201=EDGE_CURVE('',#4140,#4145,#1969,.T.);
#5202=EDGE_CURVE('',#4141,#4146,#1970,.T.);
#5203=EDGE_CURVE('',#4147,#4148,#1971,.T.);
#5204=EDGE_CURVE('',#4148,#4149,#1972,.T.);
#5205=EDGE_CURVE('',#4150,#4149,#1973,.T.);
#5206=EDGE_CURVE('',#4147,#4150,#1974,.T.);
#5207=EDGE_CURVE('',#4151,#4147,#1975,.T.);
#5208=EDGE_CURVE('',#4152,#4150,#1976,.T.);
#5209=EDGE_CURVE('',#4151,#4152,#1977,.T.);
#5210=EDGE_CURVE('',#4153,#4151,#1978,.T.);
#5211=EDGE_CURVE('',#4154,#4152,#1979,.T.);
#5212=EDGE_CURVE('',#4153,#4154,#1980,.T.);
#5213=EDGE_CURVE('',#4148,#4153,#1981,.T.);
#5214=EDGE_CURVE('',#4149,#4154,#1982,.T.);
#5215=EDGE_CURVE('',#4155,#4156,#1983,.T.);
#5216=EDGE_CURVE('',#4156,#4157,#1984,.T.);
#5217=EDGE_CURVE('',#4158,#4157,#1985,.T.);
#5218=EDGE_CURVE('',#4155,#4158,#1986,.T.);
#5219=EDGE_CURVE('',#4159,#4155,#1987,.T.);
#5220=EDGE_CURVE('',#4160,#4158,#1988,.T.);
#5221=EDGE_CURVE('',#4159,#4160,#1989,.T.);
#5222=EDGE_CURVE('',#4161,#4159,#1990,.T.);
#5223=EDGE_CURVE('',#4162,#4160,#1991,.T.);
#5224=EDGE_CURVE('',#4161,#4162,#1992,.T.);
#5225=EDGE_CURVE('',#4156,#4161,#1993,.T.);
#5226=EDGE_CURVE('',#4157,#4162,#1994,.T.);
#5227=EDGE_CURVE('',#4163,#4164,#1995,.T.);
#5228=EDGE_CURVE('',#4164,#4165,#1996,.T.);
#5229=EDGE_CURVE('',#4166,#4165,#1997,.T.);
#5230=EDGE_CURVE('',#4163,#4166,#1998,.T.);
#5231=EDGE_CURVE('',#4167,#4163,#1999,.T.);
#5232=EDGE_CURVE('',#4168,#4166,#2000,.T.);
#5233=EDGE_CURVE('',#4167,#4168,#2001,.T.);
#5234=EDGE_CURVE('',#4169,#4167,#2002,.T.);
#5235=EDGE_CURVE('',#4170,#4168,#2003,.T.);
#5236=EDGE_CURVE('',#4169,#4170,#2004,.T.);
#5237=EDGE_CURVE('',#4164,#4169,#2005,.T.);
#5238=EDGE_CURVE('',#4165,#4170,#2006,.T.);
#5239=EDGE_CURVE('',#4171,#4172,#2007,.T.);
#5240=EDGE_CURVE('',#4172,#4173,#2008,.T.);
#5241=EDGE_CURVE('',#4174,#4173,#2009,.T.);
#5242=EDGE_CURVE('',#4171,#4174,#2010,.T.);
#5243=EDGE_CURVE('',#4175,#4171,#2011,.T.);
#5244=EDGE_CURVE('',#4176,#4174,#2012,.T.);
#5245=EDGE_CURVE('',#4175,#4176,#2013,.T.);
#5246=EDGE_CURVE('',#4177,#4175,#2014,.T.);
#5247=EDGE_CURVE('',#4178,#4176,#2015,.T.);
#5248=EDGE_CURVE('',#4177,#4178,#2016,.T.);
#5249=EDGE_CURVE('',#4172,#4177,#2017,.T.);
#5250=EDGE_CURVE('',#4173,#4178,#2018,.T.);
#5251=EDGE_CURVE('',#4179,#4180,#2019,.T.);
#5252=EDGE_CURVE('',#4180,#4181,#2020,.T.);
#5253=EDGE_CURVE('',#4182,#4181,#2021,.T.);
#5254=EDGE_CURVE('',#4179,#4182,#2022,.T.);
#5255=EDGE_CURVE('',#4183,#4179,#2023,.T.);
#5256=EDGE_CURVE('',#4184,#4182,#2024,.T.);
#5257=EDGE_CURVE('',#4183,#4184,#2025,.T.);
#5258=EDGE_CURVE('',#4185,#4183,#2026,.T.);
#5259=EDGE_CURVE('',#4186,#4184,#2027,.T.);
#5260=EDGE_CURVE('',#4185,#4186,#2028,.T.);
#5261=EDGE_CURVE('',#4180,#4185,#2029,.T.);
#5262=EDGE_CURVE('',#4181,#4186,#2030,.T.);
#5263=EDGE_CURVE('',#4187,#4188,#2031,.T.);
#5264=EDGE_CURVE('',#4188,#4189,#2032,.T.);
#5265=EDGE_CURVE('',#4190,#4189,#2033,.T.);
#5266=EDGE_CURVE('',#4187,#4190,#2034,.T.);
#5267=EDGE_CURVE('',#4191,#4187,#2035,.T.);
#5268=EDGE_CURVE('',#4192,#4190,#2036,.T.);
#5269=EDGE_CURVE('',#4191,#4192,#2037,.T.);
#5270=EDGE_CURVE('',#4193,#4191,#2038,.T.);
#5271=EDGE_CURVE('',#4194,#4192,#2039,.T.);
#5272=EDGE_CURVE('',#4193,#4194,#2040,.T.);
#5273=EDGE_CURVE('',#4188,#4193,#2041,.T.);
#5274=EDGE_CURVE('',#4189,#4194,#2042,.T.);
#5275=EDGE_CURVE('',#4195,#4196,#2043,.T.);
#5276=EDGE_CURVE('',#4196,#4197,#2044,.T.);
#5277=EDGE_CURVE('',#4198,#4197,#2045,.T.);
#5278=EDGE_CURVE('',#4195,#4198,#2046,.T.);
#5279=EDGE_CURVE('',#4199,#4195,#2047,.T.);
#5280=EDGE_CURVE('',#4200,#4198,#2048,.T.);
#5281=EDGE_CURVE('',#4199,#4200,#2049,.T.);
#5282=EDGE_CURVE('',#4201,#4199,#2050,.T.);
#5283=EDGE_CURVE('',#4202,#4200,#2051,.T.);
#5284=EDGE_CURVE('',#4201,#4202,#2052,.T.);
#5285=EDGE_CURVE('',#4196,#4201,#2053,.T.);
#5286=EDGE_CURVE('',#4197,#4202,#2054,.T.);
#5287=EDGE_CURVE('',#4203,#4204,#2055,.T.);
#5288=EDGE_CURVE('',#4204,#4205,#2056,.T.);
#5289=EDGE_CURVE('',#4206,#4205,#2057,.T.);
#5290=EDGE_CURVE('',#4203,#4206,#2058,.T.);
#5291=EDGE_CURVE('',#4207,#4203,#2059,.T.);
#5292=EDGE_CURVE('',#4208,#4206,#2060,.T.);
#5293=EDGE_CURVE('',#4207,#4208,#2061,.T.);
#5294=EDGE_CURVE('',#4209,#4207,#2062,.T.);
#5295=EDGE_CURVE('',#4210,#4208,#2063,.T.);
#5296=EDGE_CURVE('',#4209,#4210,#2064,.T.);
#5297=EDGE_CURVE('',#4204,#4209,#2065,.T.);
#5298=EDGE_CURVE('',#4205,#4210,#2066,.T.);
#5299=EDGE_CURVE('',#4211,#4212,#2067,.T.);
#5300=EDGE_CURVE('',#4212,#4213,#2068,.T.);
#5301=EDGE_CURVE('',#4214,#4213,#2069,.T.);
#5302=EDGE_CURVE('',#4211,#4214,#2070,.T.);
#5303=EDGE_CURVE('',#4215,#4211,#2071,.T.);
#5304=EDGE_CURVE('',#4216,#4214,#2072,.T.);
#5305=EDGE_CURVE('',#4215,#4216,#2073,.T.);
#5306=EDGE_CURVE('',#4217,#4215,#2074,.T.);
#5307=EDGE_CURVE('',#4218,#4216,#2075,.T.);
#5308=EDGE_CURVE('',#4217,#4218,#2076,.T.);
#5309=EDGE_CURVE('',#4212,#4217,#2077,.T.);
#5310=EDGE_CURVE('',#4213,#4218,#2078,.T.);
#5311=EDGE_CURVE('',#4219,#4220,#2079,.T.);
#5312=EDGE_CURVE('',#4220,#4221,#2080,.T.);
#5313=EDGE_CURVE('',#4222,#4221,#2081,.T.);
#5314=EDGE_CURVE('',#4219,#4222,#2082,.T.);
#5315=EDGE_CURVE('',#4223,#4219,#2083,.T.);
#5316=EDGE_CURVE('',#4224,#4222,#2084,.T.);
#5317=EDGE_CURVE('',#4223,#4224,#2085,.T.);
#5318=EDGE_CURVE('',#4225,#4223,#2086,.T.);
#5319=EDGE_CURVE('',#4226,#4224,#2087,.T.);
#5320=EDGE_CURVE('',#4225,#4226,#2088,.T.);
#5321=EDGE_CURVE('',#4220,#4225,#2089,.T.);
#5322=EDGE_CURVE('',#4221,#4226,#2090,.T.);
#5323=EDGE_CURVE('',#4227,#4228,#2091,.T.);
#5324=EDGE_CURVE('',#4228,#4229,#2092,.T.);
#5325=EDGE_CURVE('',#4230,#4229,#2093,.T.);
#5326=EDGE_CURVE('',#4227,#4230,#2094,.T.);
#5327=EDGE_CURVE('',#4231,#4227,#2095,.T.);
#5328=EDGE_CURVE('',#4232,#4230,#2096,.T.);
#5329=EDGE_CURVE('',#4231,#4232,#2097,.T.);
#5330=EDGE_CURVE('',#4233,#4231,#2098,.T.);
#5331=EDGE_CURVE('',#4234,#4232,#2099,.T.);
#5332=EDGE_CURVE('',#4233,#4234,#2100,.T.);
#5333=EDGE_CURVE('',#4228,#4233,#2101,.T.);
#5334=EDGE_CURVE('',#4229,#4234,#2102,.T.);
#5335=EDGE_CURVE('',#4235,#4236,#2103,.T.);
#5336=EDGE_CURVE('',#4236,#4237,#2104,.T.);
#5337=EDGE_CURVE('',#4238,#4237,#2105,.T.);
#5338=EDGE_CURVE('',#4235,#4238,#2106,.T.);
#5339=EDGE_CURVE('',#4239,#4235,#2107,.T.);
#5340=EDGE_CURVE('',#4240,#4238,#2108,.T.);
#5341=EDGE_CURVE('',#4239,#4240,#2109,.T.);
#5342=EDGE_CURVE('',#4241,#4239,#2110,.T.);
#5343=EDGE_CURVE('',#4242,#4240,#2111,.T.);
#5344=EDGE_CURVE('',#4241,#4242,#2112,.T.);
#5345=EDGE_CURVE('',#4236,#4241,#2113,.T.);
#5346=EDGE_CURVE('',#4237,#4242,#2114,.T.);
#5347=EDGE_CURVE('',#4243,#4244,#2115,.T.);
#5348=EDGE_CURVE('',#4244,#4245,#2116,.T.);
#5349=EDGE_CURVE('',#4246,#4245,#2117,.T.);
#5350=EDGE_CURVE('',#4243,#4246,#2118,.T.);
#5351=EDGE_CURVE('',#4247,#4243,#2119,.T.);
#5352=EDGE_CURVE('',#4248,#4246,#2120,.T.);
#5353=EDGE_CURVE('',#4247,#4248,#2121,.T.);
#5354=EDGE_CURVE('',#4249,#4247,#2122,.T.);
#5355=EDGE_CURVE('',#4250,#4248,#2123,.T.);
#5356=EDGE_CURVE('',#4249,#4250,#2124,.T.);
#5357=EDGE_CURVE('',#4244,#4249,#2125,.T.);
#5358=EDGE_CURVE('',#4245,#4250,#2126,.T.);
#5359=EDGE_CURVE('',#4251,#4252,#2127,.T.);
#5360=EDGE_CURVE('',#4252,#4253,#2128,.T.);
#5361=EDGE_CURVE('',#4254,#4253,#2129,.T.);
#5362=EDGE_CURVE('',#4251,#4254,#2130,.T.);
#5363=EDGE_CURVE('',#4255,#4251,#2131,.T.);
#5364=EDGE_CURVE('',#4256,#4254,#2132,.T.);
#5365=EDGE_CURVE('',#4255,#4256,#2133,.T.);
#5366=EDGE_CURVE('',#4257,#4255,#2134,.T.);
#5367=EDGE_CURVE('',#4258,#4256,#2135,.T.);
#5368=EDGE_CURVE('',#4257,#4258,#2136,.T.);
#5369=EDGE_CURVE('',#4252,#4257,#2137,.T.);
#5370=EDGE_CURVE('',#4253,#4258,#2138,.T.);
#5371=EDGE_CURVE('',#4259,#4260,#2139,.T.);
#5372=EDGE_CURVE('',#4260,#4261,#2140,.T.);
#5373=EDGE_CURVE('',#4262,#4261,#2141,.T.);
#5374=EDGE_CURVE('',#4259,#4262,#2142,.T.);
#5375=EDGE_CURVE('',#4263,#4259,#2143,.T.);
#5376=EDGE_CURVE('',#4264,#4262,#2144,.T.);
#5377=EDGE_CURVE('',#4263,#4264,#2145,.T.);
#5378=EDGE_CURVE('',#4265,#4263,#2146,.T.);
#5379=EDGE_CURVE('',#4266,#4264,#2147,.T.);
#5380=EDGE_CURVE('',#4265,#4266,#2148,.T.);
#5381=EDGE_CURVE('',#4260,#4265,#2149,.T.);
#5382=EDGE_CURVE('',#4261,#4266,#2150,.T.);
#5383=EDGE_CURVE('',#4267,#4268,#2151,.T.);
#5384=EDGE_CURVE('',#4268,#4269,#2152,.T.);
#5385=EDGE_CURVE('',#4270,#4269,#2153,.T.);
#5386=EDGE_CURVE('',#4267,#4270,#2154,.T.);
#5387=EDGE_CURVE('',#4271,#4267,#2155,.T.);
#5388=EDGE_CURVE('',#4272,#4270,#2156,.T.);
#5389=EDGE_CURVE('',#4271,#4272,#2157,.T.);
#5390=EDGE_CURVE('',#4273,#4271,#2158,.T.);
#5391=EDGE_CURVE('',#4274,#4272,#2159,.T.);
#5392=EDGE_CURVE('',#4273,#4274,#2160,.T.);
#5393=EDGE_CURVE('',#4268,#4273,#2161,.T.);
#5394=EDGE_CURVE('',#4269,#4274,#2162,.T.);
#5395=EDGE_CURVE('',#4275,#4276,#2163,.T.);
#5396=EDGE_CURVE('',#4276,#4277,#2164,.T.);
#5397=EDGE_CURVE('',#4278,#4277,#2165,.T.);
#5398=EDGE_CURVE('',#4275,#4278,#2166,.T.);
#5399=EDGE_CURVE('',#4279,#4275,#2167,.T.);
#5400=EDGE_CURVE('',#4280,#4278,#2168,.T.);
#5401=EDGE_CURVE('',#4279,#4280,#2169,.T.);
#5402=EDGE_CURVE('',#4281,#4279,#2170,.T.);
#5403=EDGE_CURVE('',#4282,#4280,#2171,.T.);
#5404=EDGE_CURVE('',#4281,#4282,#2172,.T.);
#5405=EDGE_CURVE('',#4276,#4281,#2173,.T.);
#5406=EDGE_CURVE('',#4277,#4282,#2174,.T.);
#5407=EDGE_CURVE('',#4283,#4284,#2175,.T.);
#5408=EDGE_CURVE('',#4284,#4285,#2176,.T.);
#5409=EDGE_CURVE('',#4286,#4285,#2177,.T.);
#5410=EDGE_CURVE('',#4283,#4286,#2178,.T.);
#5411=EDGE_CURVE('',#4287,#4283,#2179,.T.);
#5412=EDGE_CURVE('',#4288,#4286,#2180,.T.);
#5413=EDGE_CURVE('',#4287,#4288,#2181,.T.);
#5414=EDGE_CURVE('',#4289,#4287,#2182,.T.);
#5415=EDGE_CURVE('',#4290,#4288,#2183,.T.);
#5416=EDGE_CURVE('',#4289,#4290,#2184,.T.);
#5417=EDGE_CURVE('',#4284,#4289,#2185,.T.);
#5418=EDGE_CURVE('',#4285,#4290,#2186,.T.);
#5419=EDGE_CURVE('',#4291,#4292,#2187,.T.);
#5420=EDGE_CURVE('',#4292,#4293,#2188,.T.);
#5421=EDGE_CURVE('',#4294,#4293,#2189,.T.);
#5422=EDGE_CURVE('',#4291,#4294,#2190,.T.);
#5423=EDGE_CURVE('',#4295,#4291,#2191,.T.);
#5424=EDGE_CURVE('',#4296,#4294,#2192,.T.);
#5425=EDGE_CURVE('',#4295,#4296,#2193,.T.);
#5426=EDGE_CURVE('',#4297,#4295,#2194,.T.);
#5427=EDGE_CURVE('',#4298,#4296,#2195,.T.);
#5428=EDGE_CURVE('',#4297,#4298,#2196,.T.);
#5429=EDGE_CURVE('',#4292,#4297,#2197,.T.);
#5430=EDGE_CURVE('',#4293,#4298,#2198,.T.);
#5431=EDGE_CURVE('',#4299,#4300,#2199,.T.);
#5432=EDGE_CURVE('',#4300,#4301,#2200,.T.);
#5433=EDGE_CURVE('',#4302,#4301,#2201,.T.);
#5434=EDGE_CURVE('',#4299,#4302,#2202,.T.);
#5435=EDGE_CURVE('',#4303,#4299,#2203,.T.);
#5436=EDGE_CURVE('',#4304,#4302,#2204,.T.);
#5437=EDGE_CURVE('',#4303,#4304,#2205,.T.);
#5438=EDGE_CURVE('',#4305,#4303,#2206,.T.);
#5439=EDGE_CURVE('',#4306,#4304,#2207,.T.);
#5440=EDGE_CURVE('',#4305,#4306,#2208,.T.);
#5441=EDGE_CURVE('',#4300,#4305,#2209,.T.);
#5442=EDGE_CURVE('',#4301,#4306,#2210,.T.);
#5443=EDGE_CURVE('',#4307,#4308,#2211,.T.);
#5444=EDGE_CURVE('',#4308,#4309,#2212,.T.);
#5445=EDGE_CURVE('',#4310,#4309,#2213,.T.);
#5446=EDGE_CURVE('',#4307,#4310,#2214,.T.);
#5447=EDGE_CURVE('',#4311,#4307,#2215,.T.);
#5448=EDGE_CURVE('',#4312,#4310,#2216,.T.);
#5449=EDGE_CURVE('',#4311,#4312,#2217,.T.);
#5450=EDGE_CURVE('',#4313,#4311,#2218,.T.);
#5451=EDGE_CURVE('',#4314,#4312,#2219,.T.);
#5452=EDGE_CURVE('',#4313,#4314,#2220,.T.);
#5453=EDGE_CURVE('',#4308,#4313,#2221,.T.);
#5454=EDGE_CURVE('',#4309,#4314,#2222,.T.);
#5455=EDGE_CURVE('',#4315,#4316,#2223,.T.);
#5456=EDGE_CURVE('',#4316,#4317,#2224,.T.);
#5457=EDGE_CURVE('',#4318,#4317,#2225,.T.);
#5458=EDGE_CURVE('',#4315,#4318,#2226,.T.);
#5459=EDGE_CURVE('',#4319,#4315,#2227,.T.);
#5460=EDGE_CURVE('',#4320,#4318,#2228,.T.);
#5461=EDGE_CURVE('',#4319,#4320,#2229,.T.);
#5462=EDGE_CURVE('',#4321,#4319,#2230,.T.);
#5463=EDGE_CURVE('',#4322,#4320,#2231,.T.);
#5464=EDGE_CURVE('',#4321,#4322,#2232,.T.);
#5465=EDGE_CURVE('',#4316,#4321,#2233,.T.);
#5466=EDGE_CURVE('',#4317,#4322,#2234,.T.);
#5467=EDGE_CURVE('',#4323,#4324,#2235,.T.);
#5468=EDGE_CURVE('',#4324,#4325,#2236,.T.);
#5469=EDGE_CURVE('',#4326,#4325,#2237,.T.);
#5470=EDGE_CURVE('',#4323,#4326,#2238,.T.);
#5471=EDGE_CURVE('',#4327,#4323,#2239,.T.);
#5472=EDGE_CURVE('',#4328,#4326,#2240,.T.);
#5473=EDGE_CURVE('',#4327,#4328,#2241,.T.);
#5474=EDGE_CURVE('',#4329,#4327,#2242,.T.);
#5475=EDGE_CURVE('',#4330,#4328,#2243,.T.);
#5476=EDGE_CURVE('',#4329,#4330,#2244,.T.);
#5477=EDGE_CURVE('',#4324,#4329,#2245,.T.);
#5478=EDGE_CURVE('',#4325,#4330,#2246,.T.);
#5479=EDGE_CURVE('',#4331,#4332,#2247,.T.);
#5480=EDGE_CURVE('',#4332,#4333,#2248,.T.);
#5481=EDGE_CURVE('',#4334,#4333,#2249,.T.);
#5482=EDGE_CURVE('',#4331,#4334,#2250,.T.);
#5483=EDGE_CURVE('',#4335,#4331,#2251,.T.);
#5484=EDGE_CURVE('',#4336,#4334,#2252,.T.);
#5485=EDGE_CURVE('',#4335,#4336,#2253,.T.);
#5486=EDGE_CURVE('',#4337,#4335,#2254,.T.);
#5487=EDGE_CURVE('',#4338,#4336,#2255,.T.);
#5488=EDGE_CURVE('',#4337,#4338,#2256,.T.);
#5489=EDGE_CURVE('',#4332,#4337,#2257,.T.);
#5490=EDGE_CURVE('',#4333,#4338,#2258,.T.);
#5491=EDGE_CURVE('',#4339,#4340,#2259,.T.);
#5492=EDGE_CURVE('',#4340,#4341,#2260,.T.);
#5493=EDGE_CURVE('',#4342,#4341,#2261,.T.);
#5494=EDGE_CURVE('',#4339,#4342,#2262,.T.);
#5495=EDGE_CURVE('',#4343,#4339,#2263,.T.);
#5496=EDGE_CURVE('',#4344,#4342,#2264,.T.);
#5497=EDGE_CURVE('',#4343,#4344,#2265,.T.);
#5498=EDGE_CURVE('',#4345,#4343,#2266,.T.);
#5499=EDGE_CURVE('',#4346,#4344,#2267,.T.);
#5500=EDGE_CURVE('',#4345,#4346,#2268,.T.);
#5501=EDGE_CURVE('',#4340,#4345,#2269,.T.);
#5502=EDGE_CURVE('',#4341,#4346,#2270,.T.);
#5503=EDGE_CURVE('',#4347,#4348,#2271,.T.);
#5504=EDGE_CURVE('',#4348,#4349,#2272,.T.);
#5505=EDGE_CURVE('',#4350,#4349,#2273,.T.);
#5506=EDGE_CURVE('',#4347,#4350,#2274,.T.);
#5507=EDGE_CURVE('',#4351,#4347,#2275,.T.);
#5508=EDGE_CURVE('',#4352,#4350,#2276,.T.);
#5509=EDGE_CURVE('',#4351,#4352,#2277,.T.);
#5510=EDGE_CURVE('',#4353,#4351,#2278,.T.);
#5511=EDGE_CURVE('',#4354,#4352,#2279,.T.);
#5512=EDGE_CURVE('',#4353,#4354,#2280,.T.);
#5513=EDGE_CURVE('',#4348,#4353,#2281,.T.);
#5514=EDGE_CURVE('',#4349,#4354,#2282,.T.);
#5515=EDGE_CURVE('',#4355,#4356,#2283,.T.);
#5516=EDGE_CURVE('',#4356,#4357,#2284,.T.);
#5517=EDGE_CURVE('',#4358,#4357,#2285,.T.);
#5518=EDGE_CURVE('',#4355,#4358,#2286,.T.);
#5519=EDGE_CURVE('',#4359,#4355,#2287,.T.);
#5520=EDGE_CURVE('',#4360,#4358,#2288,.T.);
#5521=EDGE_CURVE('',#4359,#4360,#2289,.T.);
#5522=EDGE_CURVE('',#4361,#4359,#2290,.T.);
#5523=EDGE_CURVE('',#4362,#4360,#2291,.T.);
#5524=EDGE_CURVE('',#4361,#4362,#2292,.T.);
#5525=EDGE_CURVE('',#4356,#4361,#2293,.T.);
#5526=EDGE_CURVE('',#4357,#4362,#2294,.T.);
#5527=EDGE_CURVE('',#4363,#4364,#2295,.T.);
#5528=EDGE_CURVE('',#4364,#4365,#2296,.T.);
#5529=EDGE_CURVE('',#4366,#4365,#2297,.T.);
#5530=EDGE_CURVE('',#4363,#4366,#2298,.T.);
#5531=EDGE_CURVE('',#4367,#4363,#2299,.T.);
#5532=EDGE_CURVE('',#4368,#4366,#2300,.T.);
#5533=EDGE_CURVE('',#4367,#4368,#2301,.T.);
#5534=EDGE_CURVE('',#4369,#4367,#2302,.T.);
#5535=EDGE_CURVE('',#4370,#4368,#2303,.T.);
#5536=EDGE_CURVE('',#4369,#4370,#2304,.T.);
#5537=EDGE_CURVE('',#4364,#4369,#2305,.T.);
#5538=EDGE_CURVE('',#4365,#4370,#2306,.T.);
#5539=EDGE_CURVE('',#4371,#4372,#2307,.T.);
#5540=EDGE_CURVE('',#4372,#4373,#2308,.T.);
#5541=EDGE_CURVE('',#4374,#4373,#2309,.T.);
#5542=EDGE_CURVE('',#4371,#4374,#2310,.T.);
#5543=EDGE_CURVE('',#4375,#4371,#2311,.T.);
#5544=EDGE_CURVE('',#4376,#4374,#2312,.T.);
#5545=EDGE_CURVE('',#4375,#4376,#2313,.T.);
#5546=EDGE_CURVE('',#4377,#4375,#2314,.T.);
#5547=EDGE_CURVE('',#4378,#4376,#2315,.T.);
#5548=EDGE_CURVE('',#4377,#4378,#2316,.T.);
#5549=EDGE_CURVE('',#4372,#4377,#2317,.T.);
#5550=EDGE_CURVE('',#4373,#4378,#2318,.T.);
#5551=EDGE_CURVE('',#4379,#4380,#2319,.T.);
#5552=EDGE_CURVE('',#4380,#4381,#2320,.T.);
#5553=EDGE_CURVE('',#4382,#4381,#2321,.T.);
#5554=EDGE_CURVE('',#4379,#4382,#2322,.T.);
#5555=EDGE_CURVE('',#4383,#4379,#2323,.T.);
#5556=EDGE_CURVE('',#4384,#4382,#2324,.T.);
#5557=EDGE_CURVE('',#4383,#4384,#2325,.T.);
#5558=EDGE_CURVE('',#4385,#4383,#2326,.T.);
#5559=EDGE_CURVE('',#4386,#4384,#2327,.T.);
#5560=EDGE_CURVE('',#4385,#4386,#2328,.T.);
#5561=EDGE_CURVE('',#4380,#4385,#2329,.T.);
#5562=EDGE_CURVE('',#4381,#4386,#2330,.T.);
#5563=EDGE_CURVE('',#4387,#4388,#2331,.T.);
#5564=EDGE_CURVE('',#4388,#4389,#2332,.T.);
#5565=EDGE_CURVE('',#4390,#4389,#2333,.T.);
#5566=EDGE_CURVE('',#4387,#4390,#2334,.T.);
#5567=EDGE_CURVE('',#4391,#4387,#2335,.T.);
#5568=EDGE_CURVE('',#4392,#4390,#2336,.T.);
#5569=EDGE_CURVE('',#4391,#4392,#2337,.T.);
#5570=EDGE_CURVE('',#4393,#4391,#2338,.T.);
#5571=EDGE_CURVE('',#4394,#4392,#2339,.T.);
#5572=EDGE_CURVE('',#4393,#4394,#2340,.T.);
#5573=EDGE_CURVE('',#4388,#4393,#2341,.T.);
#5574=EDGE_CURVE('',#4389,#4394,#2342,.T.);
#5575=EDGE_CURVE('',#4395,#4396,#2343,.T.);
#5576=EDGE_CURVE('',#4396,#4397,#2344,.T.);
#5577=EDGE_CURVE('',#4398,#4397,#2345,.T.);
#5578=EDGE_CURVE('',#4395,#4398,#2346,.T.);
#5579=EDGE_CURVE('',#4399,#4395,#2347,.T.);
#5580=EDGE_CURVE('',#4400,#4398,#2348,.T.);
#5581=EDGE_CURVE('',#4399,#4400,#2349,.T.);
#5582=EDGE_CURVE('',#4401,#4399,#2350,.T.);
#5583=EDGE_CURVE('',#4402,#4400,#2351,.T.);
#5584=EDGE_CURVE('',#4401,#4402,#2352,.T.);
#5585=EDGE_CURVE('',#4396,#4401,#2353,.T.);
#5586=EDGE_CURVE('',#4397,#4402,#2354,.T.);
#5587=EDGE_CURVE('',#4403,#4404,#2355,.T.);
#5588=EDGE_CURVE('',#4404,#4405,#2356,.T.);
#5589=EDGE_CURVE('',#4406,#4405,#2357,.T.);
#5590=EDGE_CURVE('',#4403,#4406,#2358,.T.);
#5591=EDGE_CURVE('',#4407,#4403,#2359,.T.);
#5592=EDGE_CURVE('',#4408,#4406,#2360,.T.);
#5593=EDGE_CURVE('',#4407,#4408,#2361,.T.);
#5594=EDGE_CURVE('',#4409,#4407,#2362,.T.);
#5595=EDGE_CURVE('',#4410,#4408,#2363,.T.);
#5596=EDGE_CURVE('',#4409,#4410,#2364,.T.);
#5597=EDGE_CURVE('',#4404,#4409,#2365,.T.);
#5598=EDGE_CURVE('',#4405,#4410,#2366,.T.);
#5599=EDGE_CURVE('',#4411,#4412,#2367,.T.);
#5600=EDGE_CURVE('',#4412,#4413,#2368,.T.);
#5601=EDGE_CURVE('',#4414,#4413,#2369,.T.);
#5602=EDGE_CURVE('',#4411,#4414,#2370,.T.);
#5603=EDGE_CURVE('',#4415,#4411,#2371,.T.);
#5604=EDGE_CURVE('',#4416,#4414,#2372,.T.);
#5605=EDGE_CURVE('',#4415,#4416,#2373,.T.);
#5606=EDGE_CURVE('',#4417,#4415,#2374,.T.);
#5607=EDGE_CURVE('',#4418,#4416,#2375,.T.);
#5608=EDGE_CURVE('',#4417,#4418,#2376,.T.);
#5609=EDGE_CURVE('',#4412,#4417,#2377,.T.);
#5610=EDGE_CURVE('',#4413,#4418,#2378,.T.);
#5611=EDGE_CURVE('',#4419,#4420,#2379,.T.);
#5612=EDGE_CURVE('',#4420,#4421,#2380,.T.);
#5613=EDGE_CURVE('',#4422,#4421,#2381,.T.);
#5614=EDGE_CURVE('',#4419,#4422,#2382,.T.);
#5615=EDGE_CURVE('',#4423,#4419,#2383,.T.);
#5616=EDGE_CURVE('',#4424,#4422,#2384,.T.);
#5617=EDGE_CURVE('',#4423,#4424,#2385,.T.);
#5618=EDGE_CURVE('',#4425,#4423,#2386,.T.);
#5619=EDGE_CURVE('',#4426,#4424,#2387,.T.);
#5620=EDGE_CURVE('',#4425,#4426,#2388,.T.);
#5621=EDGE_CURVE('',#4420,#4425,#2389,.T.);
#5622=EDGE_CURVE('',#4421,#4426,#2390,.T.);
#5623=EDGE_CURVE('',#4427,#4428,#2391,.T.);
#5624=EDGE_CURVE('',#4428,#4429,#2392,.T.);
#5625=EDGE_CURVE('',#4430,#4429,#2393,.T.);
#5626=EDGE_CURVE('',#4427,#4430,#2394,.T.);
#5627=EDGE_CURVE('',#4431,#4427,#2395,.T.);
#5628=EDGE_CURVE('',#4432,#4430,#2396,.T.);
#5629=EDGE_CURVE('',#4431,#4432,#2397,.T.);
#5630=EDGE_CURVE('',#4433,#4431,#2398,.T.);
#5631=EDGE_CURVE('',#4434,#4432,#2399,.T.);
#5632=EDGE_CURVE('',#4433,#4434,#2400,.T.);
#5633=EDGE_CURVE('',#4428,#4433,#2401,.T.);
#5634=EDGE_CURVE('',#4429,#4434,#2402,.T.);
#5635=EDGE_CURVE('',#4435,#4436,#2403,.T.);
#5636=EDGE_CURVE('',#4436,#4437,#2404,.T.);
#5637=EDGE_CURVE('',#4438,#4437,#2405,.T.);
#5638=EDGE_CURVE('',#4435,#4438,#2406,.T.);
#5639=EDGE_CURVE('',#4439,#4435,#2407,.T.);
#5640=EDGE_CURVE('',#4440,#4438,#2408,.T.);
#5641=EDGE_CURVE('',#4439,#4440,#2409,.T.);
#5642=EDGE_CURVE('',#4441,#4439,#2410,.T.);
#5643=EDGE_CURVE('',#4442,#4440,#2411,.T.);
#5644=EDGE_CURVE('',#4441,#4442,#2412,.T.);
#5645=EDGE_CURVE('',#4436,#4441,#2413,.T.);
#5646=EDGE_CURVE('',#4437,#4442,#2414,.T.);
#5647=EDGE_CURVE('',#4443,#4444,#2415,.T.);
#5648=EDGE_CURVE('',#4444,#4445,#2416,.T.);
#5649=EDGE_CURVE('',#4446,#4445,#2417,.T.);
#5650=EDGE_CURVE('',#4443,#4446,#2418,.T.);
#5651=EDGE_CURVE('',#4447,#4443,#2419,.T.);
#5652=EDGE_CURVE('',#4448,#4446,#2420,.T.);
#5653=EDGE_CURVE('',#4447,#4448,#2421,.T.);
#5654=EDGE_CURVE('',#4449,#4447,#2422,.T.);
#5655=EDGE_CURVE('',#4450,#4448,#2423,.T.);
#5656=EDGE_CURVE('',#4449,#4450,#2424,.T.);
#5657=EDGE_CURVE('',#4444,#4449,#2425,.T.);
#5658=EDGE_CURVE('',#4445,#4450,#2426,.T.);
#5659=EDGE_CURVE('',#4451,#4452,#2427,.T.);
#5660=EDGE_CURVE('',#4452,#4453,#2428,.T.);
#5661=EDGE_CURVE('',#4454,#4453,#2429,.T.);
#5662=EDGE_CURVE('',#4451,#4454,#2430,.T.);
#5663=EDGE_CURVE('',#4455,#4451,#2431,.T.);
#5664=EDGE_CURVE('',#4456,#4454,#2432,.T.);
#5665=EDGE_CURVE('',#4455,#4456,#2433,.T.);
#5666=EDGE_CURVE('',#4457,#4455,#2434,.T.);
#5667=EDGE_CURVE('',#4458,#4456,#2435,.T.);
#5668=EDGE_CURVE('',#4457,#4458,#2436,.T.);
#5669=EDGE_CURVE('',#4452,#4457,#2437,.T.);
#5670=EDGE_CURVE('',#4453,#4458,#2438,.T.);
#5671=ORIENTED_EDGE('',*,*,#4459,.T.);
#5672=ORIENTED_EDGE('',*,*,#4460,.T.);
#5673=ORIENTED_EDGE('',*,*,#4461,.F.);
#5674=ORIENTED_EDGE('',*,*,#4462,.F.);
#5675=ORIENTED_EDGE('',*,*,#4463,.T.);
#5676=ORIENTED_EDGE('',*,*,#4462,.T.);
#5677=ORIENTED_EDGE('',*,*,#4464,.F.);
#5678=ORIENTED_EDGE('',*,*,#4465,.F.);
#5679=ORIENTED_EDGE('',*,*,#4466,.T.);
#5680=ORIENTED_EDGE('',*,*,#4465,.T.);
#5681=ORIENTED_EDGE('',*,*,#4467,.F.);
#5682=ORIENTED_EDGE('',*,*,#4468,.F.);
#5683=ORIENTED_EDGE('',*,*,#4469,.T.);
#5684=ORIENTED_EDGE('',*,*,#4468,.T.);
#5685=ORIENTED_EDGE('',*,*,#4470,.F.);
#5686=ORIENTED_EDGE('',*,*,#4460,.F.);
#5687=ORIENTED_EDGE('',*,*,#4471,.T.);
#5688=ORIENTED_EDGE('',*,*,#4472,.T.);
#5689=ORIENTED_EDGE('',*,*,#4473,.F.);
#5690=ORIENTED_EDGE('',*,*,#4474,.F.);
#5691=ORIENTED_EDGE('',*,*,#4475,.T.);
#5692=ORIENTED_EDGE('',*,*,#4474,.T.);
#5693=ORIENTED_EDGE('',*,*,#4476,.F.);
#5694=ORIENTED_EDGE('',*,*,#4477,.F.);
#5695=ORIENTED_EDGE('',*,*,#4478,.T.);
#5696=ORIENTED_EDGE('',*,*,#4477,.T.);
#5697=ORIENTED_EDGE('',*,*,#4479,.F.);
#5698=ORIENTED_EDGE('',*,*,#4480,.F.);
#5699=ORIENTED_EDGE('',*,*,#4481,.T.);
#5700=ORIENTED_EDGE('',*,*,#4480,.T.);
#5701=ORIENTED_EDGE('',*,*,#4482,.F.);
#5702=ORIENTED_EDGE('',*,*,#4472,.F.);
#5703=ORIENTED_EDGE('',*,*,#4483,.T.);
#5704=ORIENTED_EDGE('',*,*,#4484,.T.);
#5705=ORIENTED_EDGE('',*,*,#4485,.F.);
#5706=ORIENTED_EDGE('',*,*,#4486,.F.);
#5707=ORIENTED_EDGE('',*,*,#4487,.T.);
#5708=ORIENTED_EDGE('',*,*,#4486,.T.);
#5709=ORIENTED_EDGE('',*,*,#4488,.F.);
#5710=ORIENTED_EDGE('',*,*,#4489,.F.);
#5711=ORIENTED_EDGE('',*,*,#4490,.T.);
#5712=ORIENTED_EDGE('',*,*,#4489,.T.);
#5713=ORIENTED_EDGE('',*,*,#4491,.F.);
#5714=ORIENTED_EDGE('',*,*,#4492,.F.);
#5715=ORIENTED_EDGE('',*,*,#4493,.T.);
#5716=ORIENTED_EDGE('',*,*,#4492,.T.);
#5717=ORIENTED_EDGE('',*,*,#4494,.F.);
#5718=ORIENTED_EDGE('',*,*,#4484,.F.);
#5719=ORIENTED_EDGE('',*,*,#4495,.T.);
#5720=ORIENTED_EDGE('',*,*,#4496,.T.);
#5721=ORIENTED_EDGE('',*,*,#4497,.F.);
#5722=ORIENTED_EDGE('',*,*,#4498,.F.);
#5723=ORIENTED_EDGE('',*,*,#4499,.T.);
#5724=ORIENTED_EDGE('',*,*,#4498,.T.);
#5725=ORIENTED_EDGE('',*,*,#4500,.F.);
#5726=ORIENTED_EDGE('',*,*,#4501,.F.);
#5727=ORIENTED_EDGE('',*,*,#4502,.T.);
#5728=ORIENTED_EDGE('',*,*,#4501,.T.);
#5729=ORIENTED_EDGE('',*,*,#4503,.F.);
#5730=ORIENTED_EDGE('',*,*,#4504,.F.);
#5731=ORIENTED_EDGE('',*,*,#4505,.T.);
#5732=ORIENTED_EDGE('',*,*,#4504,.T.);
#5733=ORIENTED_EDGE('',*,*,#4506,.F.);
#5734=ORIENTED_EDGE('',*,*,#4496,.F.);
#5735=ORIENTED_EDGE('',*,*,#4507,.T.);
#5736=ORIENTED_EDGE('',*,*,#4508,.T.);
#5737=ORIENTED_EDGE('',*,*,#4509,.F.);
#5738=ORIENTED_EDGE('',*,*,#4510,.F.);
#5739=ORIENTED_EDGE('',*,*,#4511,.T.);
#5740=ORIENTED_EDGE('',*,*,#4510,.T.);
#5741=ORIENTED_EDGE('',*,*,#4512,.F.);
#5742=ORIENTED_EDGE('',*,*,#4513,.F.);
#5743=ORIENTED_EDGE('',*,*,#4514,.T.);
#5744=ORIENTED_EDGE('',*,*,#4513,.T.);
#5745=ORIENTED_EDGE('',*,*,#4515,.F.);
#5746=ORIENTED_EDGE('',*,*,#4516,.F.);
#5747=ORIENTED_EDGE('',*,*,#4517,.T.);
#5748=ORIENTED_EDGE('',*,*,#4516,.T.);
#5749=ORIENTED_EDGE('',*,*,#4518,.F.);
#5750=ORIENTED_EDGE('',*,*,#4508,.F.);
#5751=ORIENTED_EDGE('',*,*,#4519,.T.);
#5752=ORIENTED_EDGE('',*,*,#4520,.T.);
#5753=ORIENTED_EDGE('',*,*,#4521,.F.);
#5754=ORIENTED_EDGE('',*,*,#4522,.F.);
#5755=ORIENTED_EDGE('',*,*,#4523,.T.);
#5756=ORIENTED_EDGE('',*,*,#4522,.T.);
#5757=ORIENTED_EDGE('',*,*,#4524,.F.);
#5758=ORIENTED_EDGE('',*,*,#4525,.F.);
#5759=ORIENTED_EDGE('',*,*,#4526,.T.);
#5760=ORIENTED_EDGE('',*,*,#4525,.T.);
#5761=ORIENTED_EDGE('',*,*,#4527,.F.);
#5762=ORIENTED_EDGE('',*,*,#4528,.F.);
#5763=ORIENTED_EDGE('',*,*,#4529,.T.);
#5764=ORIENTED_EDGE('',*,*,#4528,.T.);
#5765=ORIENTED_EDGE('',*,*,#4530,.F.);
#5766=ORIENTED_EDGE('',*,*,#4520,.F.);
#5767=ORIENTED_EDGE('',*,*,#4531,.T.);
#5768=ORIENTED_EDGE('',*,*,#4532,.T.);
#5769=ORIENTED_EDGE('',*,*,#4533,.F.);
#5770=ORIENTED_EDGE('',*,*,#4534,.F.);
#5771=ORIENTED_EDGE('',*,*,#4535,.T.);
#5772=ORIENTED_EDGE('',*,*,#4534,.T.);
#5773=ORIENTED_EDGE('',*,*,#4536,.F.);
#5774=ORIENTED_EDGE('',*,*,#4537,.F.);
#5775=ORIENTED_EDGE('',*,*,#4538,.T.);
#5776=ORIENTED_EDGE('',*,*,#4537,.T.);
#5777=ORIENTED_EDGE('',*,*,#4539,.F.);
#5778=ORIENTED_EDGE('',*,*,#4540,.F.);
#5779=ORIENTED_EDGE('',*,*,#4541,.T.);
#5780=ORIENTED_EDGE('',*,*,#4540,.T.);
#5781=ORIENTED_EDGE('',*,*,#4542,.F.);
#5782=ORIENTED_EDGE('',*,*,#4532,.F.);
#5783=ORIENTED_EDGE('',*,*,#4543,.T.);
#5784=ORIENTED_EDGE('',*,*,#4544,.T.);
#5785=ORIENTED_EDGE('',*,*,#4545,.F.);
#5786=ORIENTED_EDGE('',*,*,#4546,.F.);
#5787=ORIENTED_EDGE('',*,*,#4547,.T.);
#5788=ORIENTED_EDGE('',*,*,#4546,.T.);
#5789=ORIENTED_EDGE('',*,*,#4548,.F.);
#5790=ORIENTED_EDGE('',*,*,#4549,.F.);
#5791=ORIENTED_EDGE('',*,*,#4550,.T.);
#5792=ORIENTED_EDGE('',*,*,#4549,.T.);
#5793=ORIENTED_EDGE('',*,*,#4551,.F.);
#5794=ORIENTED_EDGE('',*,*,#4552,.F.);
#5795=ORIENTED_EDGE('',*,*,#4553,.T.);
#5796=ORIENTED_EDGE('',*,*,#4552,.T.);
#5797=ORIENTED_EDGE('',*,*,#4554,.F.);
#5798=ORIENTED_EDGE('',*,*,#4544,.F.);
#5799=ORIENTED_EDGE('',*,*,#4555,.T.);
#5800=ORIENTED_EDGE('',*,*,#4556,.T.);
#5801=ORIENTED_EDGE('',*,*,#4557,.F.);
#5802=ORIENTED_EDGE('',*,*,#4558,.F.);
#5803=ORIENTED_EDGE('',*,*,#4559,.T.);
#5804=ORIENTED_EDGE('',*,*,#4558,.T.);
#5805=ORIENTED_EDGE('',*,*,#4560,.F.);
#5806=ORIENTED_EDGE('',*,*,#4561,.F.);
#5807=ORIENTED_EDGE('',*,*,#4562,.T.);
#5808=ORIENTED_EDGE('',*,*,#4561,.T.);
#5809=ORIENTED_EDGE('',*,*,#4563,.F.);
#5810=ORIENTED_EDGE('',*,*,#4564,.F.);
#5811=ORIENTED_EDGE('',*,*,#4565,.T.);
#5812=ORIENTED_EDGE('',*,*,#4564,.T.);
#5813=ORIENTED_EDGE('',*,*,#4566,.F.);
#5814=ORIENTED_EDGE('',*,*,#4556,.F.);
#5815=ORIENTED_EDGE('',*,*,#4567,.T.);
#5816=ORIENTED_EDGE('',*,*,#4568,.T.);
#5817=ORIENTED_EDGE('',*,*,#4569,.F.);
#5818=ORIENTED_EDGE('',*,*,#4570,.F.);
#5819=ORIENTED_EDGE('',*,*,#4571,.T.);
#5820=ORIENTED_EDGE('',*,*,#4570,.T.);
#5821=ORIENTED_EDGE('',*,*,#4572,.F.);
#5822=ORIENTED_EDGE('',*,*,#4573,.F.);
#5823=ORIENTED_EDGE('',*,*,#4574,.T.);
#5824=ORIENTED_EDGE('',*,*,#4573,.T.);
#5825=ORIENTED_EDGE('',*,*,#4575,.F.);
#5826=ORIENTED_EDGE('',*,*,#4576,.F.);
#5827=ORIENTED_EDGE('',*,*,#4577,.T.);
#5828=ORIENTED_EDGE('',*,*,#4576,.T.);
#5829=ORIENTED_EDGE('',*,*,#4578,.F.);
#5830=ORIENTED_EDGE('',*,*,#4568,.F.);
#5831=ORIENTED_EDGE('',*,*,#4579,.T.);
#5832=ORIENTED_EDGE('',*,*,#4580,.T.);
#5833=ORIENTED_EDGE('',*,*,#4581,.F.);
#5834=ORIENTED_EDGE('',*,*,#4582,.F.);
#5835=ORIENTED_EDGE('',*,*,#4583,.T.);
#5836=ORIENTED_EDGE('',*,*,#4582,.T.);
#5837=ORIENTED_EDGE('',*,*,#4584,.F.);
#5838=ORIENTED_EDGE('',*,*,#4585,.F.);
#5839=ORIENTED_EDGE('',*,*,#4586,.T.);
#5840=ORIENTED_EDGE('',*,*,#4585,.T.);
#5841=ORIENTED_EDGE('',*,*,#4587,.F.);
#5842=ORIENTED_EDGE('',*,*,#4588,.F.);
#5843=ORIENTED_EDGE('',*,*,#4589,.T.);
#5844=ORIENTED_EDGE('',*,*,#4588,.T.);
#5845=ORIENTED_EDGE('',*,*,#4590,.F.);
#5846=ORIENTED_EDGE('',*,*,#4580,.F.);
#5847=ORIENTED_EDGE('',*,*,#4591,.T.);
#5848=ORIENTED_EDGE('',*,*,#4592,.T.);
#5849=ORIENTED_EDGE('',*,*,#4593,.F.);
#5850=ORIENTED_EDGE('',*,*,#4594,.F.);
#5851=ORIENTED_EDGE('',*,*,#4595,.T.);
#5852=ORIENTED_EDGE('',*,*,#4594,.T.);
#5853=ORIENTED_EDGE('',*,*,#4596,.F.);
#5854=ORIENTED_EDGE('',*,*,#4597,.F.);
#5855=ORIENTED_EDGE('',*,*,#4598,.T.);
#5856=ORIENTED_EDGE('',*,*,#4597,.T.);
#5857=ORIENTED_EDGE('',*,*,#4599,.F.);
#5858=ORIENTED_EDGE('',*,*,#4600,.F.);
#5859=ORIENTED_EDGE('',*,*,#4601,.T.);
#5860=ORIENTED_EDGE('',*,*,#4600,.T.);
#5861=ORIENTED_EDGE('',*,*,#4602,.F.);
#5862=ORIENTED_EDGE('',*,*,#4592,.F.);
#5863=ORIENTED_EDGE('',*,*,#4603,.T.);
#5864=ORIENTED_EDGE('',*,*,#4604,.T.);
#5865=ORIENTED_EDGE('',*,*,#4605,.F.);
#5866=ORIENTED_EDGE('',*,*,#4606,.F.);
#5867=ORIENTED_EDGE('',*,*,#4607,.T.);
#5868=ORIENTED_EDGE('',*,*,#4606,.T.);
#5869=ORIENTED_EDGE('',*,*,#4608,.F.);
#5870=ORIENTED_EDGE('',*,*,#4609,.F.);
#5871=ORIENTED_EDGE('',*,*,#4610,.T.);
#5872=ORIENTED_EDGE('',*,*,#4609,.T.);
#5873=ORIENTED_EDGE('',*,*,#4611,.F.);
#5874=ORIENTED_EDGE('',*,*,#4612,.F.);
#5875=ORIENTED_EDGE('',*,*,#4613,.T.);
#5876=ORIENTED_EDGE('',*,*,#4612,.T.);
#5877=ORIENTED_EDGE('',*,*,#4614,.F.);
#5878=ORIENTED_EDGE('',*,*,#4604,.F.);
#5879=ORIENTED_EDGE('',*,*,#4615,.T.);
#5880=ORIENTED_EDGE('',*,*,#4616,.T.);
#5881=ORIENTED_EDGE('',*,*,#4617,.F.);
#5882=ORIENTED_EDGE('',*,*,#4618,.F.);
#5883=ORIENTED_EDGE('',*,*,#4619,.T.);
#5884=ORIENTED_EDGE('',*,*,#4618,.T.);
#5885=ORIENTED_EDGE('',*,*,#4620,.F.);
#5886=ORIENTED_EDGE('',*,*,#4621,.F.);
#5887=ORIENTED_EDGE('',*,*,#4622,.T.);
#5888=ORIENTED_EDGE('',*,*,#4621,.T.);
#5889=ORIENTED_EDGE('',*,*,#4623,.F.);
#5890=ORIENTED_EDGE('',*,*,#4624,.F.);
#5891=ORIENTED_EDGE('',*,*,#4625,.T.);
#5892=ORIENTED_EDGE('',*,*,#4624,.T.);
#5893=ORIENTED_EDGE('',*,*,#4626,.F.);
#5894=ORIENTED_EDGE('',*,*,#4616,.F.);
#5895=ORIENTED_EDGE('',*,*,#4627,.T.);
#5896=ORIENTED_EDGE('',*,*,#4628,.T.);
#5897=ORIENTED_EDGE('',*,*,#4629,.F.);
#5898=ORIENTED_EDGE('',*,*,#4630,.F.);
#5899=ORIENTED_EDGE('',*,*,#4631,.T.);
#5900=ORIENTED_EDGE('',*,*,#4630,.T.);
#5901=ORIENTED_EDGE('',*,*,#4632,.F.);
#5902=ORIENTED_EDGE('',*,*,#4633,.F.);
#5903=ORIENTED_EDGE('',*,*,#4634,.T.);
#5904=ORIENTED_EDGE('',*,*,#4633,.T.);
#5905=ORIENTED_EDGE('',*,*,#4635,.F.);
#5906=ORIENTED_EDGE('',*,*,#4636,.F.);
#5907=ORIENTED_EDGE('',*,*,#4637,.T.);
#5908=ORIENTED_EDGE('',*,*,#4636,.T.);
#5909=ORIENTED_EDGE('',*,*,#4638,.F.);
#5910=ORIENTED_EDGE('',*,*,#4628,.F.);
#5911=ORIENTED_EDGE('',*,*,#4639,.T.);
#5912=ORIENTED_EDGE('',*,*,#4640,.T.);
#5913=ORIENTED_EDGE('',*,*,#4641,.F.);
#5914=ORIENTED_EDGE('',*,*,#4642,.F.);
#5915=ORIENTED_EDGE('',*,*,#4643,.T.);
#5916=ORIENTED_EDGE('',*,*,#4642,.T.);
#5917=ORIENTED_EDGE('',*,*,#4644,.F.);
#5918=ORIENTED_EDGE('',*,*,#4645,.F.);
#5919=ORIENTED_EDGE('',*,*,#4646,.T.);
#5920=ORIENTED_EDGE('',*,*,#4645,.T.);
#5921=ORIENTED_EDGE('',*,*,#4647,.F.);
#5922=ORIENTED_EDGE('',*,*,#4648,.F.);
#5923=ORIENTED_EDGE('',*,*,#4649,.T.);
#5924=ORIENTED_EDGE('',*,*,#4648,.T.);
#5925=ORIENTED_EDGE('',*,*,#4650,.F.);
#5926=ORIENTED_EDGE('',*,*,#4640,.F.);
#5927=ORIENTED_EDGE('',*,*,#4651,.T.);
#5928=ORIENTED_EDGE('',*,*,#4652,.T.);
#5929=ORIENTED_EDGE('',*,*,#4653,.F.);
#5930=ORIENTED_EDGE('',*,*,#4654,.F.);
#5931=ORIENTED_EDGE('',*,*,#4655,.T.);
#5932=ORIENTED_EDGE('',*,*,#4654,.T.);
#5933=ORIENTED_EDGE('',*,*,#4656,.F.);
#5934=ORIENTED_EDGE('',*,*,#4657,.F.);
#5935=ORIENTED_EDGE('',*,*,#4658,.T.);
#5936=ORIENTED_EDGE('',*,*,#4657,.T.);
#5937=ORIENTED_EDGE('',*,*,#4659,.F.);
#5938=ORIENTED_EDGE('',*,*,#4660,.F.);
#5939=ORIENTED_EDGE('',*,*,#4661,.T.);
#5940=ORIENTED_EDGE('',*,*,#4660,.T.);
#5941=ORIENTED_EDGE('',*,*,#4662,.F.);
#5942=ORIENTED_EDGE('',*,*,#4652,.F.);
#5943=ORIENTED_EDGE('',*,*,#4663,.T.);
#5944=ORIENTED_EDGE('',*,*,#4664,.T.);
#5945=ORIENTED_EDGE('',*,*,#4665,.F.);
#5946=ORIENTED_EDGE('',*,*,#4666,.F.);
#5947=ORIENTED_EDGE('',*,*,#4667,.T.);
#5948=ORIENTED_EDGE('',*,*,#4666,.T.);
#5949=ORIENTED_EDGE('',*,*,#4668,.F.);
#5950=ORIENTED_EDGE('',*,*,#4669,.F.);
#5951=ORIENTED_EDGE('',*,*,#4670,.T.);
#5952=ORIENTED_EDGE('',*,*,#4669,.T.);
#5953=ORIENTED_EDGE('',*,*,#4671,.F.);
#5954=ORIENTED_EDGE('',*,*,#4672,.F.);
#5955=ORIENTED_EDGE('',*,*,#4673,.T.);
#5956=ORIENTED_EDGE('',*,*,#4672,.T.);
#5957=ORIENTED_EDGE('',*,*,#4674,.F.);
#5958=ORIENTED_EDGE('',*,*,#4664,.F.);
#5959=ORIENTED_EDGE('',*,*,#4675,.T.);
#5960=ORIENTED_EDGE('',*,*,#4676,.T.);
#5961=ORIENTED_EDGE('',*,*,#4677,.F.);
#5962=ORIENTED_EDGE('',*,*,#4678,.F.);
#5963=ORIENTED_EDGE('',*,*,#4679,.T.);
#5964=ORIENTED_EDGE('',*,*,#4678,.T.);
#5965=ORIENTED_EDGE('',*,*,#4680,.F.);
#5966=ORIENTED_EDGE('',*,*,#4681,.F.);
#5967=ORIENTED_EDGE('',*,*,#4682,.T.);
#5968=ORIENTED_EDGE('',*,*,#4681,.T.);
#5969=ORIENTED_EDGE('',*,*,#4683,.F.);
#5970=ORIENTED_EDGE('',*,*,#4684,.F.);
#5971=ORIENTED_EDGE('',*,*,#4685,.T.);
#5972=ORIENTED_EDGE('',*,*,#4684,.T.);
#5973=ORIENTED_EDGE('',*,*,#4686,.F.);
#5974=ORIENTED_EDGE('',*,*,#4676,.F.);
#5975=ORIENTED_EDGE('',*,*,#4687,.T.);
#5976=ORIENTED_EDGE('',*,*,#4688,.T.);
#5977=ORIENTED_EDGE('',*,*,#4689,.F.);
#5978=ORIENTED_EDGE('',*,*,#4690,.F.);
#5979=ORIENTED_EDGE('',*,*,#4691,.T.);
#5980=ORIENTED_EDGE('',*,*,#4690,.T.);
#5981=ORIENTED_EDGE('',*,*,#4692,.F.);
#5982=ORIENTED_EDGE('',*,*,#4693,.F.);
#5983=ORIENTED_EDGE('',*,*,#4694,.T.);
#5984=ORIENTED_EDGE('',*,*,#4693,.T.);
#5985=ORIENTED_EDGE('',*,*,#4695,.F.);
#5986=ORIENTED_EDGE('',*,*,#4696,.F.);
#5987=ORIENTED_EDGE('',*,*,#4697,.T.);
#5988=ORIENTED_EDGE('',*,*,#4696,.T.);
#5989=ORIENTED_EDGE('',*,*,#4698,.F.);
#5990=ORIENTED_EDGE('',*,*,#4688,.F.);
#5991=ORIENTED_EDGE('',*,*,#4699,.T.);
#5992=ORIENTED_EDGE('',*,*,#4700,.T.);
#5993=ORIENTED_EDGE('',*,*,#4701,.F.);
#5994=ORIENTED_EDGE('',*,*,#4702,.F.);
#5995=ORIENTED_EDGE('',*,*,#4703,.T.);
#5996=ORIENTED_EDGE('',*,*,#4702,.T.);
#5997=ORIENTED_EDGE('',*,*,#4704,.F.);
#5998=ORIENTED_EDGE('',*,*,#4705,.F.);
#5999=ORIENTED_EDGE('',*,*,#4706,.T.);
#6000=ORIENTED_EDGE('',*,*,#4705,.T.);
#6001=ORIENTED_EDGE('',*,*,#4707,.F.);
#6002=ORIENTED_EDGE('',*,*,#4708,.F.);
#6003=ORIENTED_EDGE('',*,*,#4709,.T.);
#6004=ORIENTED_EDGE('',*,*,#4708,.T.);
#6005=ORIENTED_EDGE('',*,*,#4710,.F.);
#6006=ORIENTED_EDGE('',*,*,#4700,.F.);
#6007=ORIENTED_EDGE('',*,*,#4711,.T.);
#6008=ORIENTED_EDGE('',*,*,#4712,.T.);
#6009=ORIENTED_EDGE('',*,*,#4713,.F.);
#6010=ORIENTED_EDGE('',*,*,#4714,.F.);
#6011=ORIENTED_EDGE('',*,*,#4715,.T.);
#6012=ORIENTED_EDGE('',*,*,#4714,.T.);
#6013=ORIENTED_EDGE('',*,*,#4716,.F.);
#6014=ORIENTED_EDGE('',*,*,#4717,.F.);
#6015=ORIENTED_EDGE('',*,*,#4718,.T.);
#6016=ORIENTED_EDGE('',*,*,#4717,.T.);
#6017=ORIENTED_EDGE('',*,*,#4719,.F.);
#6018=ORIENTED_EDGE('',*,*,#4720,.F.);
#6019=ORIENTED_EDGE('',*,*,#4721,.T.);
#6020=ORIENTED_EDGE('',*,*,#4720,.T.);
#6021=ORIENTED_EDGE('',*,*,#4722,.F.);
#6022=ORIENTED_EDGE('',*,*,#4712,.F.);
#6023=ORIENTED_EDGE('',*,*,#4723,.T.);
#6024=ORIENTED_EDGE('',*,*,#4724,.T.);
#6025=ORIENTED_EDGE('',*,*,#4725,.F.);
#6026=ORIENTED_EDGE('',*,*,#4726,.F.);
#6027=ORIENTED_EDGE('',*,*,#4727,.T.);
#6028=ORIENTED_EDGE('',*,*,#4726,.T.);
#6029=ORIENTED_EDGE('',*,*,#4728,.F.);
#6030=ORIENTED_EDGE('',*,*,#4729,.F.);
#6031=ORIENTED_EDGE('',*,*,#4730,.T.);
#6032=ORIENTED_EDGE('',*,*,#4729,.T.);
#6033=ORIENTED_EDGE('',*,*,#4731,.F.);
#6034=ORIENTED_EDGE('',*,*,#4732,.F.);
#6035=ORIENTED_EDGE('',*,*,#4733,.T.);
#6036=ORIENTED_EDGE('',*,*,#4732,.T.);
#6037=ORIENTED_EDGE('',*,*,#4734,.F.);
#6038=ORIENTED_EDGE('',*,*,#4724,.F.);
#6039=ORIENTED_EDGE('',*,*,#4735,.T.);
#6040=ORIENTED_EDGE('',*,*,#4736,.T.);
#6041=ORIENTED_EDGE('',*,*,#4737,.F.);
#6042=ORIENTED_EDGE('',*,*,#4738,.F.);
#6043=ORIENTED_EDGE('',*,*,#4739,.T.);
#6044=ORIENTED_EDGE('',*,*,#4738,.T.);
#6045=ORIENTED_EDGE('',*,*,#4740,.F.);
#6046=ORIENTED_EDGE('',*,*,#4741,.F.);
#6047=ORIENTED_EDGE('',*,*,#4742,.T.);
#6048=ORIENTED_EDGE('',*,*,#4741,.T.);
#6049=ORIENTED_EDGE('',*,*,#4743,.F.);
#6050=ORIENTED_EDGE('',*,*,#4744,.F.);
#6051=ORIENTED_EDGE('',*,*,#4745,.T.);
#6052=ORIENTED_EDGE('',*,*,#4744,.T.);
#6053=ORIENTED_EDGE('',*,*,#4746,.F.);
#6054=ORIENTED_EDGE('',*,*,#4736,.F.);
#6055=ORIENTED_EDGE('',*,*,#4747,.T.);
#6056=ORIENTED_EDGE('',*,*,#4748,.T.);
#6057=ORIENTED_EDGE('',*,*,#4749,.F.);
#6058=ORIENTED_EDGE('',*,*,#4750,.F.);
#6059=ORIENTED_EDGE('',*,*,#4751,.T.);
#6060=ORIENTED_EDGE('',*,*,#4750,.T.);
#6061=ORIENTED_EDGE('',*,*,#4752,.F.);
#6062=ORIENTED_EDGE('',*,*,#4753,.F.);
#6063=ORIENTED_EDGE('',*,*,#4754,.T.);
#6064=ORIENTED_EDGE('',*,*,#4753,.T.);
#6065=ORIENTED_EDGE('',*,*,#4755,.F.);
#6066=ORIENTED_EDGE('',*,*,#4756,.F.);
#6067=ORIENTED_EDGE('',*,*,#4757,.T.);
#6068=ORIENTED_EDGE('',*,*,#4756,.T.);
#6069=ORIENTED_EDGE('',*,*,#4758,.F.);
#6070=ORIENTED_EDGE('',*,*,#4748,.F.);
#6071=ORIENTED_EDGE('',*,*,#4759,.T.);
#6072=ORIENTED_EDGE('',*,*,#4760,.T.);
#6073=ORIENTED_EDGE('',*,*,#4761,.F.);
#6074=ORIENTED_EDGE('',*,*,#4762,.F.);
#6075=ORIENTED_EDGE('',*,*,#4763,.T.);
#6076=ORIENTED_EDGE('',*,*,#4762,.T.);
#6077=ORIENTED_EDGE('',*,*,#4764,.F.);
#6078=ORIENTED_EDGE('',*,*,#4765,.F.);
#6079=ORIENTED_EDGE('',*,*,#4766,.T.);
#6080=ORIENTED_EDGE('',*,*,#4765,.T.);
#6081=ORIENTED_EDGE('',*,*,#4767,.F.);
#6082=ORIENTED_EDGE('',*,*,#4768,.F.);
#6083=ORIENTED_EDGE('',*,*,#4769,.T.);
#6084=ORIENTED_EDGE('',*,*,#4768,.T.);
#6085=ORIENTED_EDGE('',*,*,#4770,.F.);
#6086=ORIENTED_EDGE('',*,*,#4760,.F.);
#6087=ORIENTED_EDGE('',*,*,#4771,.T.);
#6088=ORIENTED_EDGE('',*,*,#4772,.T.);
#6089=ORIENTED_EDGE('',*,*,#4773,.F.);
#6090=ORIENTED_EDGE('',*,*,#4774,.F.);
#6091=ORIENTED_EDGE('',*,*,#4775,.T.);
#6092=ORIENTED_EDGE('',*,*,#4774,.T.);
#6093=ORIENTED_EDGE('',*,*,#4776,.F.);
#6094=ORIENTED_EDGE('',*,*,#4777,.F.);
#6095=ORIENTED_EDGE('',*,*,#4778,.T.);
#6096=ORIENTED_EDGE('',*,*,#4777,.T.);
#6097=ORIENTED_EDGE('',*,*,#4779,.F.);
#6098=ORIENTED_EDGE('',*,*,#4780,.F.);
#6099=ORIENTED_EDGE('',*,*,#4781,.T.);
#6100=ORIENTED_EDGE('',*,*,#4780,.T.);
#6101=ORIENTED_EDGE('',*,*,#4782,.F.);
#6102=ORIENTED_EDGE('',*,*,#4772,.F.);
#6103=ORIENTED_EDGE('',*,*,#4783,.T.);
#6104=ORIENTED_EDGE('',*,*,#4784,.T.);
#6105=ORIENTED_EDGE('',*,*,#4785,.F.);
#6106=ORIENTED_EDGE('',*,*,#4786,.F.);
#6107=ORIENTED_EDGE('',*,*,#4787,.T.);
#6108=ORIENTED_EDGE('',*,*,#4786,.T.);
#6109=ORIENTED_EDGE('',*,*,#4788,.F.);
#6110=ORIENTED_EDGE('',*,*,#4789,.F.);
#6111=ORIENTED_EDGE('',*,*,#4790,.T.);
#6112=ORIENTED_EDGE('',*,*,#4789,.T.);
#6113=ORIENTED_EDGE('',*,*,#4791,.F.);
#6114=ORIENTED_EDGE('',*,*,#4792,.F.);
#6115=ORIENTED_EDGE('',*,*,#4793,.T.);
#6116=ORIENTED_EDGE('',*,*,#4792,.T.);
#6117=ORIENTED_EDGE('',*,*,#4794,.F.);
#6118=ORIENTED_EDGE('',*,*,#4784,.F.);
#6119=ORIENTED_EDGE('',*,*,#4795,.T.);
#6120=ORIENTED_EDGE('',*,*,#4796,.T.);
#6121=ORIENTED_EDGE('',*,*,#4797,.F.);
#6122=ORIENTED_EDGE('',*,*,#4798,.F.);
#6123=ORIENTED_EDGE('',*,*,#4799,.T.);
#6124=ORIENTED_EDGE('',*,*,#4798,.T.);
#6125=ORIENTED_EDGE('',*,*,#4800,.F.);
#6126=ORIENTED_EDGE('',*,*,#4801,.F.);
#6127=ORIENTED_EDGE('',*,*,#4802,.T.);
#6128=ORIENTED_EDGE('',*,*,#4801,.T.);
#6129=ORIENTED_EDGE('',*,*,#4803,.F.);
#6130=ORIENTED_EDGE('',*,*,#4804,.F.);
#6131=ORIENTED_EDGE('',*,*,#4805,.T.);
#6132=ORIENTED_EDGE('',*,*,#4804,.T.);
#6133=ORIENTED_EDGE('',*,*,#4806,.F.);
#6134=ORIENTED_EDGE('',*,*,#4796,.F.);
#6135=ORIENTED_EDGE('',*,*,#4807,.T.);
#6136=ORIENTED_EDGE('',*,*,#4808,.T.);
#6137=ORIENTED_EDGE('',*,*,#4809,.F.);
#6138=ORIENTED_EDGE('',*,*,#4810,.F.);
#6139=ORIENTED_EDGE('',*,*,#4811,.T.);
#6140=ORIENTED_EDGE('',*,*,#4810,.T.);
#6141=ORIENTED_EDGE('',*,*,#4812,.F.);
#6142=ORIENTED_EDGE('',*,*,#4813,.F.);
#6143=ORIENTED_EDGE('',*,*,#4814,.T.);
#6144=ORIENTED_EDGE('',*,*,#4813,.T.);
#6145=ORIENTED_EDGE('',*,*,#4815,.F.);
#6146=ORIENTED_EDGE('',*,*,#4816,.F.);
#6147=ORIENTED_EDGE('',*,*,#4817,.T.);
#6148=ORIENTED_EDGE('',*,*,#4816,.T.);
#6149=ORIENTED_EDGE('',*,*,#4818,.F.);
#6150=ORIENTED_EDGE('',*,*,#4808,.F.);
#6151=ORIENTED_EDGE('',*,*,#4819,.T.);
#6152=ORIENTED_EDGE('',*,*,#4820,.T.);
#6153=ORIENTED_EDGE('',*,*,#4821,.F.);
#6154=ORIENTED_EDGE('',*,*,#4822,.F.);
#6155=ORIENTED_EDGE('',*,*,#4823,.T.);
#6156=ORIENTED_EDGE('',*,*,#4822,.T.);
#6157=ORIENTED_EDGE('',*,*,#4824,.F.);
#6158=ORIENTED_EDGE('',*,*,#4825,.F.);
#6159=ORIENTED_EDGE('',*,*,#4826,.T.);
#6160=ORIENTED_EDGE('',*,*,#4825,.T.);
#6161=ORIENTED_EDGE('',*,*,#4827,.F.);
#6162=ORIENTED_EDGE('',*,*,#4828,.F.);
#6163=ORIENTED_EDGE('',*,*,#4829,.T.);
#6164=ORIENTED_EDGE('',*,*,#4828,.T.);
#6165=ORIENTED_EDGE('',*,*,#4830,.F.);
#6166=ORIENTED_EDGE('',*,*,#4820,.F.);
#6167=ORIENTED_EDGE('',*,*,#4831,.T.);
#6168=ORIENTED_EDGE('',*,*,#4832,.T.);
#6169=ORIENTED_EDGE('',*,*,#4833,.F.);
#6170=ORIENTED_EDGE('',*,*,#4834,.F.);
#6171=ORIENTED_EDGE('',*,*,#4835,.T.);
#6172=ORIENTED_EDGE('',*,*,#4834,.T.);
#6173=ORIENTED_EDGE('',*,*,#4836,.F.);
#6174=ORIENTED_EDGE('',*,*,#4837,.F.);
#6175=ORIENTED_EDGE('',*,*,#4838,.T.);
#6176=ORIENTED_EDGE('',*,*,#4837,.T.);
#6177=ORIENTED_EDGE('',*,*,#4839,.F.);
#6178=ORIENTED_EDGE('',*,*,#4840,.F.);
#6179=ORIENTED_EDGE('',*,*,#4841,.T.);
#6180=ORIENTED_EDGE('',*,*,#4840,.T.);
#6181=ORIENTED_EDGE('',*,*,#4842,.F.);
#6182=ORIENTED_EDGE('',*,*,#4832,.F.);
#6183=ORIENTED_EDGE('',*,*,#4843,.T.);
#6184=ORIENTED_EDGE('',*,*,#4844,.T.);
#6185=ORIENTED_EDGE('',*,*,#4845,.F.);
#6186=ORIENTED_EDGE('',*,*,#4846,.F.);
#6187=ORIENTED_EDGE('',*,*,#4847,.T.);
#6188=ORIENTED_EDGE('',*,*,#4846,.T.);
#6189=ORIENTED_EDGE('',*,*,#4848,.F.);
#6190=ORIENTED_EDGE('',*,*,#4849,.F.);
#6191=ORIENTED_EDGE('',*,*,#4850,.T.);
#6192=ORIENTED_EDGE('',*,*,#4849,.T.);
#6193=ORIENTED_EDGE('',*,*,#4851,.F.);
#6194=ORIENTED_EDGE('',*,*,#4852,.F.);
#6195=ORIENTED_EDGE('',*,*,#4853,.T.);
#6196=ORIENTED_EDGE('',*,*,#4852,.T.);
#6197=ORIENTED_EDGE('',*,*,#4854,.F.);
#6198=ORIENTED_EDGE('',*,*,#4844,.F.);
#6199=ORIENTED_EDGE('',*,*,#4855,.T.);
#6200=ORIENTED_EDGE('',*,*,#4856,.T.);
#6201=ORIENTED_EDGE('',*,*,#4857,.F.);
#6202=ORIENTED_EDGE('',*,*,#4858,.F.);
#6203=ORIENTED_EDGE('',*,*,#4859,.T.);
#6204=ORIENTED_EDGE('',*,*,#4858,.T.);
#6205=ORIENTED_EDGE('',*,*,#4860,.F.);
#6206=ORIENTED_EDGE('',*,*,#4861,.F.);
#6207=ORIENTED_EDGE('',*,*,#4862,.T.);
#6208=ORIENTED_EDGE('',*,*,#4861,.T.);
#6209=ORIENTED_EDGE('',*,*,#4863,.F.);
#6210=ORIENTED_EDGE('',*,*,#4864,.F.);
#6211=ORIENTED_EDGE('',*,*,#4865,.T.);
#6212=ORIENTED_EDGE('',*,*,#4864,.T.);
#6213=ORIENTED_EDGE('',*,*,#4866,.F.);
#6214=ORIENTED_EDGE('',*,*,#4856,.F.);
#6215=ORIENTED_EDGE('',*,*,#4867,.T.);
#6216=ORIENTED_EDGE('',*,*,#4868,.T.);
#6217=ORIENTED_EDGE('',*,*,#4869,.F.);
#6218=ORIENTED_EDGE('',*,*,#4870,.F.);
#6219=ORIENTED_EDGE('',*,*,#4871,.T.);
#6220=ORIENTED_EDGE('',*,*,#4870,.T.);
#6221=ORIENTED_EDGE('',*,*,#4872,.F.);
#6222=ORIENTED_EDGE('',*,*,#4873,.F.);
#6223=ORIENTED_EDGE('',*,*,#4874,.T.);
#6224=ORIENTED_EDGE('',*,*,#4873,.T.);
#6225=ORIENTED_EDGE('',*,*,#4875,.F.);
#6226=ORIENTED_EDGE('',*,*,#4876,.F.);
#6227=ORIENTED_EDGE('',*,*,#4877,.T.);
#6228=ORIENTED_EDGE('',*,*,#4876,.T.);
#6229=ORIENTED_EDGE('',*,*,#4878,.F.);
#6230=ORIENTED_EDGE('',*,*,#4868,.F.);
#6231=ORIENTED_EDGE('',*,*,#4879,.T.);
#6232=ORIENTED_EDGE('',*,*,#4880,.T.);
#6233=ORIENTED_EDGE('',*,*,#4881,.F.);
#6234=ORIENTED_EDGE('',*,*,#4882,.F.);
#6235=ORIENTED_EDGE('',*,*,#4883,.T.);
#6236=ORIENTED_EDGE('',*,*,#4882,.T.);
#6237=ORIENTED_EDGE('',*,*,#4884,.F.);
#6238=ORIENTED_EDGE('',*,*,#4885,.F.);
#6239=ORIENTED_EDGE('',*,*,#4886,.T.);
#6240=ORIENTED_EDGE('',*,*,#4885,.T.);
#6241=ORIENTED_EDGE('',*,*,#4887,.F.);
#6242=ORIENTED_EDGE('',*,*,#4888,.F.);
#6243=ORIENTED_EDGE('',*,*,#4889,.T.);
#6244=ORIENTED_EDGE('',*,*,#4888,.T.);
#6245=ORIENTED_EDGE('',*,*,#4890,.F.);
#6246=ORIENTED_EDGE('',*,*,#4880,.F.);
#6247=ORIENTED_EDGE('',*,*,#4891,.T.);
#6248=ORIENTED_EDGE('',*,*,#4892,.T.);
#6249=ORIENTED_EDGE('',*,*,#4893,.F.);
#6250=ORIENTED_EDGE('',*,*,#4894,.F.);
#6251=ORIENTED_EDGE('',*,*,#4895,.T.);
#6252=ORIENTED_EDGE('',*,*,#4894,.T.);
#6253=ORIENTED_EDGE('',*,*,#4896,.F.);
#6254=ORIENTED_EDGE('',*,*,#4897,.F.);
#6255=ORIENTED_EDGE('',*,*,#4898,.T.);
#6256=ORIENTED_EDGE('',*,*,#4897,.T.);
#6257=ORIENTED_EDGE('',*,*,#4899,.F.);
#6258=ORIENTED_EDGE('',*,*,#4900,.F.);
#6259=ORIENTED_EDGE('',*,*,#4901,.T.);
#6260=ORIENTED_EDGE('',*,*,#4900,.T.);
#6261=ORIENTED_EDGE('',*,*,#4902,.F.);
#6262=ORIENTED_EDGE('',*,*,#4892,.F.);
#6263=ORIENTED_EDGE('',*,*,#4903,.T.);
#6264=ORIENTED_EDGE('',*,*,#4904,.T.);
#6265=ORIENTED_EDGE('',*,*,#4905,.F.);
#6266=ORIENTED_EDGE('',*,*,#4906,.F.);
#6267=ORIENTED_EDGE('',*,*,#4907,.T.);
#6268=ORIENTED_EDGE('',*,*,#4906,.T.);
#6269=ORIENTED_EDGE('',*,*,#4908,.F.);
#6270=ORIENTED_EDGE('',*,*,#4909,.F.);
#6271=ORIENTED_EDGE('',*,*,#4910,.T.);
#6272=ORIENTED_EDGE('',*,*,#4909,.T.);
#6273=ORIENTED_EDGE('',*,*,#4911,.F.);
#6274=ORIENTED_EDGE('',*,*,#4912,.F.);
#6275=ORIENTED_EDGE('',*,*,#4913,.T.);
#6276=ORIENTED_EDGE('',*,*,#4912,.T.);
#6277=ORIENTED_EDGE('',*,*,#4914,.F.);
#6278=ORIENTED_EDGE('',*,*,#4904,.F.);
#6279=ORIENTED_EDGE('',*,*,#4915,.T.);
#6280=ORIENTED_EDGE('',*,*,#4916,.T.);
#6281=ORIENTED_EDGE('',*,*,#4917,.F.);
#6282=ORIENTED_EDGE('',*,*,#4918,.F.);
#6283=ORIENTED_EDGE('',*,*,#4919,.T.);
#6284=ORIENTED_EDGE('',*,*,#4918,.T.);
#6285=ORIENTED_EDGE('',*,*,#4920,.F.);
#6286=ORIENTED_EDGE('',*,*,#4921,.F.);
#6287=ORIENTED_EDGE('',*,*,#4922,.T.);
#6288=ORIENTED_EDGE('',*,*,#4921,.T.);
#6289=ORIENTED_EDGE('',*,*,#4923,.F.);
#6290=ORIENTED_EDGE('',*,*,#4924,.F.);
#6291=ORIENTED_EDGE('',*,*,#4925,.T.);
#6292=ORIENTED_EDGE('',*,*,#4924,.T.);
#6293=ORIENTED_EDGE('',*,*,#4926,.F.);
#6294=ORIENTED_EDGE('',*,*,#4916,.F.);
#6295=ORIENTED_EDGE('',*,*,#4927,.T.);
#6296=ORIENTED_EDGE('',*,*,#4928,.T.);
#6297=ORIENTED_EDGE('',*,*,#4929,.F.);
#6298=ORIENTED_EDGE('',*,*,#4930,.F.);
#6299=ORIENTED_EDGE('',*,*,#4931,.T.);
#6300=ORIENTED_EDGE('',*,*,#4930,.T.);
#6301=ORIENTED_EDGE('',*,*,#4932,.F.);
#6302=ORIENTED_EDGE('',*,*,#4933,.F.);
#6303=ORIENTED_EDGE('',*,*,#4934,.T.);
#6304=ORIENTED_EDGE('',*,*,#4933,.T.);
#6305=ORIENTED_EDGE('',*,*,#4935,.F.);
#6306=ORIENTED_EDGE('',*,*,#4936,.F.);
#6307=ORIENTED_EDGE('',*,*,#4937,.T.);
#6308=ORIENTED_EDGE('',*,*,#4936,.T.);
#6309=ORIENTED_EDGE('',*,*,#4938,.F.);
#6310=ORIENTED_EDGE('',*,*,#4928,.F.);
#6311=ORIENTED_EDGE('',*,*,#4939,.T.);
#6312=ORIENTED_EDGE('',*,*,#4940,.T.);
#6313=ORIENTED_EDGE('',*,*,#4941,.F.);
#6314=ORIENTED_EDGE('',*,*,#4942,.F.);
#6315=ORIENTED_EDGE('',*,*,#4943,.T.);
#6316=ORIENTED_EDGE('',*,*,#4942,.T.);
#6317=ORIENTED_EDGE('',*,*,#4944,.F.);
#6318=ORIENTED_EDGE('',*,*,#4945,.F.);
#6319=ORIENTED_EDGE('',*,*,#4946,.T.);
#6320=ORIENTED_EDGE('',*,*,#4945,.T.);
#6321=ORIENTED_EDGE('',*,*,#4947,.F.);
#6322=ORIENTED_EDGE('',*,*,#4948,.F.);
#6323=ORIENTED_EDGE('',*,*,#4949,.T.);
#6324=ORIENTED_EDGE('',*,*,#4948,.T.);
#6325=ORIENTED_EDGE('',*,*,#4950,.F.);
#6326=ORIENTED_EDGE('',*,*,#4940,.F.);
#6327=ORIENTED_EDGE('',*,*,#4951,.T.);
#6328=ORIENTED_EDGE('',*,*,#4952,.T.);
#6329=ORIENTED_EDGE('',*,*,#4953,.F.);
#6330=ORIENTED_EDGE('',*,*,#4954,.F.);
#6331=ORIENTED_EDGE('',*,*,#4955,.T.);
#6332=ORIENTED_EDGE('',*,*,#4954,.T.);
#6333=ORIENTED_EDGE('',*,*,#4956,.F.);
#6334=ORIENTED_EDGE('',*,*,#4957,.F.);
#6335=ORIENTED_EDGE('',*,*,#4958,.T.);
#6336=ORIENTED_EDGE('',*,*,#4957,.T.);
#6337=ORIENTED_EDGE('',*,*,#4959,.F.);
#6338=ORIENTED_EDGE('',*,*,#4960,.F.);
#6339=ORIENTED_EDGE('',*,*,#4961,.T.);
#6340=ORIENTED_EDGE('',*,*,#4960,.T.);
#6341=ORIENTED_EDGE('',*,*,#4962,.F.);
#6342=ORIENTED_EDGE('',*,*,#4952,.F.);
#6343=ORIENTED_EDGE('',*,*,#4963,.T.);
#6344=ORIENTED_EDGE('',*,*,#4964,.T.);
#6345=ORIENTED_EDGE('',*,*,#4965,.F.);
#6346=ORIENTED_EDGE('',*,*,#4966,.F.);
#6347=ORIENTED_EDGE('',*,*,#4967,.T.);
#6348=ORIENTED_EDGE('',*,*,#4966,.T.);
#6349=ORIENTED_EDGE('',*,*,#4968,.F.);
#6350=ORIENTED_EDGE('',*,*,#4969,.F.);
#6351=ORIENTED_EDGE('',*,*,#4970,.T.);
#6352=ORIENTED_EDGE('',*,*,#4969,.T.);
#6353=ORIENTED_EDGE('',*,*,#4971,.F.);
#6354=ORIENTED_EDGE('',*,*,#4972,.F.);
#6355=ORIENTED_EDGE('',*,*,#4973,.T.);
#6356=ORIENTED_EDGE('',*,*,#4972,.T.);
#6357=ORIENTED_EDGE('',*,*,#4974,.F.);
#6358=ORIENTED_EDGE('',*,*,#4964,.F.);
#6359=ORIENTED_EDGE('',*,*,#4975,.T.);
#6360=ORIENTED_EDGE('',*,*,#4976,.T.);
#6361=ORIENTED_EDGE('',*,*,#4977,.F.);
#6362=ORIENTED_EDGE('',*,*,#4978,.F.);
#6363=ORIENTED_EDGE('',*,*,#4979,.T.);
#6364=ORIENTED_EDGE('',*,*,#4978,.T.);
#6365=ORIENTED_EDGE('',*,*,#4980,.F.);
#6366=ORIENTED_EDGE('',*,*,#4981,.F.);
#6367=ORIENTED_EDGE('',*,*,#4982,.T.);
#6368=ORIENTED_EDGE('',*,*,#4981,.T.);
#6369=ORIENTED_EDGE('',*,*,#4983,.F.);
#6370=ORIENTED_EDGE('',*,*,#4984,.F.);
#6371=ORIENTED_EDGE('',*,*,#4985,.T.);
#6372=ORIENTED_EDGE('',*,*,#4984,.T.);
#6373=ORIENTED_EDGE('',*,*,#4986,.F.);
#6374=ORIENTED_EDGE('',*,*,#4976,.F.);
#6375=ORIENTED_EDGE('',*,*,#4987,.T.);
#6376=ORIENTED_EDGE('',*,*,#4988,.T.);
#6377=ORIENTED_EDGE('',*,*,#4989,.F.);
#6378=ORIENTED_EDGE('',*,*,#4990,.F.);
#6379=ORIENTED_EDGE('',*,*,#4991,.T.);
#6380=ORIENTED_EDGE('',*,*,#4990,.T.);
#6381=ORIENTED_EDGE('',*,*,#4992,.F.);
#6382=ORIENTED_EDGE('',*,*,#4993,.F.);
#6383=ORIENTED_EDGE('',*,*,#4994,.T.);
#6384=ORIENTED_EDGE('',*,*,#4993,.T.);
#6385=ORIENTED_EDGE('',*,*,#4995,.F.);
#6386=ORIENTED_EDGE('',*,*,#4996,.F.);
#6387=ORIENTED_EDGE('',*,*,#4997,.T.);
#6388=ORIENTED_EDGE('',*,*,#4996,.T.);
#6389=ORIENTED_EDGE('',*,*,#4998,.F.);
#6390=ORIENTED_EDGE('',*,*,#4988,.F.);
#6391=ORIENTED_EDGE('',*,*,#4999,.T.);
#6392=ORIENTED_EDGE('',*,*,#5000,.T.);
#6393=ORIENTED_EDGE('',*,*,#5001,.F.);
#6394=ORIENTED_EDGE('',*,*,#5002,.F.);
#6395=ORIENTED_EDGE('',*,*,#5003,.T.);
#6396=ORIENTED_EDGE('',*,*,#5002,.T.);
#6397=ORIENTED_EDGE('',*,*,#5004,.F.);
#6398=ORIENTED_EDGE('',*,*,#5005,.F.);
#6399=ORIENTED_EDGE('',*,*,#5006,.T.);
#6400=ORIENTED_EDGE('',*,*,#5005,.T.);
#6401=ORIENTED_EDGE('',*,*,#5007,.F.);
#6402=ORIENTED_EDGE('',*,*,#5008,.F.);
#6403=ORIENTED_EDGE('',*,*,#5009,.T.);
#6404=ORIENTED_EDGE('',*,*,#5008,.T.);
#6405=ORIENTED_EDGE('',*,*,#5010,.F.);
#6406=ORIENTED_EDGE('',*,*,#5000,.F.);
#6407=ORIENTED_EDGE('',*,*,#5011,.T.);
#6408=ORIENTED_EDGE('',*,*,#5012,.T.);
#6409=ORIENTED_EDGE('',*,*,#5013,.F.);
#6410=ORIENTED_EDGE('',*,*,#5014,.F.);
#6411=ORIENTED_EDGE('',*,*,#5015,.T.);
#6412=ORIENTED_EDGE('',*,*,#5014,.T.);
#6413=ORIENTED_EDGE('',*,*,#5016,.F.);
#6414=ORIENTED_EDGE('',*,*,#5017,.F.);
#6415=ORIENTED_EDGE('',*,*,#5018,.T.);
#6416=ORIENTED_EDGE('',*,*,#5017,.T.);
#6417=ORIENTED_EDGE('',*,*,#5019,.F.);
#6418=ORIENTED_EDGE('',*,*,#5020,.F.);
#6419=ORIENTED_EDGE('',*,*,#5021,.T.);
#6420=ORIENTED_EDGE('',*,*,#5020,.T.);
#6421=ORIENTED_EDGE('',*,*,#5022,.F.);
#6422=ORIENTED_EDGE('',*,*,#5012,.F.);
#6423=ORIENTED_EDGE('',*,*,#5023,.T.);
#6424=ORIENTED_EDGE('',*,*,#5024,.T.);
#6425=ORIENTED_EDGE('',*,*,#5025,.F.);
#6426=ORIENTED_EDGE('',*,*,#5026,.F.);
#6427=ORIENTED_EDGE('',*,*,#5027,.T.);
#6428=ORIENTED_EDGE('',*,*,#5026,.T.);
#6429=ORIENTED_EDGE('',*,*,#5028,.F.);
#6430=ORIENTED_EDGE('',*,*,#5029,.F.);
#6431=ORIENTED_EDGE('',*,*,#5030,.T.);
#6432=ORIENTED_EDGE('',*,*,#5029,.T.);
#6433=ORIENTED_EDGE('',*,*,#5031,.F.);
#6434=ORIENTED_EDGE('',*,*,#5032,.F.);
#6435=ORIENTED_EDGE('',*,*,#5033,.T.);
#6436=ORIENTED_EDGE('',*,*,#5032,.T.);
#6437=ORIENTED_EDGE('',*,*,#5034,.F.);
#6438=ORIENTED_EDGE('',*,*,#5024,.F.);
#6439=ORIENTED_EDGE('',*,*,#5035,.T.);
#6440=ORIENTED_EDGE('',*,*,#5036,.T.);
#6441=ORIENTED_EDGE('',*,*,#5037,.F.);
#6442=ORIENTED_EDGE('',*,*,#5038,.F.);
#6443=ORIENTED_EDGE('',*,*,#5039,.T.);
#6444=ORIENTED_EDGE('',*,*,#5038,.T.);
#6445=ORIENTED_EDGE('',*,*,#5040,.F.);
#6446=ORIENTED_EDGE('',*,*,#5041,.F.);
#6447=ORIENTED_EDGE('',*,*,#5042,.T.);
#6448=ORIENTED_EDGE('',*,*,#5041,.T.);
#6449=ORIENTED_EDGE('',*,*,#5043,.F.);
#6450=ORIENTED_EDGE('',*,*,#5044,.F.);
#6451=ORIENTED_EDGE('',*,*,#5045,.T.);
#6452=ORIENTED_EDGE('',*,*,#5044,.T.);
#6453=ORIENTED_EDGE('',*,*,#5046,.F.);
#6454=ORIENTED_EDGE('',*,*,#5036,.F.);
#6455=ORIENTED_EDGE('',*,*,#5047,.T.);
#6456=ORIENTED_EDGE('',*,*,#5048,.T.);
#6457=ORIENTED_EDGE('',*,*,#5049,.F.);
#6458=ORIENTED_EDGE('',*,*,#5050,.F.);
#6459=ORIENTED_EDGE('',*,*,#5051,.T.);
#6460=ORIENTED_EDGE('',*,*,#5050,.T.);
#6461=ORIENTED_EDGE('',*,*,#5052,.F.);
#6462=ORIENTED_EDGE('',*,*,#5053,.F.);
#6463=ORIENTED_EDGE('',*,*,#5054,.T.);
#6464=ORIENTED_EDGE('',*,*,#5053,.T.);
#6465=ORIENTED_EDGE('',*,*,#5055,.F.);
#6466=ORIENTED_EDGE('',*,*,#5056,.F.);
#6467=ORIENTED_EDGE('',*,*,#5057,.T.);
#6468=ORIENTED_EDGE('',*,*,#5056,.T.);
#6469=ORIENTED_EDGE('',*,*,#5058,.F.);
#6470=ORIENTED_EDGE('',*,*,#5048,.F.);
#6471=ORIENTED_EDGE('',*,*,#5059,.T.);
#6472=ORIENTED_EDGE('',*,*,#5060,.T.);
#6473=ORIENTED_EDGE('',*,*,#5061,.F.);
#6474=ORIENTED_EDGE('',*,*,#5062,.F.);
#6475=ORIENTED_EDGE('',*,*,#5063,.T.);
#6476=ORIENTED_EDGE('',*,*,#5062,.T.);
#6477=ORIENTED_EDGE('',*,*,#5064,.F.);
#6478=ORIENTED_EDGE('',*,*,#5065,.F.);
#6479=ORIENTED_EDGE('',*,*,#5066,.T.);
#6480=ORIENTED_EDGE('',*,*,#5065,.T.);
#6481=ORIENTED_EDGE('',*,*,#5067,.F.);
#6482=ORIENTED_EDGE('',*,*,#5068,.F.);
#6483=ORIENTED_EDGE('',*,*,#5069,.T.);
#6484=ORIENTED_EDGE('',*,*,#5068,.T.);
#6485=ORIENTED_EDGE('',*,*,#5070,.F.);
#6486=ORIENTED_EDGE('',*,*,#5060,.F.);
#6487=ORIENTED_EDGE('',*,*,#5071,.T.);
#6488=ORIENTED_EDGE('',*,*,#5072,.T.);
#6489=ORIENTED_EDGE('',*,*,#5073,.F.);
#6490=ORIENTED_EDGE('',*,*,#5074,.F.);
#6491=ORIENTED_EDGE('',*,*,#5075,.T.);
#6492=ORIENTED_EDGE('',*,*,#5074,.T.);
#6493=ORIENTED_EDGE('',*,*,#5076,.F.);
#6494=ORIENTED_EDGE('',*,*,#5077,.F.);
#6495=ORIENTED_EDGE('',*,*,#5078,.T.);
#6496=ORIENTED_EDGE('',*,*,#5077,.T.);
#6497=ORIENTED_EDGE('',*,*,#5079,.F.);
#6498=ORIENTED_EDGE('',*,*,#5080,.F.);
#6499=ORIENTED_EDGE('',*,*,#5081,.T.);
#6500=ORIENTED_EDGE('',*,*,#5080,.T.);
#6501=ORIENTED_EDGE('',*,*,#5082,.F.);
#6502=ORIENTED_EDGE('',*,*,#5072,.F.);
#6503=ORIENTED_EDGE('',*,*,#5083,.T.);
#6504=ORIENTED_EDGE('',*,*,#5084,.T.);
#6505=ORIENTED_EDGE('',*,*,#5085,.F.);
#6506=ORIENTED_EDGE('',*,*,#5086,.F.);
#6507=ORIENTED_EDGE('',*,*,#5087,.T.);
#6508=ORIENTED_EDGE('',*,*,#5086,.T.);
#6509=ORIENTED_EDGE('',*,*,#5088,.F.);
#6510=ORIENTED_EDGE('',*,*,#5089,.F.);
#6511=ORIENTED_EDGE('',*,*,#5090,.T.);
#6512=ORIENTED_EDGE('',*,*,#5089,.T.);
#6513=ORIENTED_EDGE('',*,*,#5091,.F.);
#6514=ORIENTED_EDGE('',*,*,#5092,.F.);
#6515=ORIENTED_EDGE('',*,*,#5093,.T.);
#6516=ORIENTED_EDGE('',*,*,#5092,.T.);
#6517=ORIENTED_EDGE('',*,*,#5094,.F.);
#6518=ORIENTED_EDGE('',*,*,#5084,.F.);
#6519=ORIENTED_EDGE('',*,*,#5095,.T.);
#6520=ORIENTED_EDGE('',*,*,#5096,.T.);
#6521=ORIENTED_EDGE('',*,*,#5097,.F.);
#6522=ORIENTED_EDGE('',*,*,#5098,.F.);
#6523=ORIENTED_EDGE('',*,*,#5099,.T.);
#6524=ORIENTED_EDGE('',*,*,#5098,.T.);
#6525=ORIENTED_EDGE('',*,*,#5100,.F.);
#6526=ORIENTED_EDGE('',*,*,#5101,.F.);
#6527=ORIENTED_EDGE('',*,*,#5102,.T.);
#6528=ORIENTED_EDGE('',*,*,#5101,.T.);
#6529=ORIENTED_EDGE('',*,*,#5103,.F.);
#6530=ORIENTED_EDGE('',*,*,#5104,.F.);
#6531=ORIENTED_EDGE('',*,*,#5105,.T.);
#6532=ORIENTED_EDGE('',*,*,#5104,.T.);
#6533=ORIENTED_EDGE('',*,*,#5106,.F.);
#6534=ORIENTED_EDGE('',*,*,#5096,.F.);
#6535=ORIENTED_EDGE('',*,*,#5107,.T.);
#6536=ORIENTED_EDGE('',*,*,#5108,.T.);
#6537=ORIENTED_EDGE('',*,*,#5109,.F.);
#6538=ORIENTED_EDGE('',*,*,#5110,.F.);
#6539=ORIENTED_EDGE('',*,*,#5111,.T.);
#6540=ORIENTED_EDGE('',*,*,#5110,.T.);
#6541=ORIENTED_EDGE('',*,*,#5112,.F.);
#6542=ORIENTED_EDGE('',*,*,#5113,.F.);
#6543=ORIENTED_EDGE('',*,*,#5114,.T.);
#6544=ORIENTED_EDGE('',*,*,#5113,.T.);
#6545=ORIENTED_EDGE('',*,*,#5115,.F.);
#6546=ORIENTED_EDGE('',*,*,#5116,.F.);
#6547=ORIENTED_EDGE('',*,*,#5117,.T.);
#6548=ORIENTED_EDGE('',*,*,#5116,.T.);
#6549=ORIENTED_EDGE('',*,*,#5118,.F.);
#6550=ORIENTED_EDGE('',*,*,#5108,.F.);
#6551=ORIENTED_EDGE('',*,*,#5119,.T.);
#6552=ORIENTED_EDGE('',*,*,#5120,.T.);
#6553=ORIENTED_EDGE('',*,*,#5121,.F.);
#6554=ORIENTED_EDGE('',*,*,#5122,.F.);
#6555=ORIENTED_EDGE('',*,*,#5123,.T.);
#6556=ORIENTED_EDGE('',*,*,#5122,.T.);
#6557=ORIENTED_EDGE('',*,*,#5124,.F.);
#6558=ORIENTED_EDGE('',*,*,#5125,.F.);
#6559=ORIENTED_EDGE('',*,*,#5126,.T.);
#6560=ORIENTED_EDGE('',*,*,#5125,.T.);
#6561=ORIENTED_EDGE('',*,*,#5127,.F.);
#6562=ORIENTED_EDGE('',*,*,#5128,.F.);
#6563=ORIENTED_EDGE('',*,*,#5129,.T.);
#6564=ORIENTED_EDGE('',*,*,#5128,.T.);
#6565=ORIENTED_EDGE('',*,*,#5130,.F.);
#6566=ORIENTED_EDGE('',*,*,#5120,.F.);
#6567=ORIENTED_EDGE('',*,*,#5131,.T.);
#6568=ORIENTED_EDGE('',*,*,#5132,.T.);
#6569=ORIENTED_EDGE('',*,*,#5133,.F.);
#6570=ORIENTED_EDGE('',*,*,#5134,.F.);
#6571=ORIENTED_EDGE('',*,*,#5135,.T.);
#6572=ORIENTED_EDGE('',*,*,#5134,.T.);
#6573=ORIENTED_EDGE('',*,*,#5136,.F.);
#6574=ORIENTED_EDGE('',*,*,#5137,.F.);
#6575=ORIENTED_EDGE('',*,*,#5138,.T.);
#6576=ORIENTED_EDGE('',*,*,#5137,.T.);
#6577=ORIENTED_EDGE('',*,*,#5139,.F.);
#6578=ORIENTED_EDGE('',*,*,#5140,.F.);
#6579=ORIENTED_EDGE('',*,*,#5141,.T.);
#6580=ORIENTED_EDGE('',*,*,#5140,.T.);
#6581=ORIENTED_EDGE('',*,*,#5142,.F.);
#6582=ORIENTED_EDGE('',*,*,#5132,.F.);
#6583=ORIENTED_EDGE('',*,*,#5143,.T.);
#6584=ORIENTED_EDGE('',*,*,#5144,.T.);
#6585=ORIENTED_EDGE('',*,*,#5145,.F.);
#6586=ORIENTED_EDGE('',*,*,#5146,.F.);
#6587=ORIENTED_EDGE('',*,*,#5147,.T.);
#6588=ORIENTED_EDGE('',*,*,#5146,.T.);
#6589=ORIENTED_EDGE('',*,*,#5148,.F.);
#6590=ORIENTED_EDGE('',*,*,#5149,.F.);
#6591=ORIENTED_EDGE('',*,*,#5150,.T.);
#6592=ORIENTED_EDGE('',*,*,#5149,.T.);
#6593=ORIENTED_EDGE('',*,*,#5151,.F.);
#6594=ORIENTED_EDGE('',*,*,#5152,.F.);
#6595=ORIENTED_EDGE('',*,*,#5153,.T.);
#6596=ORIENTED_EDGE('',*,*,#5152,.T.);
#6597=ORIENTED_EDGE('',*,*,#5154,.F.);
#6598=ORIENTED_EDGE('',*,*,#5144,.F.);
#6599=ORIENTED_EDGE('',*,*,#5155,.T.);
#6600=ORIENTED_EDGE('',*,*,#5156,.T.);
#6601=ORIENTED_EDGE('',*,*,#5157,.F.);
#6602=ORIENTED_EDGE('',*,*,#5158,.F.);
#6603=ORIENTED_EDGE('',*,*,#5159,.T.);
#6604=ORIENTED_EDGE('',*,*,#5158,.T.);
#6605=ORIENTED_EDGE('',*,*,#5160,.F.);
#6606=ORIENTED_EDGE('',*,*,#5161,.F.);
#6607=ORIENTED_EDGE('',*,*,#5162,.T.);
#6608=ORIENTED_EDGE('',*,*,#5161,.T.);
#6609=ORIENTED_EDGE('',*,*,#5163,.F.);
#6610=ORIENTED_EDGE('',*,*,#5164,.F.);
#6611=ORIENTED_EDGE('',*,*,#5165,.T.);
#6612=ORIENTED_EDGE('',*,*,#5164,.T.);
#6613=ORIENTED_EDGE('',*,*,#5166,.F.);
#6614=ORIENTED_EDGE('',*,*,#5156,.F.);
#6615=ORIENTED_EDGE('',*,*,#5167,.T.);
#6616=ORIENTED_EDGE('',*,*,#5168,.T.);
#6617=ORIENTED_EDGE('',*,*,#5169,.F.);
#6618=ORIENTED_EDGE('',*,*,#5170,.F.);
#6619=ORIENTED_EDGE('',*,*,#5171,.T.);
#6620=ORIENTED_EDGE('',*,*,#5170,.T.);
#6621=ORIENTED_EDGE('',*,*,#5172,.F.);
#6622=ORIENTED_EDGE('',*,*,#5173,.F.);
#6623=ORIENTED_EDGE('',*,*,#5174,.T.);
#6624=ORIENTED_EDGE('',*,*,#5173,.T.);
#6625=ORIENTED_EDGE('',*,*,#5175,.F.);
#6626=ORIENTED_EDGE('',*,*,#5176,.F.);
#6627=ORIENTED_EDGE('',*,*,#5177,.T.);
#6628=ORIENTED_EDGE('',*,*,#5176,.T.);
#6629=ORIENTED_EDGE('',*,*,#5178,.F.);
#6630=ORIENTED_EDGE('',*,*,#5168,.F.);
#6631=ORIENTED_EDGE('',*,*,#5179,.T.);
#6632=ORIENTED_EDGE('',*,*,#5180,.T.);
#6633=ORIENTED_EDGE('',*,*,#5181,.F.);
#6634=ORIENTED_EDGE('',*,*,#5182,.F.);
#6635=ORIENTED_EDGE('',*,*,#5183,.T.);
#6636=ORIENTED_EDGE('',*,*,#5182,.T.);
#6637=ORIENTED_EDGE('',*,*,#5184,.F.);
#6638=ORIENTED_EDGE('',*,*,#5185,.F.);
#6639=ORIENTED_EDGE('',*,*,#5186,.T.);
#6640=ORIENTED_EDGE('',*,*,#5185,.T.);
#6641=ORIENTED_EDGE('',*,*,#5187,.F.);
#6642=ORIENTED_EDGE('',*,*,#5188,.F.);
#6643=ORIENTED_EDGE('',*,*,#5189,.T.);
#6644=ORIENTED_EDGE('',*,*,#5188,.T.);
#6645=ORIENTED_EDGE('',*,*,#5190,.F.);
#6646=ORIENTED_EDGE('',*,*,#5180,.F.);
#6647=ORIENTED_EDGE('',*,*,#5191,.T.);
#6648=ORIENTED_EDGE('',*,*,#5192,.T.);
#6649=ORIENTED_EDGE('',*,*,#5193,.F.);
#6650=ORIENTED_EDGE('',*,*,#5194,.F.);
#6651=ORIENTED_EDGE('',*,*,#5195,.T.);
#6652=ORIENTED_EDGE('',*,*,#5194,.T.);
#6653=ORIENTED_EDGE('',*,*,#5196,.F.);
#6654=ORIENTED_EDGE('',*,*,#5197,.F.);
#6655=ORIENTED_EDGE('',*,*,#5198,.T.);
#6656=ORIENTED_EDGE('',*,*,#5197,.T.);
#6657=ORIENTED_EDGE('',*,*,#5199,.F.);
#6658=ORIENTED_EDGE('',*,*,#5200,.F.);
#6659=ORIENTED_EDGE('',*,*,#5201,.T.);
#6660=ORIENTED_EDGE('',*,*,#5200,.T.);
#6661=ORIENTED_EDGE('',*,*,#5202,.F.);
#6662=ORIENTED_EDGE('',*,*,#5192,.F.);
#6663=ORIENTED_EDGE('',*,*,#5203,.T.);
#6664=ORIENTED_EDGE('',*,*,#5204,.T.);
#6665=ORIENTED_EDGE('',*,*,#5205,.F.);
#6666=ORIENTED_EDGE('',*,*,#5206,.F.);
#6667=ORIENTED_EDGE('',*,*,#5207,.T.);
#6668=ORIENTED_EDGE('',*,*,#5206,.T.);
#6669=ORIENTED_EDGE('',*,*,#5208,.F.);
#6670=ORIENTED_EDGE('',*,*,#5209,.F.);
#6671=ORIENTED_EDGE('',*,*,#5210,.T.);
#6672=ORIENTED_EDGE('',*,*,#5209,.T.);
#6673=ORIENTED_EDGE('',*,*,#5211,.F.);
#6674=ORIENTED_EDGE('',*,*,#5212,.F.);
#6675=ORIENTED_EDGE('',*,*,#5213,.T.);
#6676=ORIENTED_EDGE('',*,*,#5212,.T.);
#6677=ORIENTED_EDGE('',*,*,#5214,.F.);
#6678=ORIENTED_EDGE('',*,*,#5204,.F.);
#6679=ORIENTED_EDGE('',*,*,#5215,.T.);
#6680=ORIENTED_EDGE('',*,*,#5216,.T.);
#6681=ORIENTED_EDGE('',*,*,#5217,.F.);
#6682=ORIENTED_EDGE('',*,*,#5218,.F.);
#6683=ORIENTED_EDGE('',*,*,#5219,.T.);
#6684=ORIENTED_EDGE('',*,*,#5218,.T.);
#6685=ORIENTED_EDGE('',*,*,#5220,.F.);
#6686=ORIENTED_EDGE('',*,*,#5221,.F.);
#6687=ORIENTED_EDGE('',*,*,#5222,.T.);
#6688=ORIENTED_EDGE('',*,*,#5221,.T.);
#6689=ORIENTED_EDGE('',*,*,#5223,.F.);
#6690=ORIENTED_EDGE('',*,*,#5224,.F.);
#6691=ORIENTED_EDGE('',*,*,#5225,.T.);
#6692=ORIENTED_EDGE('',*,*,#5224,.T.);
#6693=ORIENTED_EDGE('',*,*,#5226,.F.);
#6694=ORIENTED_EDGE('',*,*,#5216,.F.);
#6695=ORIENTED_EDGE('',*,*,#5227,.T.);
#6696=ORIENTED_EDGE('',*,*,#5228,.T.);
#6697=ORIENTED_EDGE('',*,*,#5229,.F.);
#6698=ORIENTED_EDGE('',*,*,#5230,.F.);
#6699=ORIENTED_EDGE('',*,*,#5231,.T.);
#6700=ORIENTED_EDGE('',*,*,#5230,.T.);
#6701=ORIENTED_EDGE('',*,*,#5232,.F.);
#6702=ORIENTED_EDGE('',*,*,#5233,.F.);
#6703=ORIENTED_EDGE('',*,*,#5234,.T.);
#6704=ORIENTED_EDGE('',*,*,#5233,.T.);
#6705=ORIENTED_EDGE('',*,*,#5235,.F.);
#6706=ORIENTED_EDGE('',*,*,#5236,.F.);
#6707=ORIENTED_EDGE('',*,*,#5237,.T.);
#6708=ORIENTED_EDGE('',*,*,#5236,.T.);
#6709=ORIENTED_EDGE('',*,*,#5238,.F.);
#6710=ORIENTED_EDGE('',*,*,#5228,.F.);
#6711=ORIENTED_EDGE('',*,*,#5239,.T.);
#6712=ORIENTED_EDGE('',*,*,#5240,.T.);
#6713=ORIENTED_EDGE('',*,*,#5241,.F.);
#6714=ORIENTED_EDGE('',*,*,#5242,.F.);
#6715=ORIENTED_EDGE('',*,*,#5243,.T.);
#6716=ORIENTED_EDGE('',*,*,#5242,.T.);
#6717=ORIENTED_EDGE('',*,*,#5244,.F.);
#6718=ORIENTED_EDGE('',*,*,#5245,.F.);
#6719=ORIENTED_EDGE('',*,*,#5246,.T.);
#6720=ORIENTED_EDGE('',*,*,#5245,.T.);
#6721=ORIENTED_EDGE('',*,*,#5247,.F.);
#6722=ORIENTED_EDGE('',*,*,#5248,.F.);
#6723=ORIENTED_EDGE('',*,*,#5249,.T.);
#6724=ORIENTED_EDGE('',*,*,#5248,.T.);
#6725=ORIENTED_EDGE('',*,*,#5250,.F.);
#6726=ORIENTED_EDGE('',*,*,#5240,.F.);
#6727=ORIENTED_EDGE('',*,*,#5251,.T.);
#6728=ORIENTED_EDGE('',*,*,#5252,.T.);
#6729=ORIENTED_EDGE('',*,*,#5253,.F.);
#6730=ORIENTED_EDGE('',*,*,#5254,.F.);
#6731=ORIENTED_EDGE('',*,*,#5255,.T.);
#6732=ORIENTED_EDGE('',*,*,#5254,.T.);
#6733=ORIENTED_EDGE('',*,*,#5256,.F.);
#6734=ORIENTED_EDGE('',*,*,#5257,.F.);
#6735=ORIENTED_EDGE('',*,*,#5258,.T.);
#6736=ORIENTED_EDGE('',*,*,#5257,.T.);
#6737=ORIENTED_EDGE('',*,*,#5259,.F.);
#6738=ORIENTED_EDGE('',*,*,#5260,.F.);
#6739=ORIENTED_EDGE('',*,*,#5261,.T.);
#6740=ORIENTED_EDGE('',*,*,#5260,.T.);
#6741=ORIENTED_EDGE('',*,*,#5262,.F.);
#6742=ORIENTED_EDGE('',*,*,#5252,.F.);
#6743=ORIENTED_EDGE('',*,*,#5263,.T.);
#6744=ORIENTED_EDGE('',*,*,#5264,.T.);
#6745=ORIENTED_EDGE('',*,*,#5265,.F.);
#6746=ORIENTED_EDGE('',*,*,#5266,.F.);
#6747=ORIENTED_EDGE('',*,*,#5267,.T.);
#6748=ORIENTED_EDGE('',*,*,#5266,.T.);
#6749=ORIENTED_EDGE('',*,*,#5268,.F.);
#6750=ORIENTED_EDGE('',*,*,#5269,.F.);
#6751=ORIENTED_EDGE('',*,*,#5270,.T.);
#6752=ORIENTED_EDGE('',*,*,#5269,.T.);
#6753=ORIENTED_EDGE('',*,*,#5271,.F.);
#6754=ORIENTED_EDGE('',*,*,#5272,.F.);
#6755=ORIENTED_EDGE('',*,*,#5273,.T.);
#6756=ORIENTED_EDGE('',*,*,#5272,.T.);
#6757=ORIENTED_EDGE('',*,*,#5274,.F.);
#6758=ORIENTED_EDGE('',*,*,#5264,.F.);
#6759=ORIENTED_EDGE('',*,*,#5275,.T.);
#6760=ORIENTED_EDGE('',*,*,#5276,.T.);
#6761=ORIENTED_EDGE('',*,*,#5277,.F.);
#6762=ORIENTED_EDGE('',*,*,#5278,.F.);
#6763=ORIENTED_EDGE('',*,*,#5279,.T.);
#6764=ORIENTED_EDGE('',*,*,#5278,.T.);
#6765=ORIENTED_EDGE('',*,*,#5280,.F.);
#6766=ORIENTED_EDGE('',*,*,#5281,.F.);
#6767=ORIENTED_EDGE('',*,*,#5282,.T.);
#6768=ORIENTED_EDGE('',*,*,#5281,.T.);
#6769=ORIENTED_EDGE('',*,*,#5283,.F.);
#6770=ORIENTED_EDGE('',*,*,#5284,.F.);
#6771=ORIENTED_EDGE('',*,*,#5285,.T.);
#6772=ORIENTED_EDGE('',*,*,#5284,.T.);
#6773=ORIENTED_EDGE('',*,*,#5286,.F.);
#6774=ORIENTED_EDGE('',*,*,#5276,.F.);
#6775=ORIENTED_EDGE('',*,*,#5287,.T.);
#6776=ORIENTED_EDGE('',*,*,#5288,.T.);
#6777=ORIENTED_EDGE('',*,*,#5289,.F.);
#6778=ORIENTED_EDGE('',*,*,#5290,.F.);
#6779=ORIENTED_EDGE('',*,*,#5291,.T.);
#6780=ORIENTED_EDGE('',*,*,#5290,.T.);
#6781=ORIENTED_EDGE('',*,*,#5292,.F.);
#6782=ORIENTED_EDGE('',*,*,#5293,.F.);
#6783=ORIENTED_EDGE('',*,*,#5294,.T.);
#6784=ORIENTED_EDGE('',*,*,#5293,.T.);
#6785=ORIENTED_EDGE('',*,*,#5295,.F.);
#6786=ORIENTED_EDGE('',*,*,#5296,.F.);
#6787=ORIENTED_EDGE('',*,*,#5297,.T.);
#6788=ORIENTED_EDGE('',*,*,#5296,.T.);
#6789=ORIENTED_EDGE('',*,*,#5298,.F.);
#6790=ORIENTED_EDGE('',*,*,#5288,.F.);
#6791=ORIENTED_EDGE('',*,*,#5299,.T.);
#6792=ORIENTED_EDGE('',*,*,#5300,.T.);
#6793=ORIENTED_EDGE('',*,*,#5301,.F.);
#6794=ORIENTED_EDGE('',*,*,#5302,.F.);
#6795=ORIENTED_EDGE('',*,*,#5303,.T.);
#6796=ORIENTED_EDGE('',*,*,#5302,.T.);
#6797=ORIENTED_EDGE('',*,*,#5304,.F.);
#6798=ORIENTED_EDGE('',*,*,#5305,.F.);
#6799=ORIENTED_EDGE('',*,*,#5306,.T.);
#6800=ORIENTED_EDGE('',*,*,#5305,.T.);
#6801=ORIENTED_EDGE('',*,*,#5307,.F.);
#6802=ORIENTED_EDGE('',*,*,#5308,.F.);
#6803=ORIENTED_EDGE('',*,*,#5309,.T.);
#6804=ORIENTED_EDGE('',*,*,#5308,.T.);
#6805=ORIENTED_EDGE('',*,*,#5310,.F.);
#6806=ORIENTED_EDGE('',*,*,#5300,.F.);
#6807=ORIENTED_EDGE('',*,*,#5311,.T.);
#6808=ORIENTED_EDGE('',*,*,#5312,.T.);
#6809=ORIENTED_EDGE('',*,*,#5313,.F.);
#6810=ORIENTED_EDGE('',*,*,#5314,.F.);
#6811=ORIENTED_EDGE('',*,*,#5315,.T.);
#6812=ORIENTED_EDGE('',*,*,#5314,.T.);
#6813=ORIENTED_EDGE('',*,*,#5316,.F.);
#6814=ORIENTED_EDGE('',*,*,#5317,.F.);
#6815=ORIENTED_EDGE('',*,*,#5318,.T.);
#6816=ORIENTED_EDGE('',*,*,#5317,.T.);
#6817=ORIENTED_EDGE('',*,*,#5319,.F.);
#6818=ORIENTED_EDGE('',*,*,#5320,.F.);
#6819=ORIENTED_EDGE('',*,*,#5321,.T.);
#6820=ORIENTED_EDGE('',*,*,#5320,.T.);
#6821=ORIENTED_EDGE('',*,*,#5322,.F.);
#6822=ORIENTED_EDGE('',*,*,#5312,.F.);
#6823=ORIENTED_EDGE('',*,*,#5323,.T.);
#6824=ORIENTED_EDGE('',*,*,#5324,.T.);
#6825=ORIENTED_EDGE('',*,*,#5325,.F.);
#6826=ORIENTED_EDGE('',*,*,#5326,.F.);
#6827=ORIENTED_EDGE('',*,*,#5327,.T.);
#6828=ORIENTED_EDGE('',*,*,#5326,.T.);
#6829=ORIENTED_EDGE('',*,*,#5328,.F.);
#6830=ORIENTED_EDGE('',*,*,#5329,.F.);
#6831=ORIENTED_EDGE('',*,*,#5330,.T.);
#6832=ORIENTED_EDGE('',*,*,#5329,.T.);
#6833=ORIENTED_EDGE('',*,*,#5331,.F.);
#6834=ORIENTED_EDGE('',*,*,#5332,.F.);
#6835=ORIENTED_EDGE('',*,*,#5333,.T.);
#6836=ORIENTED_EDGE('',*,*,#5332,.T.);
#6837=ORIENTED_EDGE('',*,*,#5334,.F.);
#6838=ORIENTED_EDGE('',*,*,#5324,.F.);
#6839=ORIENTED_EDGE('',*,*,#5335,.T.);
#6840=ORIENTED_EDGE('',*,*,#5336,.T.);
#6841=ORIENTED_EDGE('',*,*,#5337,.F.);
#6842=ORIENTED_EDGE('',*,*,#5338,.F.);
#6843=ORIENTED_EDGE('',*,*,#5339,.T.);
#6844=ORIENTED_EDGE('',*,*,#5338,.T.);
#6845=ORIENTED_EDGE('',*,*,#5340,.F.);
#6846=ORIENTED_EDGE('',*,*,#5341,.F.);
#6847=ORIENTED_EDGE('',*,*,#5342,.T.);
#6848=ORIENTED_EDGE('',*,*,#5341,.T.);
#6849=ORIENTED_EDGE('',*,*,#5343,.F.);
#6850=ORIENTED_EDGE('',*,*,#5344,.F.);
#6851=ORIENTED_EDGE('',*,*,#5345,.T.);
#6852=ORIENTED_EDGE('',*,*,#5344,.T.);
#6853=ORIENTED_EDGE('',*,*,#5346,.F.);
#6854=ORIENTED_EDGE('',*,*,#5336,.F.);
#6855=ORIENTED_EDGE('',*,*,#5347,.T.);
#6856=ORIENTED_EDGE('',*,*,#5348,.T.);
#6857=ORIENTED_EDGE('',*,*,#5349,.F.);
#6858=ORIENTED_EDGE('',*,*,#5350,.F.);
#6859=ORIENTED_EDGE('',*,*,#5351,.T.);
#6860=ORIENTED_EDGE('',*,*,#5350,.T.);
#6861=ORIENTED_EDGE('',*,*,#5352,.F.);
#6862=ORIENTED_EDGE('',*,*,#5353,.F.);
#6863=ORIENTED_EDGE('',*,*,#5354,.T.);
#6864=ORIENTED_EDGE('',*,*,#5353,.T.);
#6865=ORIENTED_EDGE('',*,*,#5355,.F.);
#6866=ORIENTED_EDGE('',*,*,#5356,.F.);
#6867=ORIENTED_EDGE('',*,*,#5357,.T.);
#6868=ORIENTED_EDGE('',*,*,#5356,.T.);
#6869=ORIENTED_EDGE('',*,*,#5358,.F.);
#6870=ORIENTED_EDGE('',*,*,#5348,.F.);
#6871=ORIENTED_EDGE('',*,*,#5359,.T.);
#6872=ORIENTED_EDGE('',*,*,#5360,.T.);
#6873=ORIENTED_EDGE('',*,*,#5361,.F.);
#6874=ORIENTED_EDGE('',*,*,#5362,.F.);
#6875=ORIENTED_EDGE('',*,*,#5363,.T.);
#6876=ORIENTED_EDGE('',*,*,#5362,.T.);
#6877=ORIENTED_EDGE('',*,*,#5364,.F.);
#6878=ORIENTED_EDGE('',*,*,#5365,.F.);
#6879=ORIENTED_EDGE('',*,*,#5366,.T.);
#6880=ORIENTED_EDGE('',*,*,#5365,.T.);
#6881=ORIENTED_EDGE('',*,*,#5367,.F.);
#6882=ORIENTED_EDGE('',*,*,#5368,.F.);
#6883=ORIENTED_EDGE('',*,*,#5369,.T.);
#6884=ORIENTED_EDGE('',*,*,#5368,.T.);
#6885=ORIENTED_EDGE('',*,*,#5370,.F.);
#6886=ORIENTED_EDGE('',*,*,#5360,.F.);
#6887=ORIENTED_EDGE('',*,*,#5371,.T.);
#6888=ORIENTED_EDGE('',*,*,#5372,.T.);
#6889=ORIENTED_EDGE('',*,*,#5373,.F.);
#6890=ORIENTED_EDGE('',*,*,#5374,.F.);
#6891=ORIENTED_EDGE('',*,*,#5375,.T.);
#6892=ORIENTED_EDGE('',*,*,#5374,.T.);
#6893=ORIENTED_EDGE('',*,*,#5376,.F.);
#6894=ORIENTED_EDGE('',*,*,#5377,.F.);
#6895=ORIENTED_EDGE('',*,*,#5378,.T.);
#6896=ORIENTED_EDGE('',*,*,#5377,.T.);
#6897=ORIENTED_EDGE('',*,*,#5379,.F.);
#6898=ORIENTED_EDGE('',*,*,#5380,.F.);
#6899=ORIENTED_EDGE('',*,*,#5381,.T.);
#6900=ORIENTED_EDGE('',*,*,#5380,.T.);
#6901=ORIENTED_EDGE('',*,*,#5382,.F.);
#6902=ORIENTED_EDGE('',*,*,#5372,.F.);
#6903=ORIENTED_EDGE('',*,*,#5383,.T.);
#6904=ORIENTED_EDGE('',*,*,#5384,.T.);
#6905=ORIENTED_EDGE('',*,*,#5385,.F.);
#6906=ORIENTED_EDGE('',*,*,#5386,.F.);
#6907=ORIENTED_EDGE('',*,*,#5387,.T.);
#6908=ORIENTED_EDGE('',*,*,#5386,.T.);
#6909=ORIENTED_EDGE('',*,*,#5388,.F.);
#6910=ORIENTED_EDGE('',*,*,#5389,.F.);
#6911=ORIENTED_EDGE('',*,*,#5390,.T.);
#6912=ORIENTED_EDGE('',*,*,#5389,.T.);
#6913=ORIENTED_EDGE('',*,*,#5391,.F.);
#6914=ORIENTED_EDGE('',*,*,#5392,.F.);
#6915=ORIENTED_EDGE('',*,*,#5393,.T.);
#6916=ORIENTED_EDGE('',*,*,#5392,.T.);
#6917=ORIENTED_EDGE('',*,*,#5394,.F.);
#6918=ORIENTED_EDGE('',*,*,#5384,.F.);
#6919=ORIENTED_EDGE('',*,*,#5395,.T.);
#6920=ORIENTED_EDGE('',*,*,#5396,.T.);
#6921=ORIENTED_EDGE('',*,*,#5397,.F.);
#6922=ORIENTED_EDGE('',*,*,#5398,.F.);
#6923=ORIENTED_EDGE('',*,*,#5399,.T.);
#6924=ORIENTED_EDGE('',*,*,#5398,.T.);
#6925=ORIENTED_EDGE('',*,*,#5400,.F.);
#6926=ORIENTED_EDGE('',*,*,#5401,.F.);
#6927=ORIENTED_EDGE('',*,*,#5402,.T.);
#6928=ORIENTED_EDGE('',*,*,#5401,.T.);
#6929=ORIENTED_EDGE('',*,*,#5403,.F.);
#6930=ORIENTED_EDGE('',*,*,#5404,.F.);
#6931=ORIENTED_EDGE('',*,*,#5405,.T.);
#6932=ORIENTED_EDGE('',*,*,#5404,.T.);
#6933=ORIENTED_EDGE('',*,*,#5406,.F.);
#6934=ORIENTED_EDGE('',*,*,#5396,.F.);
#6935=ORIENTED_EDGE('',*,*,#5407,.T.);
#6936=ORIENTED_EDGE('',*,*,#5408,.T.);
#6937=ORIENTED_EDGE('',*,*,#5409,.F.);
#6938=ORIENTED_EDGE('',*,*,#5410,.F.);
#6939=ORIENTED_EDGE('',*,*,#5411,.T.);
#6940=ORIENTED_EDGE('',*,*,#5410,.T.);
#6941=ORIENTED_EDGE('',*,*,#5412,.F.);
#6942=ORIENTED_EDGE('',*,*,#5413,.F.);
#6943=ORIENTED_EDGE('',*,*,#5414,.T.);
#6944=ORIENTED_EDGE('',*,*,#5413,.T.);
#6945=ORIENTED_EDGE('',*,*,#5415,.F.);
#6946=ORIENTED_EDGE('',*,*,#5416,.F.);
#6947=ORIENTED_EDGE('',*,*,#5417,.T.);
#6948=ORIENTED_EDGE('',*,*,#5416,.T.);
#6949=ORIENTED_EDGE('',*,*,#5418,.F.);
#6950=ORIENTED_EDGE('',*,*,#5408,.F.);
#6951=ORIENTED_EDGE('',*,*,#5419,.T.);
#6952=ORIENTED_EDGE('',*,*,#5420,.T.);
#6953=ORIENTED_EDGE('',*,*,#5421,.F.);
#6954=ORIENTED_EDGE('',*,*,#5422,.F.);
#6955=ORIENTED_EDGE('',*,*,#5423,.T.);
#6956=ORIENTED_EDGE('',*,*,#5422,.T.);
#6957=ORIENTED_EDGE('',*,*,#5424,.F.);
#6958=ORIENTED_EDGE('',*,*,#5425,.F.);
#6959=ORIENTED_EDGE('',*,*,#5426,.T.);
#6960=ORIENTED_EDGE('',*,*,#5425,.T.);
#6961=ORIENTED_EDGE('',*,*,#5427,.F.);
#6962=ORIENTED_EDGE('',*,*,#5428,.F.);
#6963=ORIENTED_EDGE('',*,*,#5429,.T.);
#6964=ORIENTED_EDGE('',*,*,#5428,.T.);
#6965=ORIENTED_EDGE('',*,*,#5430,.F.);
#6966=ORIENTED_EDGE('',*,*,#5420,.F.);
#6967=ORIENTED_EDGE('',*,*,#5431,.T.);
#6968=ORIENTED_EDGE('',*,*,#5432,.T.);
#6969=ORIENTED_EDGE('',*,*,#5433,.F.);
#6970=ORIENTED_EDGE('',*,*,#5434,.F.);
#6971=ORIENTED_EDGE('',*,*,#5435,.T.);
#6972=ORIENTED_EDGE('',*,*,#5434,.T.);
#6973=ORIENTED_EDGE('',*,*,#5436,.F.);
#6974=ORIENTED_EDGE('',*,*,#5437,.F.);
#6975=ORIENTED_EDGE('',*,*,#5438,.T.);
#6976=ORIENTED_EDGE('',*,*,#5437,.T.);
#6977=ORIENTED_EDGE('',*,*,#5439,.F.);
#6978=ORIENTED_EDGE('',*,*,#5440,.F.);
#6979=ORIENTED_EDGE('',*,*,#5441,.T.);
#6980=ORIENTED_EDGE('',*,*,#5440,.T.);
#6981=ORIENTED_EDGE('',*,*,#5442,.F.);
#6982=ORIENTED_EDGE('',*,*,#5432,.F.);
#6983=ORIENTED_EDGE('',*,*,#5443,.T.);
#6984=ORIENTED_EDGE('',*,*,#5444,.T.);
#6985=ORIENTED_EDGE('',*,*,#5445,.F.);
#6986=ORIENTED_EDGE('',*,*,#5446,.F.);
#6987=ORIENTED_EDGE('',*,*,#5447,.T.);
#6988=ORIENTED_EDGE('',*,*,#5446,.T.);
#6989=ORIENTED_EDGE('',*,*,#5448,.F.);
#6990=ORIENTED_EDGE('',*,*,#5449,.F.);
#6991=ORIENTED_EDGE('',*,*,#5450,.T.);
#6992=ORIENTED_EDGE('',*,*,#5449,.T.);
#6993=ORIENTED_EDGE('',*,*,#5451,.F.);
#6994=ORIENTED_EDGE('',*,*,#5452,.F.);
#6995=ORIENTED_EDGE('',*,*,#5453,.T.);
#6996=ORIENTED_EDGE('',*,*,#5452,.T.);
#6997=ORIENTED_EDGE('',*,*,#5454,.F.);
#6998=ORIENTED_EDGE('',*,*,#5444,.F.);
#6999=ORIENTED_EDGE('',*,*,#5455,.T.);
#7000=ORIENTED_EDGE('',*,*,#5456,.T.);
#7001=ORIENTED_EDGE('',*,*,#5457,.F.);
#7002=ORIENTED_EDGE('',*,*,#5458,.F.);
#7003=ORIENTED_EDGE('',*,*,#5459,.T.);
#7004=ORIENTED_EDGE('',*,*,#5458,.T.);
#7005=ORIENTED_EDGE('',*,*,#5460,.F.);
#7006=ORIENTED_EDGE('',*,*,#5461,.F.);
#7007=ORIENTED_EDGE('',*,*,#5462,.T.);
#7008=ORIENTED_EDGE('',*,*,#5461,.T.);
#7009=ORIENTED_EDGE('',*,*,#5463,.F.);
#7010=ORIENTED_EDGE('',*,*,#5464,.F.);
#7011=ORIENTED_EDGE('',*,*,#5465,.T.);
#7012=ORIENTED_EDGE('',*,*,#5464,.T.);
#7013=ORIENTED_EDGE('',*,*,#5466,.F.);
#7014=ORIENTED_EDGE('',*,*,#5456,.F.);
#7015=ORIENTED_EDGE('',*,*,#5467,.T.);
#7016=ORIENTED_EDGE('',*,*,#5468,.T.);
#7017=ORIENTED_EDGE('',*,*,#5469,.F.);
#7018=ORIENTED_EDGE('',*,*,#5470,.F.);
#7019=ORIENTED_EDGE('',*,*,#5471,.T.);
#7020=ORIENTED_EDGE('',*,*,#5470,.T.);
#7021=ORIENTED_EDGE('',*,*,#5472,.F.);
#7022=ORIENTED_EDGE('',*,*,#5473,.F.);
#7023=ORIENTED_EDGE('',*,*,#5474,.T.);
#7024=ORIENTED_EDGE('',*,*,#5473,.T.);
#7025=ORIENTED_EDGE('',*,*,#5475,.F.);
#7026=ORIENTED_EDGE('',*,*,#5476,.F.);
#7027=ORIENTED_EDGE('',*,*,#5477,.T.);
#7028=ORIENTED_EDGE('',*,*,#5476,.T.);
#7029=ORIENTED_EDGE('',*,*,#5478,.F.);
#7030=ORIENTED_EDGE('',*,*,#5468,.F.);
#7031=ORIENTED_EDGE('',*,*,#5479,.T.);
#7032=ORIENTED_EDGE('',*,*,#5480,.T.);
#7033=ORIENTED_EDGE('',*,*,#5481,.F.);
#7034=ORIENTED_EDGE('',*,*,#5482,.F.);
#7035=ORIENTED_EDGE('',*,*,#5483,.T.);
#7036=ORIENTED_EDGE('',*,*,#5482,.T.);
#7037=ORIENTED_EDGE('',*,*,#5484,.F.);
#7038=ORIENTED_EDGE('',*,*,#5485,.F.);
#7039=ORIENTED_EDGE('',*,*,#5486,.T.);
#7040=ORIENTED_EDGE('',*,*,#5485,.T.);
#7041=ORIENTED_EDGE('',*,*,#5487,.F.);
#7042=ORIENTED_EDGE('',*,*,#5488,.F.);
#7043=ORIENTED_EDGE('',*,*,#5489,.T.);
#7044=ORIENTED_EDGE('',*,*,#5488,.T.);
#7045=ORIENTED_EDGE('',*,*,#5490,.F.);
#7046=ORIENTED_EDGE('',*,*,#5480,.F.);
#7047=ORIENTED_EDGE('',*,*,#5491,.T.);
#7048=ORIENTED_EDGE('',*,*,#5492,.T.);
#7049=ORIENTED_EDGE('',*,*,#5493,.F.);
#7050=ORIENTED_EDGE('',*,*,#5494,.F.);
#7051=ORIENTED_EDGE('',*,*,#5495,.T.);
#7052=ORIENTED_EDGE('',*,*,#5494,.T.);
#7053=ORIENTED_EDGE('',*,*,#5496,.F.);
#7054=ORIENTED_EDGE('',*,*,#5497,.F.);
#7055=ORIENTED_EDGE('',*,*,#5498,.T.);
#7056=ORIENTED_EDGE('',*,*,#5497,.T.);
#7057=ORIENTED_EDGE('',*,*,#5499,.F.);
#7058=ORIENTED_EDGE('',*,*,#5500,.F.);
#7059=ORIENTED_EDGE('',*,*,#5501,.T.);
#7060=ORIENTED_EDGE('',*,*,#5500,.T.);
#7061=ORIENTED_EDGE('',*,*,#5502,.F.);
#7062=ORIENTED_EDGE('',*,*,#5492,.F.);
#7063=ORIENTED_EDGE('',*,*,#5503,.T.);
#7064=ORIENTED_EDGE('',*,*,#5504,.T.);
#7065=ORIENTED_EDGE('',*,*,#5505,.F.);
#7066=ORIENTED_EDGE('',*,*,#5506,.F.);
#7067=ORIENTED_EDGE('',*,*,#5507,.T.);
#7068=ORIENTED_EDGE('',*,*,#5506,.T.);
#7069=ORIENTED_EDGE('',*,*,#5508,.F.);
#7070=ORIENTED_EDGE('',*,*,#5509,.F.);
#7071=ORIENTED_EDGE('',*,*,#5510,.T.);
#7072=ORIENTED_EDGE('',*,*,#5509,.T.);
#7073=ORIENTED_EDGE('',*,*,#5511,.F.);
#7074=ORIENTED_EDGE('',*,*,#5512,.F.);
#7075=ORIENTED_EDGE('',*,*,#5513,.T.);
#7076=ORIENTED_EDGE('',*,*,#5512,.T.);
#7077=ORIENTED_EDGE('',*,*,#5514,.F.);
#7078=ORIENTED_EDGE('',*,*,#5504,.F.);
#7079=ORIENTED_EDGE('',*,*,#5515,.T.);
#7080=ORIENTED_EDGE('',*,*,#5516,.T.);
#7081=ORIENTED_EDGE('',*,*,#5517,.F.);
#7082=ORIENTED_EDGE('',*,*,#5518,.F.);
#7083=ORIENTED_EDGE('',*,*,#5519,.T.);
#7084=ORIENTED_EDGE('',*,*,#5518,.T.);
#7085=ORIENTED_EDGE('',*,*,#5520,.F.);
#7086=ORIENTED_EDGE('',*,*,#5521,.F.);
#7087=ORIENTED_EDGE('',*,*,#5522,.T.);
#7088=ORIENTED_EDGE('',*,*,#5521,.T.);
#7089=ORIENTED_EDGE('',*,*,#5523,.F.);
#7090=ORIENTED_EDGE('',*,*,#5524,.F.);
#7091=ORIENTED_EDGE('',*,*,#5525,.T.);
#7092=ORIENTED_EDGE('',*,*,#5524,.T.);
#7093=ORIENTED_EDGE('',*,*,#5526,.F.);
#7094=ORIENTED_EDGE('',*,*,#5516,.F.);
#7095=ORIENTED_EDGE('',*,*,#5527,.T.);
#7096=ORIENTED_EDGE('',*,*,#5528,.T.);
#7097=ORIENTED_EDGE('',*,*,#5529,.F.);
#7098=ORIENTED_EDGE('',*,*,#5530,.F.);
#7099=ORIENTED_EDGE('',*,*,#5531,.T.);
#7100=ORIENTED_EDGE('',*,*,#5530,.T.);
#7101=ORIENTED_EDGE('',*,*,#5532,.F.);
#7102=ORIENTED_EDGE('',*,*,#5533,.F.);
#7103=ORIENTED_EDGE('',*,*,#5534,.T.);
#7104=ORIENTED_EDGE('',*,*,#5533,.T.);
#7105=ORIENTED_EDGE('',*,*,#5535,.F.);
#7106=ORIENTED_EDGE('',*,*,#5536,.F.);
#7107=ORIENTED_EDGE('',*,*,#5537,.T.);
#7108=ORIENTED_EDGE('',*,*,#5536,.T.);
#7109=ORIENTED_EDGE('',*,*,#5538,.F.);
#7110=ORIENTED_EDGE('',*,*,#5528,.F.);
#7111=ORIENTED_EDGE('',*,*,#5539,.T.);
#7112=ORIENTED_EDGE('',*,*,#5540,.T.);
#7113=ORIENTED_EDGE('',*,*,#5541,.F.);
#7114=ORIENTED_EDGE('',*,*,#5542,.F.);
#7115=ORIENTED_EDGE('',*,*,#5543,.T.);
#7116=ORIENTED_EDGE('',*,*,#5542,.T.);
#7117=ORIENTED_EDGE('',*,*,#5544,.F.);
#7118=ORIENTED_EDGE('',*,*,#5545,.F.);
#7119=ORIENTED_EDGE('',*,*,#5546,.T.);
#7120=ORIENTED_EDGE('',*,*,#5545,.T.);
#7121=ORIENTED_EDGE('',*,*,#5547,.F.);
#7122=ORIENTED_EDGE('',*,*,#5548,.F.);
#7123=ORIENTED_EDGE('',*,*,#5549,.T.);
#7124=ORIENTED_EDGE('',*,*,#5548,.T.);
#7125=ORIENTED_EDGE('',*,*,#5550,.F.);
#7126=ORIENTED_EDGE('',*,*,#5540,.F.);
#7127=ORIENTED_EDGE('',*,*,#5551,.T.);
#7128=ORIENTED_EDGE('',*,*,#5552,.T.);
#7129=ORIENTED_EDGE('',*,*,#5553,.F.);
#7130=ORIENTED_EDGE('',*,*,#5554,.F.);
#7131=ORIENTED_EDGE('',*,*,#5555,.T.);
#7132=ORIENTED_EDGE('',*,*,#5554,.T.);
#7133=ORIENTED_EDGE('',*,*,#5556,.F.);
#7134=ORIENTED_EDGE('',*,*,#5557,.F.);
#7135=ORIENTED_EDGE('',*,*,#5558,.T.);
#7136=ORIENTED_EDGE('',*,*,#5557,.T.);
#7137=ORIENTED_EDGE('',*,*,#5559,.F.);
#7138=ORIENTED_EDGE('',*,*,#5560,.F.);
#7139=ORIENTED_EDGE('',*,*,#5561,.T.);
#7140=ORIENTED_EDGE('',*,*,#5560,.T.);
#7141=ORIENTED_EDGE('',*,*,#5562,.F.);
#7142=ORIENTED_EDGE('',*,*,#5552,.F.);
#7143=ORIENTED_EDGE('',*,*,#5563,.T.);
#7144=ORIENTED_EDGE('',*,*,#5564,.T.);
#7145=ORIENTED_EDGE('',*,*,#5565,.F.);
#7146=ORIENTED_EDGE('',*,*,#5566,.F.);
#7147=ORIENTED_EDGE('',*,*,#5567,.T.);
#7148=ORIENTED_EDGE('',*,*,#5566,.T.);
#7149=ORIENTED_EDGE('',*,*,#5568,.F.);
#7150=ORIENTED_EDGE('',*,*,#5569,.F.);
#7151=ORIENTED_EDGE('',*,*,#5570,.T.);
#7152=ORIENTED_EDGE('',*,*,#5569,.T.);
#7153=ORIENTED_EDGE('',*,*,#5571,.F.);
#7154=ORIENTED_EDGE('',*,*,#5572,.F.);
#7155=ORIENTED_EDGE('',*,*,#5573,.T.);
#7156=ORIENTED_EDGE('',*,*,#5572,.T.);
#7157=ORIENTED_EDGE('',*,*,#5574,.F.);
#7158=ORIENTED_EDGE('',*,*,#5564,.F.);
#7159=ORIENTED_EDGE('',*,*,#5575,.T.);
#7160=ORIENTED_EDGE('',*,*,#5576,.T.);
#7161=ORIENTED_EDGE('',*,*,#5577,.F.);
#7162=ORIENTED_EDGE('',*,*,#5578,.F.);
#7163=ORIENTED_EDGE('',*,*,#5579,.T.);
#7164=ORIENTED_EDGE('',*,*,#5578,.T.);
#7165=ORIENTED_EDGE('',*,*,#5580,.F.);
#7166=ORIENTED_EDGE('',*,*,#5581,.F.);
#7167=ORIENTED_EDGE('',*,*,#5582,.T.);
#7168=ORIENTED_EDGE('',*,*,#5581,.T.);
#7169=ORIENTED_EDGE('',*,*,#5583,.F.);
#7170=ORIENTED_EDGE('',*,*,#5584,.F.);
#7171=ORIENTED_EDGE('',*,*,#5585,.T.);
#7172=ORIENTED_EDGE('',*,*,#5584,.T.);
#7173=ORIENTED_EDGE('',*,*,#5586,.F.);
#7174=ORIENTED_EDGE('',*,*,#5576,.F.);
#7175=ORIENTED_EDGE('',*,*,#5587,.T.);
#7176=ORIENTED_EDGE('',*,*,#5588,.T.);
#7177=ORIENTED_EDGE('',*,*,#5589,.F.);
#7178=ORIENTED_EDGE('',*,*,#5590,.F.);
#7179=ORIENTED_EDGE('',*,*,#5591,.T.);
#7180=ORIENTED_EDGE('',*,*,#5590,.T.);
#7181=ORIENTED_EDGE('',*,*,#5592,.F.);
#7182=ORIENTED_EDGE('',*,*,#5593,.F.);
#7183=ORIENTED_EDGE('',*,*,#5594,.T.);
#7184=ORIENTED_EDGE('',*,*,#5593,.T.);
#7185=ORIENTED_EDGE('',*,*,#5595,.F.);
#7186=ORIENTED_EDGE('',*,*,#5596,.F.);
#7187=ORIENTED_EDGE('',*,*,#5597,.T.);
#7188=ORIENTED_EDGE('',*,*,#5596,.T.);
#7189=ORIENTED_EDGE('',*,*,#5598,.F.);
#7190=ORIENTED_EDGE('',*,*,#5588,.F.);
#7191=ORIENTED_EDGE('',*,*,#5599,.T.);
#7192=ORIENTED_EDGE('',*,*,#5600,.T.);
#7193=ORIENTED_EDGE('',*,*,#5601,.F.);
#7194=ORIENTED_EDGE('',*,*,#5602,.F.);
#7195=ORIENTED_EDGE('',*,*,#5603,.T.);
#7196=ORIENTED_EDGE('',*,*,#5602,.T.);
#7197=ORIENTED_EDGE('',*,*,#5604,.F.);
#7198=ORIENTED_EDGE('',*,*,#5605,.F.);
#7199=ORIENTED_EDGE('',*,*,#5606,.T.);
#7200=ORIENTED_EDGE('',*,*,#5605,.T.);
#7201=ORIENTED_EDGE('',*,*,#5607,.F.);
#7202=ORIENTED_EDGE('',*,*,#5608,.F.);
#7203=ORIENTED_EDGE('',*,*,#5609,.T.);
#7204=ORIENTED_EDGE('',*,*,#5608,.T.);
#7205=ORIENTED_EDGE('',*,*,#5610,.F.);
#7206=ORIENTED_EDGE('',*,*,#5600,.F.);
#7207=ORIENTED_EDGE('',*,*,#5611,.T.);
#7208=ORIENTED_EDGE('',*,*,#5612,.T.);
#7209=ORIENTED_EDGE('',*,*,#5613,.F.);
#7210=ORIENTED_EDGE('',*,*,#5614,.F.);
#7211=ORIENTED_EDGE('',*,*,#5615,.T.);
#7212=ORIENTED_EDGE('',*,*,#5614,.T.);
#7213=ORIENTED_EDGE('',*,*,#5616,.F.);
#7214=ORIENTED_EDGE('',*,*,#5617,.F.);
#7215=ORIENTED_EDGE('',*,*,#5618,.T.);
#7216=ORIENTED_EDGE('',*,*,#5617,.T.);
#7217=ORIENTED_EDGE('',*,*,#5619,.F.);
#7218=ORIENTED_EDGE('',*,*,#5620,.F.);
#7219=ORIENTED_EDGE('',*,*,#5621,.T.);
#7220=ORIENTED_EDGE('',*,*,#5620,.T.);
#7221=ORIENTED_EDGE('',*,*,#5622,.F.);
#7222=ORIENTED_EDGE('',*,*,#5612,.F.);
#7223=ORIENTED_EDGE('',*,*,#5623,.T.);
#7224=ORIENTED_EDGE('',*,*,#5624,.T.);
#7225=ORIENTED_EDGE('',*,*,#5625,.F.);
#7226=ORIENTED_EDGE('',*,*,#5626,.F.);
#7227=ORIENTED_EDGE('',*,*,#5627,.T.);
#7228=ORIENTED_EDGE('',*,*,#5626,.T.);
#7229=ORIENTED_EDGE('',*,*,#5628,.F.);
#7230=ORIENTED_EDGE('',*,*,#5629,.F.);
#7231=ORIENTED_EDGE('',*,*,#5630,.T.);
#7232=ORIENTED_EDGE('',*,*,#5629,.T.);
#7233=ORIENTED_EDGE('',*,*,#5631,.F.);
#7234=ORIENTED_EDGE('',*,*,#5632,.F.);
#7235=ORIENTED_EDGE('',*,*,#5633,.T.);
#7236=ORIENTED_EDGE('',*,*,#5632,.T.);
#7237=ORIENTED_EDGE('',*,*,#5634,.F.);
#7238=ORIENTED_EDGE('',*,*,#5624,.F.);
#7239=ORIENTED_EDGE('',*,*,#5635,.T.);
#7240=ORIENTED_EDGE('',*,*,#5636,.T.);
#7241=ORIENTED_EDGE('',*,*,#5637,.F.);
#7242=ORIENTED_EDGE('',*,*,#5638,.F.);
#7243=ORIENTED_EDGE('',*,*,#5639,.T.);
#7244=ORIENTED_EDGE('',*,*,#5638,.T.);
#7245=ORIENTED_EDGE('',*,*,#5640,.F.);
#7246=ORIENTED_EDGE('',*,*,#5641,.F.);
#7247=ORIENTED_EDGE('',*,*,#5642,.T.);
#7248=ORIENTED_EDGE('',*,*,#5641,.T.);
#7249=ORIENTED_EDGE('',*,*,#5643,.F.);
#7250=ORIENTED_EDGE('',*,*,#5644,.F.);
#7251=ORIENTED_EDGE('',*,*,#5645,.T.);
#7252=ORIENTED_EDGE('',*,*,#5644,.T.);
#7253=ORIENTED_EDGE('',*,*,#5646,.F.);
#7254=ORIENTED_EDGE('',*,*,#5636,.F.);
#7255=ORIENTED_EDGE('',*,*,#5647,.T.);
#7256=ORIENTED_EDGE('',*,*,#5648,.T.);
#7257=ORIENTED_EDGE('',*,*,#5649,.F.);
#7258=ORIENTED_EDGE('',*,*,#5650,.F.);
#7259=ORIENTED_EDGE('',*,*,#5651,.T.);
#7260=ORIENTED_EDGE('',*,*,#5650,.T.);
#7261=ORIENTED_EDGE('',*,*,#5652,.F.);
#7262=ORIENTED_EDGE('',*,*,#5653,.F.);
#7263=ORIENTED_EDGE('',*,*,#5654,.T.);
#7264=ORIENTED_EDGE('',*,*,#5653,.T.);
#7265=ORIENTED_EDGE('',*,*,#5655,.F.);
#7266=ORIENTED_EDGE('',*,*,#5656,.F.);
#7267=ORIENTED_EDGE('',*,*,#5657,.T.);
#7268=ORIENTED_EDGE('',*,*,#5656,.T.);
#7269=ORIENTED_EDGE('',*,*,#5658,.F.);
#7270=ORIENTED_EDGE('',*,*,#5648,.F.);
#7271=ORIENTED_EDGE('',*,*,#5659,.T.);
#7272=ORIENTED_EDGE('',*,*,#5660,.T.);
#7273=ORIENTED_EDGE('',*,*,#5661,.F.);
#7274=ORIENTED_EDGE('',*,*,#5662,.F.);
#7275=ORIENTED_EDGE('',*,*,#5663,.T.);
#7276=ORIENTED_EDGE('',*,*,#5662,.T.);
#7277=ORIENTED_EDGE('',*,*,#5664,.F.);
#7278=ORIENTED_EDGE('',*,*,#5665,.F.);
#7279=ORIENTED_EDGE('',*,*,#5666,.T.);
#7280=ORIENTED_EDGE('',*,*,#5665,.T.);
#7281=ORIENTED_EDGE('',*,*,#5667,.F.);
#7282=ORIENTED_EDGE('',*,*,#5668,.F.);
#7283=ORIENTED_EDGE('',*,*,#5669,.T.);
#7284=ORIENTED_EDGE('',*,*,#5668,.T.);
#7285=ORIENTED_EDGE('',*,*,#5670,.F.);
#7286=ORIENTED_EDGE('',*,*,#5660,.F.);
#7287=ORIENTED_EDGE('',*,*,#5670,.T.);
#7288=ORIENTED_EDGE('',*,*,#5667,.T.);
#7289=ORIENTED_EDGE('',*,*,#5664,.T.);
#7290=ORIENTED_EDGE('',*,*,#5661,.T.);
#7291=ORIENTED_EDGE('',*,*,#5658,.T.);
#7292=ORIENTED_EDGE('',*,*,#5655,.T.);
#7293=ORIENTED_EDGE('',*,*,#5652,.T.);
#7294=ORIENTED_EDGE('',*,*,#5649,.T.);
#7295=ORIENTED_EDGE('',*,*,#5646,.T.);
#7296=ORIENTED_EDGE('',*,*,#5643,.T.);
#7297=ORIENTED_EDGE('',*,*,#5640,.T.);
#7298=ORIENTED_EDGE('',*,*,#5637,.T.);
#7299=ORIENTED_EDGE('',*,*,#5634,.T.);
#7300=ORIENTED_EDGE('',*,*,#5631,.T.);
#7301=ORIENTED_EDGE('',*,*,#5628,.T.);
#7302=ORIENTED_EDGE('',*,*,#5625,.T.);
#7303=ORIENTED_EDGE('',*,*,#5622,.T.);
#7304=ORIENTED_EDGE('',*,*,#5619,.T.);
#7305=ORIENTED_EDGE('',*,*,#5616,.T.);
#7306=ORIENTED_EDGE('',*,*,#5613,.T.);
#7307=ORIENTED_EDGE('',*,*,#5610,.T.);
#7308=ORIENTED_EDGE('',*,*,#5607,.T.);
#7309=ORIENTED_EDGE('',*,*,#5604,.T.);
#7310=ORIENTED_EDGE('',*,*,#5601,.T.);
#7311=ORIENTED_EDGE('',*,*,#5598,.T.);
#7312=ORIENTED_EDGE('',*,*,#5595,.T.);
#7313=ORIENTED_EDGE('',*,*,#5592,.T.);
#7314=ORIENTED_EDGE('',*,*,#5589,.T.);
#7315=ORIENTED_EDGE('',*,*,#5586,.T.);
#7316=ORIENTED_EDGE('',*,*,#5583,.T.);
#7317=ORIENTED_EDGE('',*,*,#5580,.T.);
#7318=ORIENTED_EDGE('',*,*,#5577,.T.);
#7319=ORIENTED_EDGE('',*,*,#5574,.T.);
#7320=ORIENTED_EDGE('',*,*,#5571,.T.);
#7321=ORIENTED_EDGE('',*,*,#5568,.T.);
#7322=ORIENTED_EDGE('',*,*,#5565,.T.);
#7323=ORIENTED_EDGE('',*,*,#5562,.T.);
#7324=ORIENTED_EDGE('',*,*,#5559,.T.);
#7325=ORIENTED_EDGE('',*,*,#5556,.T.);
#7326=ORIENTED_EDGE('',*,*,#5553,.T.);
#7327=ORIENTED_EDGE('',*,*,#5550,.T.);
#7328=ORIENTED_EDGE('',*,*,#5547,.T.);
#7329=ORIENTED_EDGE('',*,*,#5544,.T.);
#7330=ORIENTED_EDGE('',*,*,#5541,.T.);
#7331=ORIENTED_EDGE('',*,*,#5538,.T.);
#7332=ORIENTED_EDGE('',*,*,#5535,.T.);
#7333=ORIENTED_EDGE('',*,*,#5532,.T.);
#7334=ORIENTED_EDGE('',*,*,#5529,.T.);
#7335=ORIENTED_EDGE('',*,*,#5526,.T.);
#7336=ORIENTED_EDGE('',*,*,#5523,.T.);
#7337=ORIENTED_EDGE('',*,*,#5520,.T.);
#7338=ORIENTED_EDGE('',*,*,#5517,.T.);
#7339=ORIENTED_EDGE('',*,*,#5514,.T.);
#7340=ORIENTED_EDGE('',*,*,#5511,.T.);
#7341=ORIENTED_EDGE('',*,*,#5508,.T.);
#7342=ORIENTED_EDGE('',*,*,#5505,.T.);
#7343=ORIENTED_EDGE('',*,*,#5502,.T.);
#7344=ORIENTED_EDGE('',*,*,#5499,.T.);
#7345=ORIENTED_EDGE('',*,*,#5496,.T.);
#7346=ORIENTED_EDGE('',*,*,#5493,.T.);
#7347=ORIENTED_EDGE('',*,*,#5490,.T.);
#7348=ORIENTED_EDGE('',*,*,#5487,.T.);
#7349=ORIENTED_EDGE('',*,*,#5484,.T.);
#7350=ORIENTED_EDGE('',*,*,#5481,.T.);
#7351=ORIENTED_EDGE('',*,*,#5478,.T.);
#7352=ORIENTED_EDGE('',*,*,#5475,.T.);
#7353=ORIENTED_EDGE('',*,*,#5472,.T.);
#7354=ORIENTED_EDGE('',*,*,#5469,.T.);
#7355=ORIENTED_EDGE('',*,*,#5466,.T.);
#7356=ORIENTED_EDGE('',*,*,#5463,.T.);
#7357=ORIENTED_EDGE('',*,*,#5460,.T.);
#7358=ORIENTED_EDGE('',*,*,#5457,.T.);
#7359=ORIENTED_EDGE('',*,*,#5454,.T.);
#7360=ORIENTED_EDGE('',*,*,#5451,.T.);
#7361=ORIENTED_EDGE('',*,*,#5448,.T.);
#7362=ORIENTED_EDGE('',*,*,#5445,.T.);
#7363=ORIENTED_EDGE('',*,*,#5442,.T.);
#7364=ORIENTED_EDGE('',*,*,#5439,.T.);
#7365=ORIENTED_EDGE('',*,*,#5436,.T.);
#7366=ORIENTED_EDGE('',*,*,#5433,.T.);
#7367=ORIENTED_EDGE('',*,*,#5430,.T.);
#7368=ORIENTED_EDGE('',*,*,#5427,.T.);
#7369=ORIENTED_EDGE('',*,*,#5424,.T.);
#7370=ORIENTED_EDGE('',*,*,#5421,.T.);
#7371=ORIENTED_EDGE('',*,*,#5418,.T.);
#7372=ORIENTED_EDGE('',*,*,#5415,.T.);
#7373=ORIENTED_EDGE('',*,*,#5412,.T.);
#7374=ORIENTED_EDGE('',*,*,#5409,.T.);
#7375=ORIENTED_EDGE('',*,*,#5406,.T.);
#7376=ORIENTED_EDGE('',*,*,#5403,.T.);
#7377=ORIENTED_EDGE('',*,*,#5400,.T.);
#7378=ORIENTED_EDGE('',*,*,#5397,.T.);
#7379=ORIENTED_EDGE('',*,*,#5394,.T.);
#7380=ORIENTED_EDGE('',*,*,#5391,.T.);
#7381=ORIENTED_EDGE('',*,*,#5388,.T.);
#7382=ORIENTED_EDGE('',*,*,#5385,.T.);
#7383=ORIENTED_EDGE('',*,*,#5382,.T.);
#7384=ORIENTED_EDGE('',*,*,#5379,.T.);
#7385=ORIENTED_EDGE('',*,*,#5376,.T.);
#7386=ORIENTED_EDGE('',*,*,#5373,.T.);
#7387=ORIENTED_EDGE('',*,*,#5370,.T.);
#7388=ORIENTED_EDGE('',*,*,#5367,.T.);
#7389=ORIENTED_EDGE('',*,*,#5364,.T.);
#7390=ORIENTED_EDGE('',*,*,#5361,.T.);
#7391=ORIENTED_EDGE('',*,*,#5358,.T.);
#7392=ORIENTED_EDGE('',*,*,#5355,.T.);
#7393=ORIENTED_EDGE('',*,*,#5352,.T.);
#7394=ORIENTED_EDGE('',*,*,#5349,.T.);
#7395=ORIENTED_EDGE('',*,*,#5346,.T.);
#7396=ORIENTED_EDGE('',*,*,#5343,.T.);
#7397=ORIENTED_EDGE('',*,*,#5340,.T.);
#7398=ORIENTED_EDGE('',*,*,#5337,.T.);
#7399=ORIENTED_EDGE('',*,*,#5334,.T.);
#7400=ORIENTED_EDGE('',*,*,#5331,.T.);
#7401=ORIENTED_EDGE('',*,*,#5328,.T.);
#7402=ORIENTED_EDGE('',*,*,#5325,.T.);
#7403=ORIENTED_EDGE('',*,*,#5322,.T.);
#7404=ORIENTED_EDGE('',*,*,#5319,.T.);
#7405=ORIENTED_EDGE('',*,*,#5316,.T.);
#7406=ORIENTED_EDGE('',*,*,#5313,.T.);
#7407=ORIENTED_EDGE('',*,*,#5310,.T.);
#7408=ORIENTED_EDGE('',*,*,#5307,.T.);
#7409=ORIENTED_EDGE('',*,*,#5304,.T.);
#7410=ORIENTED_EDGE('',*,*,#5301,.T.);
#7411=ORIENTED_EDGE('',*,*,#5298,.T.);
#7412=ORIENTED_EDGE('',*,*,#5295,.T.);
#7413=ORIENTED_EDGE('',*,*,#5292,.T.);
#7414=ORIENTED_EDGE('',*,*,#5289,.T.);
#7415=ORIENTED_EDGE('',*,*,#5286,.T.);
#7416=ORIENTED_EDGE('',*,*,#5283,.T.);
#7417=ORIENTED_EDGE('',*,*,#5280,.T.);
#7418=ORIENTED_EDGE('',*,*,#5277,.T.);
#7419=ORIENTED_EDGE('',*,*,#5274,.T.);
#7420=ORIENTED_EDGE('',*,*,#5271,.T.);
#7421=ORIENTED_EDGE('',*,*,#5268,.T.);
#7422=ORIENTED_EDGE('',*,*,#5265,.T.);
#7423=ORIENTED_EDGE('',*,*,#5262,.T.);
#7424=ORIENTED_EDGE('',*,*,#5259,.T.);
#7425=ORIENTED_EDGE('',*,*,#5256,.T.);
#7426=ORIENTED_EDGE('',*,*,#5253,.T.);
#7427=ORIENTED_EDGE('',*,*,#5250,.T.);
#7428=ORIENTED_EDGE('',*,*,#5247,.T.);
#7429=ORIENTED_EDGE('',*,*,#5244,.T.);
#7430=ORIENTED_EDGE('',*,*,#5241,.T.);
#7431=ORIENTED_EDGE('',*,*,#5238,.T.);
#7432=ORIENTED_EDGE('',*,*,#5235,.T.);
#7433=ORIENTED_EDGE('',*,*,#5232,.T.);
#7434=ORIENTED_EDGE('',*,*,#5229,.T.);
#7435=ORIENTED_EDGE('',*,*,#5226,.T.);
#7436=ORIENTED_EDGE('',*,*,#5223,.T.);
#7437=ORIENTED_EDGE('',*,*,#5220,.T.);
#7438=ORIENTED_EDGE('',*,*,#5217,.T.);
#7439=ORIENTED_EDGE('',*,*,#5214,.T.);
#7440=ORIENTED_EDGE('',*,*,#5211,.T.);
#7441=ORIENTED_EDGE('',*,*,#5208,.T.);
#7442=ORIENTED_EDGE('',*,*,#5205,.T.);
#7443=ORIENTED_EDGE('',*,*,#5202,.T.);
#7444=ORIENTED_EDGE('',*,*,#5199,.T.);
#7445=ORIENTED_EDGE('',*,*,#5196,.T.);
#7446=ORIENTED_EDGE('',*,*,#5193,.T.);
#7447=ORIENTED_EDGE('',*,*,#5190,.T.);
#7448=ORIENTED_EDGE('',*,*,#5187,.T.);
#7449=ORIENTED_EDGE('',*,*,#5184,.T.);
#7450=ORIENTED_EDGE('',*,*,#5181,.T.);
#7451=ORIENTED_EDGE('',*,*,#5178,.T.);
#7452=ORIENTED_EDGE('',*,*,#5175,.T.);
#7453=ORIENTED_EDGE('',*,*,#5172,.T.);
#7454=ORIENTED_EDGE('',*,*,#5169,.T.);
#7455=ORIENTED_EDGE('',*,*,#5166,.T.);
#7456=ORIENTED_EDGE('',*,*,#5163,.T.);
#7457=ORIENTED_EDGE('',*,*,#5160,.T.);
#7458=ORIENTED_EDGE('',*,*,#5157,.T.);
#7459=ORIENTED_EDGE('',*,*,#5154,.T.);
#7460=ORIENTED_EDGE('',*,*,#5151,.T.);
#7461=ORIENTED_EDGE('',*,*,#5148,.T.);
#7462=ORIENTED_EDGE('',*,*,#5145,.T.);
#7463=ORIENTED_EDGE('',*,*,#5142,.T.);
#7464=ORIENTED_EDGE('',*,*,#5139,.T.);
#7465=ORIENTED_EDGE('',*,*,#5136,.T.);
#7466=ORIENTED_EDGE('',*,*,#5133,.T.);
#7467=ORIENTED_EDGE('',*,*,#5130,.T.);
#7468=ORIENTED_EDGE('',*,*,#5127,.T.);
#7469=ORIENTED_EDGE('',*,*,#5124,.T.);
#7470=ORIENTED_EDGE('',*,*,#5121,.T.);
#7471=ORIENTED_EDGE('',*,*,#5118,.T.);
#7472=ORIENTED_EDGE('',*,*,#5115,.T.);
#7473=ORIENTED_EDGE('',*,*,#5112,.T.);
#7474=ORIENTED_EDGE('',*,*,#5109,.T.);
#7475=ORIENTED_EDGE('',*,*,#5106,.T.);
#7476=ORIENTED_EDGE('',*,*,#5103,.T.);
#7477=ORIENTED_EDGE('',*,*,#5100,.T.);
#7478=ORIENTED_EDGE('',*,*,#5097,.T.);
#7479=ORIENTED_EDGE('',*,*,#5094,.T.);
#7480=ORIENTED_EDGE('',*,*,#5091,.T.);
#7481=ORIENTED_EDGE('',*,*,#5088,.T.);
#7482=ORIENTED_EDGE('',*,*,#5085,.T.);
#7483=ORIENTED_EDGE('',*,*,#5082,.T.);
#7484=ORIENTED_EDGE('',*,*,#5079,.T.);
#7485=ORIENTED_EDGE('',*,*,#5076,.T.);
#7486=ORIENTED_EDGE('',*,*,#5073,.T.);
#7487=ORIENTED_EDGE('',*,*,#5070,.T.);
#7488=ORIENTED_EDGE('',*,*,#5067,.T.);
#7489=ORIENTED_EDGE('',*,*,#5064,.T.);
#7490=ORIENTED_EDGE('',*,*,#5061,.T.);
#7491=ORIENTED_EDGE('',*,*,#5058,.T.);
#7492=ORIENTED_EDGE('',*,*,#5055,.T.);
#7493=ORIENTED_EDGE('',*,*,#5052,.T.);
#7494=ORIENTED_EDGE('',*,*,#5049,.T.);
#7495=ORIENTED_EDGE('',*,*,#5046,.T.);
#7496=ORIENTED_EDGE('',*,*,#5043,.T.);
#7497=ORIENTED_EDGE('',*,*,#5040,.T.);
#7498=ORIENTED_EDGE('',*,*,#5037,.T.);
#7499=ORIENTED_EDGE('',*,*,#5034,.T.);
#7500=ORIENTED_EDGE('',*,*,#5031,.T.);
#7501=ORIENTED_EDGE('',*,*,#5028,.T.);
#7502=ORIENTED_EDGE('',*,*,#5025,.T.);
#7503=ORIENTED_EDGE('',*,*,#5022,.T.);
#7504=ORIENTED_EDGE('',*,*,#5019,.T.);
#7505=ORIENTED_EDGE('',*,*,#5016,.T.);
#7506=ORIENTED_EDGE('',*,*,#5013,.T.);
#7507=ORIENTED_EDGE('',*,*,#5010,.T.);
#7508=ORIENTED_EDGE('',*,*,#5007,.T.);
#7509=ORIENTED_EDGE('',*,*,#5004,.T.);
#7510=ORIENTED_EDGE('',*,*,#5001,.T.);
#7511=ORIENTED_EDGE('',*,*,#4998,.T.);
#7512=ORIENTED_EDGE('',*,*,#4995,.T.);
#7513=ORIENTED_EDGE('',*,*,#4992,.T.);
#7514=ORIENTED_EDGE('',*,*,#4989,.T.);
#7515=ORIENTED_EDGE('',*,*,#4986,.T.);
#7516=ORIENTED_EDGE('',*,*,#4983,.T.);
#7517=ORIENTED_EDGE('',*,*,#4980,.T.);
#7518=ORIENTED_EDGE('',*,*,#4977,.T.);
#7519=ORIENTED_EDGE('',*,*,#4974,.T.);
#7520=ORIENTED_EDGE('',*,*,#4971,.T.);
#7521=ORIENTED_EDGE('',*,*,#4968,.T.);
#7522=ORIENTED_EDGE('',*,*,#4965,.T.);
#7523=ORIENTED_EDGE('',*,*,#4962,.T.);
#7524=ORIENTED_EDGE('',*,*,#4959,.T.);
#7525=ORIENTED_EDGE('',*,*,#4956,.T.);
#7526=ORIENTED_EDGE('',*,*,#4953,.T.);
#7527=ORIENTED_EDGE('',*,*,#4950,.T.);
#7528=ORIENTED_EDGE('',*,*,#4947,.T.);
#7529=ORIENTED_EDGE('',*,*,#4944,.T.);
#7530=ORIENTED_EDGE('',*,*,#4941,.T.);
#7531=ORIENTED_EDGE('',*,*,#4938,.T.);
#7532=ORIENTED_EDGE('',*,*,#4935,.T.);
#7533=ORIENTED_EDGE('',*,*,#4932,.T.);
#7534=ORIENTED_EDGE('',*,*,#4929,.T.);
#7535=ORIENTED_EDGE('',*,*,#4926,.T.);
#7536=ORIENTED_EDGE('',*,*,#4923,.T.);
#7537=ORIENTED_EDGE('',*,*,#4920,.T.);
#7538=ORIENTED_EDGE('',*,*,#4917,.T.);
#7539=ORIENTED_EDGE('',*,*,#4914,.T.);
#7540=ORIENTED_EDGE('',*,*,#4911,.T.);
#7541=ORIENTED_EDGE('',*,*,#4908,.T.);
#7542=ORIENTED_EDGE('',*,*,#4905,.T.);
#7543=ORIENTED_EDGE('',*,*,#4902,.T.);
#7544=ORIENTED_EDGE('',*,*,#4899,.T.);
#7545=ORIENTED_EDGE('',*,*,#4896,.T.);
#7546=ORIENTED_EDGE('',*,*,#4893,.T.);
#7547=ORIENTED_EDGE('',*,*,#4890,.T.);
#7548=ORIENTED_EDGE('',*,*,#4887,.T.);
#7549=ORIENTED_EDGE('',*,*,#4884,.T.);
#7550=ORIENTED_EDGE('',*,*,#4881,.T.);
#7551=ORIENTED_EDGE('',*,*,#4878,.T.);
#7552=ORIENTED_EDGE('',*,*,#4875,.T.);
#7553=ORIENTED_EDGE('',*,*,#4872,.T.);
#7554=ORIENTED_EDGE('',*,*,#4869,.T.);
#7555=ORIENTED_EDGE('',*,*,#4866,.T.);
#7556=ORIENTED_EDGE('',*,*,#4863,.T.);
#7557=ORIENTED_EDGE('',*,*,#4860,.T.);
#7558=ORIENTED_EDGE('',*,*,#4857,.T.);
#7559=ORIENTED_EDGE('',*,*,#4854,.T.);
#7560=ORIENTED_EDGE('',*,*,#4851,.T.);
#7561=ORIENTED_EDGE('',*,*,#4848,.T.);
#7562=ORIENTED_EDGE('',*,*,#4845,.T.);
#7563=ORIENTED_EDGE('',*,*,#4842,.T.);
#7564=ORIENTED_EDGE('',*,*,#4839,.T.);
#7565=ORIENTED_EDGE('',*,*,#4836,.T.);
#7566=ORIENTED_EDGE('',*,*,#4833,.T.);
#7567=ORIENTED_EDGE('',*,*,#4830,.T.);
#7568=ORIENTED_EDGE('',*,*,#4827,.T.);
#7569=ORIENTED_EDGE('',*,*,#4824,.T.);
#7570=ORIENTED_EDGE('',*,*,#4821,.T.);
#7571=ORIENTED_EDGE('',*,*,#4818,.T.);
#7572=ORIENTED_EDGE('',*,*,#4815,.T.);
#7573=ORIENTED_EDGE('',*,*,#4812,.T.);
#7574=ORIENTED_EDGE('',*,*,#4809,.T.);
#7575=ORIENTED_EDGE('',*,*,#4806,.T.);
#7576=ORIENTED_EDGE('',*,*,#4803,.T.);
#7577=ORIENTED_EDGE('',*,*,#4800,.T.);
#7578=ORIENTED_EDGE('',*,*,#4797,.T.);
#7579=ORIENTED_EDGE('',*,*,#4794,.T.);
#7580=ORIENTED_EDGE('',*,*,#4791,.T.);
#7581=ORIENTED_EDGE('',*,*,#4788,.T.);
#7582=ORIENTED_EDGE('',*,*,#4785,.T.);
#7583=ORIENTED_EDGE('',*,*,#4782,.T.);
#7584=ORIENTED_EDGE('',*,*,#4779,.T.);
#7585=ORIENTED_EDGE('',*,*,#4776,.T.);
#7586=ORIENTED_EDGE('',*,*,#4773,.T.);
#7587=ORIENTED_EDGE('',*,*,#4770,.T.);
#7588=ORIENTED_EDGE('',*,*,#4767,.T.);
#7589=ORIENTED_EDGE('',*,*,#4764,.T.);
#7590=ORIENTED_EDGE('',*,*,#4761,.T.);
#7591=ORIENTED_EDGE('',*,*,#4758,.T.);
#7592=ORIENTED_EDGE('',*,*,#4755,.T.);
#7593=ORIENTED_EDGE('',*,*,#4752,.T.);
#7594=ORIENTED_EDGE('',*,*,#4749,.T.);
#7595=ORIENTED_EDGE('',*,*,#4746,.T.);
#7596=ORIENTED_EDGE('',*,*,#4743,.T.);
#7597=ORIENTED_EDGE('',*,*,#4740,.T.);
#7598=ORIENTED_EDGE('',*,*,#4737,.T.);
#7599=ORIENTED_EDGE('',*,*,#4734,.T.);
#7600=ORIENTED_EDGE('',*,*,#4731,.T.);
#7601=ORIENTED_EDGE('',*,*,#4728,.T.);
#7602=ORIENTED_EDGE('',*,*,#4725,.T.);
#7603=ORIENTED_EDGE('',*,*,#4722,.T.);
#7604=ORIENTED_EDGE('',*,*,#4719,.T.);
#7605=ORIENTED_EDGE('',*,*,#4716,.T.);
#7606=ORIENTED_EDGE('',*,*,#4713,.T.);
#7607=ORIENTED_EDGE('',*,*,#4710,.T.);
#7608=ORIENTED_EDGE('',*,*,#4707,.T.);
#7609=ORIENTED_EDGE('',*,*,#4704,.T.);
#7610=ORIENTED_EDGE('',*,*,#4701,.T.);
#7611=ORIENTED_EDGE('',*,*,#4698,.T.);
#7612=ORIENTED_EDGE('',*,*,#4695,.T.);
#7613=ORIENTED_EDGE('',*,*,#4692,.T.);
#7614=ORIENTED_EDGE('',*,*,#4689,.T.);
#7615=ORIENTED_EDGE('',*,*,#4686,.T.);
#7616=ORIENTED_EDGE('',*,*,#4683,.T.);
#7617=ORIENTED_EDGE('',*,*,#4680,.T.);
#7618=ORIENTED_EDGE('',*,*,#4677,.T.);
#7619=ORIENTED_EDGE('',*,*,#4674,.T.);
#7620=ORIENTED_EDGE('',*,*,#4671,.T.);
#7621=ORIENTED_EDGE('',*,*,#4668,.T.);
#7622=ORIENTED_EDGE('',*,*,#4665,.T.);
#7623=ORIENTED_EDGE('',*,*,#4662,.T.);
#7624=ORIENTED_EDGE('',*,*,#4659,.T.);
#7625=ORIENTED_EDGE('',*,*,#4656,.T.);
#7626=ORIENTED_EDGE('',*,*,#4653,.T.);
#7627=ORIENTED_EDGE('',*,*,#4650,.T.);
#7628=ORIENTED_EDGE('',*,*,#4647,.T.);
#7629=ORIENTED_EDGE('',*,*,#4644,.T.);
#7630=ORIENTED_EDGE('',*,*,#4641,.T.);
#7631=ORIENTED_EDGE('',*,*,#4638,.T.);
#7632=ORIENTED_EDGE('',*,*,#4635,.T.);
#7633=ORIENTED_EDGE('',*,*,#4632,.T.);
#7634=ORIENTED_EDGE('',*,*,#4629,.T.);
#7635=ORIENTED_EDGE('',*,*,#4626,.T.);
#7636=ORIENTED_EDGE('',*,*,#4623,.T.);
#7637=ORIENTED_EDGE('',*,*,#4620,.T.);
#7638=ORIENTED_EDGE('',*,*,#4617,.T.);
#7639=ORIENTED_EDGE('',*,*,#4614,.T.);
#7640=ORIENTED_EDGE('',*,*,#4611,.T.);
#7641=ORIENTED_EDGE('',*,*,#4608,.T.);
#7642=ORIENTED_EDGE('',*,*,#4605,.T.);
#7643=ORIENTED_EDGE('',*,*,#4602,.T.);
#7644=ORIENTED_EDGE('',*,*,#4599,.T.);
#7645=ORIENTED_EDGE('',*,*,#4596,.T.);
#7646=ORIENTED_EDGE('',*,*,#4593,.T.);
#7647=ORIENTED_EDGE('',*,*,#4590,.T.);
#7648=ORIENTED_EDGE('',*,*,#4587,.T.);
#7649=ORIENTED_EDGE('',*,*,#4584,.T.);
#7650=ORIENTED_EDGE('',*,*,#4581,.T.);
#7651=ORIENTED_EDGE('',*,*,#4578,.T.);
#7652=ORIENTED_EDGE('',*,*,#4575,.T.);
#7653=ORIENTED_EDGE('',*,*,#4572,.T.);
#7654=ORIENTED_EDGE('',*,*,#4569,.T.);
#7655=ORIENTED_EDGE('',*,*,#4566,.T.);
#7656=ORIENTED_EDGE('',*,*,#4563,.T.);
#7657=ORIENTED_EDGE('',*,*,#4560,.T.);
#7658=ORIENTED_EDGE('',*,*,#4557,.T.);
#7659=ORIENTED_EDGE('',*,*,#4554,.T.);
#7660=ORIENTED_EDGE('',*,*,#4551,.T.);
#7661=ORIENTED_EDGE('',*,*,#4548,.T.);
#7662=ORIENTED_EDGE('',*,*,#4545,.T.);
#7663=ORIENTED_EDGE('',*,*,#4542,.T.);
#7664=ORIENTED_EDGE('',*,*,#4539,.T.);
#7665=ORIENTED_EDGE('',*,*,#4536,.T.);
#7666=ORIENTED_EDGE('',*,*,#4533,.T.);
#7667=ORIENTED_EDGE('',*,*,#4530,.T.);
#7668=ORIENTED_EDGE('',*,*,#4527,.T.);
#7669=ORIENTED_EDGE('',*,*,#4524,.T.);
#7670=ORIENTED_EDGE('',*,*,#4521,.T.);
#7671=ORIENTED_EDGE('',*,*,#4518,.T.);
#7672=ORIENTED_EDGE('',*,*,#4515,.T.);
#7673=ORIENTED_EDGE('',*,*,#4512,.T.);
#7674=ORIENTED_EDGE('',*,*,#4509,.T.);
#7675=ORIENTED_EDGE('',*,*,#4506,.T.);
#7676=ORIENTED_EDGE('',*,*,#4503,.T.);
#7677=ORIENTED_EDGE('',*,*,#4500,.T.);
#7678=ORIENTED_EDGE('',*,*,#4497,.T.);
#7679=ORIENTED_EDGE('',*,*,#4494,.T.);
#7680=ORIENTED_EDGE('',*,*,#4491,.T.);
#7681=ORIENTED_EDGE('',*,*,#4488,.T.);
#7682=ORIENTED_EDGE('',*,*,#4485,.T.);
#7683=ORIENTED_EDGE('',*,*,#4482,.T.);
#7684=ORIENTED_EDGE('',*,*,#4479,.T.);
#7685=ORIENTED_EDGE('',*,*,#4476,.T.);
#7686=ORIENTED_EDGE('',*,*,#4473,.T.);
#7687=ORIENTED_EDGE('',*,*,#4470,.T.);
#7688=ORIENTED_EDGE('',*,*,#4467,.T.);
#7689=ORIENTED_EDGE('',*,*,#4464,.T.);
#7690=ORIENTED_EDGE('',*,*,#4461,.T.);
#7691=ORIENTED_EDGE('',*,*,#5669,.F.);
#7692=ORIENTED_EDGE('',*,*,#5659,.F.);
#7693=ORIENTED_EDGE('',*,*,#5663,.F.);
#7694=ORIENTED_EDGE('',*,*,#5666,.F.);
#7695=ORIENTED_EDGE('',*,*,#5657,.F.);
#7696=ORIENTED_EDGE('',*,*,#5647,.F.);
#7697=ORIENTED_EDGE('',*,*,#5651,.F.);
#7698=ORIENTED_EDGE('',*,*,#5654,.F.);
#7699=ORIENTED_EDGE('',*,*,#5645,.F.);
#7700=ORIENTED_EDGE('',*,*,#5635,.F.);
#7701=ORIENTED_EDGE('',*,*,#5639,.F.);
#7702=ORIENTED_EDGE('',*,*,#5642,.F.);
#7703=ORIENTED_EDGE('',*,*,#5633,.F.);
#7704=ORIENTED_EDGE('',*,*,#5623,.F.);
#7705=ORIENTED_EDGE('',*,*,#5627,.F.);
#7706=ORIENTED_EDGE('',*,*,#5630,.F.);
#7707=ORIENTED_EDGE('',*,*,#5621,.F.);
#7708=ORIENTED_EDGE('',*,*,#5611,.F.);
#7709=ORIENTED_EDGE('',*,*,#5615,.F.);
#7710=ORIENTED_EDGE('',*,*,#5618,.F.);
#7711=ORIENTED_EDGE('',*,*,#5609,.F.);
#7712=ORIENTED_EDGE('',*,*,#5599,.F.);
#7713=ORIENTED_EDGE('',*,*,#5603,.F.);
#7714=ORIENTED_EDGE('',*,*,#5606,.F.);
#7715=ORIENTED_EDGE('',*,*,#5597,.F.);
#7716=ORIENTED_EDGE('',*,*,#5587,.F.);
#7717=ORIENTED_EDGE('',*,*,#5591,.F.);
#7718=ORIENTED_EDGE('',*,*,#5594,.F.);
#7719=ORIENTED_EDGE('',*,*,#5585,.F.);
#7720=ORIENTED_EDGE('',*,*,#5575,.F.);
#7721=ORIENTED_EDGE('',*,*,#5579,.F.);
#7722=ORIENTED_EDGE('',*,*,#5582,.F.);
#7723=ORIENTED_EDGE('',*,*,#5573,.F.);
#7724=ORIENTED_EDGE('',*,*,#5563,.F.);
#7725=ORIENTED_EDGE('',*,*,#5567,.F.);
#7726=ORIENTED_EDGE('',*,*,#5570,.F.);
#7727=ORIENTED_EDGE('',*,*,#5561,.F.);
#7728=ORIENTED_EDGE('',*,*,#5551,.F.);
#7729=ORIENTED_EDGE('',*,*,#5555,.F.);
#7730=ORIENTED_EDGE('',*,*,#5558,.F.);
#7731=ORIENTED_EDGE('',*,*,#5549,.F.);
#7732=ORIENTED_EDGE('',*,*,#5539,.F.);
#7733=ORIENTED_EDGE('',*,*,#5543,.F.);
#7734=ORIENTED_EDGE('',*,*,#5546,.F.);
#7735=ORIENTED_EDGE('',*,*,#5537,.F.);
#7736=ORIENTED_EDGE('',*,*,#5527,.F.);
#7737=ORIENTED_EDGE('',*,*,#5531,.F.);
#7738=ORIENTED_EDGE('',*,*,#5534,.F.);
#7739=ORIENTED_EDGE('',*,*,#5525,.F.);
#7740=ORIENTED_EDGE('',*,*,#5515,.F.);
#7741=ORIENTED_EDGE('',*,*,#5519,.F.);
#7742=ORIENTED_EDGE('',*,*,#5522,.F.);
#7743=ORIENTED_EDGE('',*,*,#5513,.F.);
#7744=ORIENTED_EDGE('',*,*,#5503,.F.);
#7745=ORIENTED_EDGE('',*,*,#5507,.F.);
#7746=ORIENTED_EDGE('',*,*,#5510,.F.);
#7747=ORIENTED_EDGE('',*,*,#5501,.F.);
#7748=ORIENTED_EDGE('',*,*,#5491,.F.);
#7749=ORIENTED_EDGE('',*,*,#5495,.F.);
#7750=ORIENTED_EDGE('',*,*,#5498,.F.);
#7751=ORIENTED_EDGE('',*,*,#5489,.F.);
#7752=ORIENTED_EDGE('',*,*,#5479,.F.);
#7753=ORIENTED_EDGE('',*,*,#5483,.F.);
#7754=ORIENTED_EDGE('',*,*,#5486,.F.);
#7755=ORIENTED_EDGE('',*,*,#5477,.F.);
#7756=ORIENTED_EDGE('',*,*,#5467,.F.);
#7757=ORIENTED_EDGE('',*,*,#5471,.F.);
#7758=ORIENTED_EDGE('',*,*,#5474,.F.);
#7759=ORIENTED_EDGE('',*,*,#5465,.F.);
#7760=ORIENTED_EDGE('',*,*,#5455,.F.);
#7761=ORIENTED_EDGE('',*,*,#5459,.F.);
#7762=ORIENTED_EDGE('',*,*,#5462,.F.);
#7763=ORIENTED_EDGE('',*,*,#5453,.F.);
#7764=ORIENTED_EDGE('',*,*,#5443,.F.);
#7765=ORIENTED_EDGE('',*,*,#5447,.F.);
#7766=ORIENTED_EDGE('',*,*,#5450,.F.);
#7767=ORIENTED_EDGE('',*,*,#5441,.F.);
#7768=ORIENTED_EDGE('',*,*,#5431,.F.);
#7769=ORIENTED_EDGE('',*,*,#5435,.F.);
#7770=ORIENTED_EDGE('',*,*,#5438,.F.);
#7771=ORIENTED_EDGE('',*,*,#5429,.F.);
#7772=ORIENTED_EDGE('',*,*,#5419,.F.);
#7773=ORIENTED_EDGE('',*,*,#5423,.F.);
#7774=ORIENTED_EDGE('',*,*,#5426,.F.);
#7775=ORIENTED_EDGE('',*,*,#5417,.F.);
#7776=ORIENTED_EDGE('',*,*,#5407,.F.);
#7777=ORIENTED_EDGE('',*,*,#5411,.F.);
#7778=ORIENTED_EDGE('',*,*,#5414,.F.);
#7779=ORIENTED_EDGE('',*,*,#5405,.F.);
#7780=ORIENTED_EDGE('',*,*,#5395,.F.);
#7781=ORIENTED_EDGE('',*,*,#5399,.F.);
#7782=ORIENTED_EDGE('',*,*,#5402,.F.);
#7783=ORIENTED_EDGE('',*,*,#5393,.F.);
#7784=ORIENTED_EDGE('',*,*,#5383,.F.);
#7785=ORIENTED_EDGE('',*,*,#5387,.F.);
#7786=ORIENTED_EDGE('',*,*,#5390,.F.);
#7787=ORIENTED_EDGE('',*,*,#5381,.F.);
#7788=ORIENTED_EDGE('',*,*,#5371,.F.);
#7789=ORIENTED_EDGE('',*,*,#5375,.F.);
#7790=ORIENTED_EDGE('',*,*,#5378,.F.);
#7791=ORIENTED_EDGE('',*,*,#5369,.F.);
#7792=ORIENTED_EDGE('',*,*,#5359,.F.);
#7793=ORIENTED_EDGE('',*,*,#5363,.F.);
#7794=ORIENTED_EDGE('',*,*,#5366,.F.);
#7795=ORIENTED_EDGE('',*,*,#5357,.F.);
#7796=ORIENTED_EDGE('',*,*,#5347,.F.);
#7797=ORIENTED_EDGE('',*,*,#5351,.F.);
#7798=ORIENTED_EDGE('',*,*,#5354,.F.);
#7799=ORIENTED_EDGE('',*,*,#5345,.F.);
#7800=ORIENTED_EDGE('',*,*,#5335,.F.);
#7801=ORIENTED_EDGE('',*,*,#5339,.F.);
#7802=ORIENTED_EDGE('',*,*,#5342,.F.);
#7803=ORIENTED_EDGE('',*,*,#5333,.F.);
#7804=ORIENTED_EDGE('',*,*,#5323,.F.);
#7805=ORIENTED_EDGE('',*,*,#5327,.F.);
#7806=ORIENTED_EDGE('',*,*,#5330,.F.);
#7807=ORIENTED_EDGE('',*,*,#5321,.F.);
#7808=ORIENTED_EDGE('',*,*,#5311,.F.);
#7809=ORIENTED_EDGE('',*,*,#5315,.F.);
#7810=ORIENTED_EDGE('',*,*,#5318,.F.);
#7811=ORIENTED_EDGE('',*,*,#5309,.F.);
#7812=ORIENTED_EDGE('',*,*,#5299,.F.);
#7813=ORIENTED_EDGE('',*,*,#5303,.F.);
#7814=ORIENTED_EDGE('',*,*,#5306,.F.);
#7815=ORIENTED_EDGE('',*,*,#5297,.F.);
#7816=ORIENTED_EDGE('',*,*,#5287,.F.);
#7817=ORIENTED_EDGE('',*,*,#5291,.F.);
#7818=ORIENTED_EDGE('',*,*,#5294,.F.);
#7819=ORIENTED_EDGE('',*,*,#5285,.F.);
#7820=ORIENTED_EDGE('',*,*,#5275,.F.);
#7821=ORIENTED_EDGE('',*,*,#5279,.F.);
#7822=ORIENTED_EDGE('',*,*,#5282,.F.);
#7823=ORIENTED_EDGE('',*,*,#5273,.F.);
#7824=ORIENTED_EDGE('',*,*,#5263,.F.);
#7825=ORIENTED_EDGE('',*,*,#5267,.F.);
#7826=ORIENTED_EDGE('',*,*,#5270,.F.);
#7827=ORIENTED_EDGE('',*,*,#5261,.F.);
#7828=ORIENTED_EDGE('',*,*,#5251,.F.);
#7829=ORIENTED_EDGE('',*,*,#5255,.F.);
#7830=ORIENTED_EDGE('',*,*,#5258,.F.);
#7831=ORIENTED_EDGE('',*,*,#5249,.F.);
#7832=ORIENTED_EDGE('',*,*,#5239,.F.);
#7833=ORIENTED_EDGE('',*,*,#5243,.F.);
#7834=ORIENTED_EDGE('',*,*,#5246,.F.);
#7835=ORIENTED_EDGE('',*,*,#5237,.F.);
#7836=ORIENTED_EDGE('',*,*,#5227,.F.);
#7837=ORIENTED_EDGE('',*,*,#5231,.F.);
#7838=ORIENTED_EDGE('',*,*,#5234,.F.);
#7839=ORIENTED_EDGE('',*,*,#5225,.F.);
#7840=ORIENTED_EDGE('',*,*,#5215,.F.);
#7841=ORIENTED_EDGE('',*,*,#5219,.F.);
#7842=ORIENTED_EDGE('',*,*,#5222,.F.);
#7843=ORIENTED_EDGE('',*,*,#5213,.F.);
#7844=ORIENTED_EDGE('',*,*,#5203,.F.);
#7845=ORIENTED_EDGE('',*,*,#5207,.F.);
#7846=ORIENTED_EDGE('',*,*,#5210,.F.);
#7847=ORIENTED_EDGE('',*,*,#5201,.F.);
#7848=ORIENTED_EDGE('',*,*,#5191,.F.);
#7849=ORIENTED_EDGE('',*,*,#5195,.F.);
#7850=ORIENTED_EDGE('',*,*,#5198,.F.);
#7851=ORIENTED_EDGE('',*,*,#5189,.F.);
#7852=ORIENTED_EDGE('',*,*,#5179,.F.);
#7853=ORIENTED_EDGE('',*,*,#5183,.F.);
#7854=ORIENTED_EDGE('',*,*,#5186,.F.);
#7855=ORIENTED_EDGE('',*,*,#5177,.F.);
#7856=ORIENTED_EDGE('',*,*,#5167,.F.);
#7857=ORIENTED_EDGE('',*,*,#5171,.F.);
#7858=ORIENTED_EDGE('',*,*,#5174,.F.);
#7859=ORIENTED_EDGE('',*,*,#5165,.F.);
#7860=ORIENTED_EDGE('',*,*,#5155,.F.);
#7861=ORIENTED_EDGE('',*,*,#5159,.F.);
#7862=ORIENTED_EDGE('',*,*,#5162,.F.);
#7863=ORIENTED_EDGE('',*,*,#5153,.F.);
#7864=ORIENTED_EDGE('',*,*,#5143,.F.);
#7865=ORIENTED_EDGE('',*,*,#5147,.F.);
#7866=ORIENTED_EDGE('',*,*,#5150,.F.);
#7867=ORIENTED_EDGE('',*,*,#5141,.F.);
#7868=ORIENTED_EDGE('',*,*,#5131,.F.);
#7869=ORIENTED_EDGE('',*,*,#5135,.F.);
#7870=ORIENTED_EDGE('',*,*,#5138,.F.);
#7871=ORIENTED_EDGE('',*,*,#5129,.F.);
#7872=ORIENTED_EDGE('',*,*,#5119,.F.);
#7873=ORIENTED_EDGE('',*,*,#5123,.F.);
#7874=ORIENTED_EDGE('',*,*,#5126,.F.);
#7875=ORIENTED_EDGE('',*,*,#5117,.F.);
#7876=ORIENTED_EDGE('',*,*,#5107,.F.);
#7877=ORIENTED_EDGE('',*,*,#5111,.F.);
#7878=ORIENTED_EDGE('',*,*,#5114,.F.);
#7879=ORIENTED_EDGE('',*,*,#5105,.F.);
#7880=ORIENTED_EDGE('',*,*,#5095,.F.);
#7881=ORIENTED_EDGE('',*,*,#5099,.F.);
#7882=ORIENTED_EDGE('',*,*,#5102,.F.);
#7883=ORIENTED_EDGE('',*,*,#5093,.F.);
#7884=ORIENTED_EDGE('',*,*,#5083,.F.);
#7885=ORIENTED_EDGE('',*,*,#5087,.F.);
#7886=ORIENTED_EDGE('',*,*,#5090,.F.);
#7887=ORIENTED_EDGE('',*,*,#5081,.F.);
#7888=ORIENTED_EDGE('',*,*,#5071,.F.);
#7889=ORIENTED_EDGE('',*,*,#5075,.F.);
#7890=ORIENTED_EDGE('',*,*,#5078,.F.);
#7891=ORIENTED_EDGE('',*,*,#5069,.F.);
#7892=ORIENTED_EDGE('',*,*,#5059,.F.);
#7893=ORIENTED_EDGE('',*,*,#5063,.F.);
#7894=ORIENTED_EDGE('',*,*,#5066,.F.);
#7895=ORIENTED_EDGE('',*,*,#5057,.F.);
#7896=ORIENTED_EDGE('',*,*,#5047,.F.);
#7897=ORIENTED_EDGE('',*,*,#5051,.F.);
#7898=ORIENTED_EDGE('',*,*,#5054,.F.);
#7899=ORIENTED_EDGE('',*,*,#5045,.F.);
#7900=ORIENTED_EDGE('',*,*,#5035,.F.);
#7901=ORIENTED_EDGE('',*,*,#5039,.F.);
#7902=ORIENTED_EDGE('',*,*,#5042,.F.);
#7903=ORIENTED_EDGE('',*,*,#5033,.F.);
#7904=ORIENTED_EDGE('',*,*,#5023,.F.);
#7905=ORIENTED_EDGE('',*,*,#5027,.F.);
#7906=ORIENTED_EDGE('',*,*,#5030,.F.);
#7907=ORIENTED_EDGE('',*,*,#5021,.F.);
#7908=ORIENTED_EDGE('',*,*,#5011,.F.);
#7909=ORIENTED_EDGE('',*,*,#5015,.F.);
#7910=ORIENTED_EDGE('',*,*,#5018,.F.);
#7911=ORIENTED_EDGE('',*,*,#5009,.F.);
#7912=ORIENTED_EDGE('',*,*,#4999,.F.);
#7913=ORIENTED_EDGE('',*,*,#5003,.F.);
#7914=ORIENTED_EDGE('',*,*,#5006,.F.);
#7915=ORIENTED_EDGE('',*,*,#4997,.F.);
#7916=ORIENTED_EDGE('',*,*,#4987,.F.);
#7917=ORIENTED_EDGE('',*,*,#4991,.F.);
#7918=ORIENTED_EDGE('',*,*,#4994,.F.);
#7919=ORIENTED_EDGE('',*,*,#4985,.F.);
#7920=ORIENTED_EDGE('',*,*,#4975,.F.);
#7921=ORIENTED_EDGE('',*,*,#4979,.F.);
#7922=ORIENTED_EDGE('',*,*,#4982,.F.);
#7923=ORIENTED_EDGE('',*,*,#4973,.F.);
#7924=ORIENTED_EDGE('',*,*,#4963,.F.);
#7925=ORIENTED_EDGE('',*,*,#4967,.F.);
#7926=ORIENTED_EDGE('',*,*,#4970,.F.);
#7927=ORIENTED_EDGE('',*,*,#4961,.F.);
#7928=ORIENTED_EDGE('',*,*,#4951,.F.);
#7929=ORIENTED_EDGE('',*,*,#4955,.F.);
#7930=ORIENTED_EDGE('',*,*,#4958,.F.);
#7931=ORIENTED_EDGE('',*,*,#4949,.F.);
#7932=ORIENTED_EDGE('',*,*,#4939,.F.);
#7933=ORIENTED_EDGE('',*,*,#4943,.F.);
#7934=ORIENTED_EDGE('',*,*,#4946,.F.);
#7935=ORIENTED_EDGE('',*,*,#4937,.F.);
#7936=ORIENTED_EDGE('',*,*,#4927,.F.);
#7937=ORIENTED_EDGE('',*,*,#4931,.F.);
#7938=ORIENTED_EDGE('',*,*,#4934,.F.);
#7939=ORIENTED_EDGE('',*,*,#4925,.F.);
#7940=ORIENTED_EDGE('',*,*,#4915,.F.);
#7941=ORIENTED_EDGE('',*,*,#4919,.F.);
#7942=ORIENTED_EDGE('',*,*,#4922,.F.);
#7943=ORIENTED_EDGE('',*,*,#4913,.F.);
#7944=ORIENTED_EDGE('',*,*,#4903,.F.);
#7945=ORIENTED_EDGE('',*,*,#4907,.F.);
#7946=ORIENTED_EDGE('',*,*,#4910,.F.);
#7947=ORIENTED_EDGE('',*,*,#4901,.F.);
#7948=ORIENTED_EDGE('',*,*,#4891,.F.);
#7949=ORIENTED_EDGE('',*,*,#4895,.F.);
#7950=ORIENTED_EDGE('',*,*,#4898,.F.);
#7951=ORIENTED_EDGE('',*,*,#4889,.F.);
#7952=ORIENTED_EDGE('',*,*,#4879,.F.);
#7953=ORIENTED_EDGE('',*,*,#4883,.F.);
#7954=ORIENTED_EDGE('',*,*,#4886,.F.);
#7955=ORIENTED_EDGE('',*,*,#4877,.F.);
#7956=ORIENTED_EDGE('',*,*,#4867,.F.);
#7957=ORIENTED_EDGE('',*,*,#4871,.F.);
#7958=ORIENTED_EDGE('',*,*,#4874,.F.);
#7959=ORIENTED_EDGE('',*,*,#4865,.F.);
#7960=ORIENTED_EDGE('',*,*,#4855,.F.);
#7961=ORIENTED_EDGE('',*,*,#4859,.F.);
#7962=ORIENTED_EDGE('',*,*,#4862,.F.);
#7963=ORIENTED_EDGE('',*,*,#4853,.F.);
#7964=ORIENTED_EDGE('',*,*,#4843,.F.);
#7965=ORIENTED_EDGE('',*,*,#4847,.F.);
#7966=ORIENTED_EDGE('',*,*,#4850,.F.);
#7967=ORIENTED_EDGE('',*,*,#4841,.F.);
#7968=ORIENTED_EDGE('',*,*,#4831,.F.);
#7969=ORIENTED_EDGE('',*,*,#4835,.F.);
#7970=ORIENTED_EDGE('',*,*,#4838,.F.);
#7971=ORIENTED_EDGE('',*,*,#4829,.F.);
#7972=ORIENTED_EDGE('',*,*,#4819,.F.);
#7973=ORIENTED_EDGE('',*,*,#4823,.F.);
#7974=ORIENTED_EDGE('',*,*,#4826,.F.);
#7975=ORIENTED_EDGE('',*,*,#4817,.F.);
#7976=ORIENTED_EDGE('',*,*,#4807,.F.);
#7977=ORIENTED_EDGE('',*,*,#4811,.F.);
#7978=ORIENTED_EDGE('',*,*,#4814,.F.);
#7979=ORIENTED_EDGE('',*,*,#4805,.F.);
#7980=ORIENTED_EDGE('',*,*,#4795,.F.);
#7981=ORIENTED_EDGE('',*,*,#4799,.F.);
#7982=ORIENTED_EDGE('',*,*,#4802,.F.);
#7983=ORIENTED_EDGE('',*,*,#4793,.F.);
#7984=ORIENTED_EDGE('',*,*,#4783,.F.);
#7985=ORIENTED_EDGE('',*,*,#4787,.F.);
#7986=ORIENTED_EDGE('',*,*,#4790,.F.);
#7987=ORIENTED_EDGE('',*,*,#4781,.F.);
#7988=ORIENTED_EDGE('',*,*,#4771,.F.);
#7989=ORIENTED_EDGE('',*,*,#4775,.F.);
#7990=ORIENTED_EDGE('',*,*,#4778,.F.);
#7991=ORIENTED_EDGE('',*,*,#4769,.F.);
#7992=ORIENTED_EDGE('',*,*,#4759,.F.);
#7993=ORIENTED_EDGE('',*,*,#4763,.F.);
#7994=ORIENTED_EDGE('',*,*,#4766,.F.);
#7995=ORIENTED_EDGE('',*,*,#4757,.F.);
#7996=ORIENTED_EDGE('',*,*,#4747,.F.);
#7997=ORIENTED_EDGE('',*,*,#4751,.F.);
#7998=ORIENTED_EDGE('',*,*,#4754,.F.);
#7999=ORIENTED_EDGE('',*,*,#4745,.F.);
#8000=ORIENTED_EDGE('',*,*,#4735,.F.);
#8001=ORIENTED_EDGE('',*,*,#4739,.F.);
#8002=ORIENTED_EDGE('',*,*,#4742,.F.);
#8003=ORIENTED_EDGE('',*,*,#4733,.F.);
#8004=ORIENTED_EDGE('',*,*,#4723,.F.);
#8005=ORIENTED_EDGE('',*,*,#4727,.F.);
#8006=ORIENTED_EDGE('',*,*,#4730,.F.);
#8007=ORIENTED_EDGE('',*,*,#4721,.F.);
#8008=ORIENTED_EDGE('',*,*,#4711,.F.);
#8009=ORIENTED_EDGE('',*,*,#4715,.F.);
#8010=ORIENTED_EDGE('',*,*,#4718,.F.);
#8011=ORIENTED_EDGE('',*,*,#4709,.F.);
#8012=ORIENTED_EDGE('',*,*,#4699,.F.);
#8013=ORIENTED_EDGE('',*,*,#4703,.F.);
#8014=ORIENTED_EDGE('',*,*,#4706,.F.);
#8015=ORIENTED_EDGE('',*,*,#4697,.F.);
#8016=ORIENTED_EDGE('',*,*,#4687,.F.);
#8017=ORIENTED_EDGE('',*,*,#4691,.F.);
#8018=ORIENTED_EDGE('',*,*,#4694,.F.);
#8019=ORIENTED_EDGE('',*,*,#4685,.F.);
#8020=ORIENTED_EDGE('',*,*,#4675,.F.);
#8021=ORIENTED_EDGE('',*,*,#4679,.F.);
#8022=ORIENTED_EDGE('',*,*,#4682,.F.);
#8023=ORIENTED_EDGE('',*,*,#4673,.F.);
#8024=ORIENTED_EDGE('',*,*,#4663,.F.);
#8025=ORIENTED_EDGE('',*,*,#4667,.F.);
#8026=ORIENTED_EDGE('',*,*,#4670,.F.);
#8027=ORIENTED_EDGE('',*,*,#4661,.F.);
#8028=ORIENTED_EDGE('',*,*,#4651,.F.);
#8029=ORIENTED_EDGE('',*,*,#4655,.F.);
#8030=ORIENTED_EDGE('',*,*,#4658,.F.);
#8031=ORIENTED_EDGE('',*,*,#4649,.F.);
#8032=ORIENTED_EDGE('',*,*,#4639,.F.);
#8033=ORIENTED_EDGE('',*,*,#4643,.F.);
#8034=ORIENTED_EDGE('',*,*,#4646,.F.);
#8035=ORIENTED_EDGE('',*,*,#4637,.F.);
#8036=ORIENTED_EDGE('',*,*,#4627,.F.);
#8037=ORIENTED_EDGE('',*,*,#4631,.F.);
#8038=ORIENTED_EDGE('',*,*,#4634,.F.);
#8039=ORIENTED_EDGE('',*,*,#4625,.F.);
#8040=ORIENTED_EDGE('',*,*,#4615,.F.);
#8041=ORIENTED_EDGE('',*,*,#4619,.F.);
#8042=ORIENTED_EDGE('',*,*,#4622,.F.);
#8043=ORIENTED_EDGE('',*,*,#4613,.F.);
#8044=ORIENTED_EDGE('',*,*,#4603,.F.);
#8045=ORIENTED_EDGE('',*,*,#4607,.F.);
#8046=ORIENTED_EDGE('',*,*,#4610,.F.);
#8047=ORIENTED_EDGE('',*,*,#4601,.F.);
#8048=ORIENTED_EDGE('',*,*,#4591,.F.);
#8049=ORIENTED_EDGE('',*,*,#4595,.F.);
#8050=ORIENTED_EDGE('',*,*,#4598,.F.);
#8051=ORIENTED_EDGE('',*,*,#4589,.F.);
#8052=ORIENTED_EDGE('',*,*,#4579,.F.);
#8053=ORIENTED_EDGE('',*,*,#4583,.F.);
#8054=ORIENTED_EDGE('',*,*,#4586,.F.);
#8055=ORIENTED_EDGE('',*,*,#4577,.F.);
#8056=ORIENTED_EDGE('',*,*,#4567,.F.);
#8057=ORIENTED_EDGE('',*,*,#4571,.F.);
#8058=ORIENTED_EDGE('',*,*,#4574,.F.);
#8059=ORIENTED_EDGE('',*,*,#4565,.F.);
#8060=ORIENTED_EDGE('',*,*,#4555,.F.);
#8061=ORIENTED_EDGE('',*,*,#4559,.F.);
#8062=ORIENTED_EDGE('',*,*,#4562,.F.);
#8063=ORIENTED_EDGE('',*,*,#4553,.F.);
#8064=ORIENTED_EDGE('',*,*,#4543,.F.);
#8065=ORIENTED_EDGE('',*,*,#4547,.F.);
#8066=ORIENTED_EDGE('',*,*,#4550,.F.);
#8067=ORIENTED_EDGE('',*,*,#4541,.F.);
#8068=ORIENTED_EDGE('',*,*,#4531,.F.);
#8069=ORIENTED_EDGE('',*,*,#4535,.F.);
#8070=ORIENTED_EDGE('',*,*,#4538,.F.);
#8071=ORIENTED_EDGE('',*,*,#4529,.F.);
#8072=ORIENTED_EDGE('',*,*,#4519,.F.);
#8073=ORIENTED_EDGE('',*,*,#4523,.F.);
#8074=ORIENTED_EDGE('',*,*,#4526,.F.);
#8075=ORIENTED_EDGE('',*,*,#4517,.F.);
#8076=ORIENTED_EDGE('',*,*,#4507,.F.);
#8077=ORIENTED_EDGE('',*,*,#4511,.F.);
#8078=ORIENTED_EDGE('',*,*,#4514,.F.);
#8079=ORIENTED_EDGE('',*,*,#4505,.F.);
#8080=ORIENTED_EDGE('',*,*,#4495,.F.);
#8081=ORIENTED_EDGE('',*,*,#4499,.F.);
#8082=ORIENTED_EDGE('',*,*,#4502,.F.);
#8083=ORIENTED_EDGE('',*,*,#4493,.F.);
#8084=ORIENTED_EDGE('',*,*,#4483,.F.);
#8085=ORIENTED_EDGE('',*,*,#4487,.F.);
#8086=ORIENTED_EDGE('',*,*,#4490,.F.);
#8087=ORIENTED_EDGE('',*,*,#4481,.F.);
#8088=ORIENTED_EDGE('',*,*,#4471,.F.);
#8089=ORIENTED_EDGE('',*,*,#4475,.F.);
#8090=ORIENTED_EDGE('',*,*,#4478,.F.);
#8091=ORIENTED_EDGE('',*,*,#4469,.F.);
#8092=ORIENTED_EDGE('',*,*,#4459,.F.);
#8093=ORIENTED_EDGE('',*,*,#4463,.F.);
#8094=ORIENTED_EDGE('',*,*,#4466,.F.);
#8095=PLANE('',#8968);
#8096=PLANE('',#8969);
#8097=PLANE('',#8970);
#8098=PLANE('',#8971);
#8099=PLANE('',#8972);
#8100=PLANE('',#8973);
#8101=PLANE('',#8974);
#8102=PLANE('',#8975);
#8103=PLANE('',#8976);
#8104=PLANE('',#8977);
#8105=PLANE('',#8978);
#8106=PLANE('',#8979);
#8107=PLANE('',#8980);
#8108=PLANE('',#8981);
#8109=PLANE('',#8982);
#8110=PLANE('',#8983);
#8111=PLANE('',#8984);
#8112=PLANE('',#8985);
#8113=PLANE('',#8986);
#8114=PLANE('',#8987);
#8115=PLANE('',#8988);
#8116=PLANE('',#8989);
#8117=PLANE('',#8990);
#8118=PLANE('',#8991);
#8119=PLANE('',#8992);
#8120=PLANE('',#8993);
#8121=PLANE('',#8994);
#8122=PLANE('',#8995);
#8123=PLANE('',#8996);
#8124=PLANE('',#8997);
#8125=PLANE('',#8998);
#8126=PLANE('',#8999);
#8127=PLANE('',#9000);
#8128=PLANE('',#9001);
#8129=PLANE('',#9002);
#8130=PLANE('',#9003);
#8131=PLANE('',#9004);
#8132=PLANE('',#9005);
#8133=PLANE('',#9006);
#8134=PLANE('',#9007);
#8135=PLANE('',#9008);
#8136=PLANE('',#9009);
#8137=PLANE('',#9010);
#8138=PLANE('',#9011);
#8139=PLANE('',#9012);
#8140=PLANE('',#9013);
#8141=PLANE('',#9014);
#8142=PLANE('',#9015);
#8143=PLANE('',#9016);
#8144=PLANE('',#9017);
#8145=PLANE('',#9018);
#8146=PLANE('',#9019);
#8147=PLANE('',#9020);
#8148=PLANE('',#9021);
#8149=PLANE('',#9022);
#8150=PLANE('',#9023);
#8151=PLANE('',#9024);
#8152=PLANE('',#9025);
#8153=PLANE('',#9026);
#8154=PLANE('',#9027);
#8155=PLANE('',#9028);
#8156=PLANE('',#9029);
#8157=PLANE('',#9030);
#8158=PLANE('',#9031);
#8159=PLANE('',#9032);
#8160=PLANE('',#9033);
#8161=PLANE('',#9034);
#8162=PLANE('',#9035);
#8163=PLANE('',#9036);
#8164=PLANE('',#9037);
#8165=PLANE('',#9038);
#8166=PLANE('',#9039);
#8167=PLANE('',#9040);
#8168=PLANE('',#9041);
#8169=PLANE('',#9042);
#8170=PLANE('',#9043);
#8171=PLANE('',#9044);
#8172=PLANE('',#9045);
#8173=PLANE('',#9046);
#8174=PLANE('',#9047);
#8175=PLANE('',#9048);
#8176=PLANE('',#9049);
#8177=PLANE('',#9050);
#8178=PLANE('',#9051);
#8179=PLANE('',#9052);
#8180=PLANE('',#9053);
#8181=PLANE('',#9054);
#8182=PLANE('',#9055);
#8183=PLANE('',#9056);
#8184=PLANE('',#9057);
#8185=PLANE('',#9058);
#8186=PLANE('',#9059);
#8187=PLANE('',#9060);
#8188=PLANE('',#9061);
#8189=PLANE('',#9062);
#8190=PLANE('',#9063);
#8191=PLANE('',#9064);
#8192=PLANE('',#9065);
#8193=PLANE('',#9066);
#8194=PLANE('',#9067);
#8195=PLANE('',#9068);
#8196=PLANE('',#9069);
#8197=PLANE('',#9070);
#8198=PLANE('',#9071);
#8199=PLANE('',#9072);
#8200=PLANE('',#9073);
#8201=PLANE('',#9074);
#8202=PLANE('',#9075);
#8203=PLANE('',#9076);
#8204=PLANE('',#9077);
#8205=PLANE('',#9078);
#8206=PLANE('',#9079);
#8207=PLANE('',#9080);
#8208=PLANE('',#9081);
#8209=PLANE('',#9082);
#8210=PLANE('',#9083);
#8211=PLANE('',#9084);
#8212=PLANE('',#9085);
#8213=PLANE('',#9086);
#8214=PLANE('',#9087);
#8215=PLANE('',#9088);
#8216=PLANE('',#9089);
#8217=PLANE('',#9090);
#8218=PLANE('',#9091);
#8219=PLANE('',#9092);
#8220=PLANE('',#9093);
#8221=PLANE('',#9094);
#8222=PLANE('',#9095);
#8223=PLANE('',#9096);
#8224=PLANE('',#9097);
#8225=PLANE('',#9098);
#8226=PLANE('',#9099);
#8227=PLANE('',#9100);
#8228=PLANE('',#9101);
#8229=PLANE('',#9102);
#8230=PLANE('',#9103);
#8231=PLANE('',#9104);
#8232=PLANE('',#9105);
#8233=PLANE('',#9106);
#8234=PLANE('',#9107);
#8235=PLANE('',#9108);
#8236=PLANE('',#9109);
#8237=PLANE('',#9110);
#8238=PLANE('',#9111);
#8239=PLANE('',#9112);
#8240=PLANE('',#9113);
#8241=PLANE('',#9114);
#8242=PLANE('',#9115);
#8243=PLANE('',#9116);
#8244=PLANE('',#9117);
#8245=PLANE('',#9118);
#8246=PLANE('',#9119);
#8247=PLANE('',#9120);
#8248=PLANE('',#9121);
#8249=PLANE('',#9122);
#8250=PLANE('',#9123);
#8251=PLANE('',#9124);
#8252=PLANE('',#9125);
#8253=PLANE('',#9126);
#8254=PLANE('',#9127);
#8255=PLANE('',#9128);
#8256=PLANE('',#9129);
#8257=PLANE('',#9130);
#8258=PLANE('',#9131);
#8259=PLANE('',#9132);
#8260=PLANE('',#9133);
#8261=PLANE('',#9134);
#8262=PLANE('',#9135);
#8263=PLANE('',#9136);
#8264=PLANE('',#9137);
#8265=PLANE('',#9138);
#8266=PLANE('',#9139);
#8267=PLANE('',#9140);
#8268=PLANE('',#9141);
#8269=PLANE('',#9142);
#8270=PLANE('',#9143);
#8271=PLANE('',#9144);
#8272=PLANE('',#9145);
#8273=PLANE('',#9146);
#8274=PLANE('',#9147);
#8275=PLANE('',#9148);
#8276=PLANE('',#9149);
#8277=PLANE('',#9150);
#8278=PLANE('',#9151);
#8279=PLANE('',#9152);
#8280=PLANE('',#9153);
#8281=PLANE('',#9154);
#8282=PLANE('',#9155);
#8283=PLANE('',#9156);
#8284=PLANE('',#9157);
#8285=PLANE('',#9158);
#8286=PLANE('',#9159);
#8287=PLANE('',#9160);
#8288=PLANE('',#9161);
#8289=PLANE('',#9162);
#8290=PLANE('',#9163);
#8291=PLANE('',#9164);
#8292=PLANE('',#9165);
#8293=PLANE('',#9166);
#8294=PLANE('',#9167);
#8295=PLANE('',#9168);
#8296=PLANE('',#9169);
#8297=PLANE('',#9170);
#8298=PLANE('',#9171);
#8299=PLANE('',#9172);
#8300=PLANE('',#9173);
#8301=PLANE('',#9174);
#8302=PLANE('',#9175);
#8303=PLANE('',#9176);
#8304=PLANE('',#9177);
#8305=PLANE('',#9178);
#8306=PLANE('',#9179);
#8307=PLANE('',#9180);
#8308=PLANE('',#9181);
#8309=PLANE('',#9182);
#8310=PLANE('',#9183);
#8311=PLANE('',#9184);
#8312=PLANE('',#9185);
#8313=PLANE('',#9186);
#8314=PLANE('',#9187);
#8315=PLANE('',#9188);
#8316=PLANE('',#9189);
#8317=PLANE('',#9190);
#8318=PLANE('',#9191);
#8319=PLANE('',#9192);
#8320=PLANE('',#9193);
#8321=PLANE('',#9194);
#8322=PLANE('',#9195);
#8323=PLANE('',#9196);
#8324=PLANE('',#9197);
#8325=PLANE('',#9198);
#8326=PLANE('',#9199);
#8327=PLANE('',#9200);
#8328=PLANE('',#9201);
#8329=PLANE('',#9202);
#8330=PLANE('',#9203);
#8331=PLANE('',#9204);
#8332=PLANE('',#9205);
#8333=PLANE('',#9206);
#8334=PLANE('',#9207);
#8335=PLANE('',#9208);
#8336=PLANE('',#9209);
#8337=PLANE('',#9210);
#8338=PLANE('',#9211);
#8339=PLANE('',#9212);
#8340=PLANE('',#9213);
#8341=PLANE('',#9214);
#8342=PLANE('',#9215);
#8343=PLANE('',#9216);
#8344=PLANE('',#9217);
#8345=PLANE('',#9218);
#8346=PLANE('',#9219);
#8347=PLANE('',#9220);
#8348=PLANE('',#9221);
#8349=PLANE('',#9222);
#8350=PLANE('',#9223);
#8351=PLANE('',#9224);
#8352=PLANE('',#9225);
#8353=PLANE('',#9226);
#8354=PLANE('',#9227);
#8355=PLANE('',#9228);
#8356=PLANE('',#9229);
#8357=PLANE('',#9230);
#8358=PLANE('',#9231);
#8359=PLANE('',#9232);
#8360=PLANE('',#9233);
#8361=PLANE('',#9234);
#8362=PLANE('',#9235);
#8363=PLANE('',#9236);
#8364=PLANE('',#9237);
#8365=PLANE('',#9238);
#8366=PLANE('',#9239);
#8367=PLANE('',#9240);
#8368=PLANE('',#9241);
#8369=PLANE('',#9242);
#8370=PLANE('',#9243);
#8371=PLANE('',#9244);
#8372=PLANE('',#9245);
#8373=PLANE('',#9246);
#8374=PLANE('',#9247);
#8375=PLANE('',#9248);
#8376=PLANE('',#9249);
#8377=PLANE('',#9250);
#8378=PLANE('',#9251);
#8379=PLANE('',#9252);
#8380=PLANE('',#9253);
#8381=PLANE('',#9254);
#8382=PLANE('',#9255);
#8383=PLANE('',#9256);
#8384=PLANE('',#9257);
#8385=PLANE('',#9258);
#8386=PLANE('',#9259);
#8387=PLANE('',#9260);
#8388=PLANE('',#9261);
#8389=PLANE('',#9262);
#8390=PLANE('',#9263);
#8391=PLANE('',#9264);
#8392=PLANE('',#9265);
#8393=PLANE('',#9266);
#8394=PLANE('',#9267);
#8395=PLANE('',#9268);
#8396=PLANE('',#9269);
#8397=PLANE('',#9270);
#8398=PLANE('',#9271);
#8399=PLANE('',#9272);
#8400=PLANE('',#9273);
#8401=PLANE('',#9274);
#8402=PLANE('',#9275);
#8403=PLANE('',#9276);
#8404=PLANE('',#9277);
#8405=PLANE('',#9278);
#8406=PLANE('',#9279);
#8407=PLANE('',#9280);
#8408=PLANE('',#9281);
#8409=PLANE('',#9282);
#8410=PLANE('',#9283);
#8411=PLANE('',#9284);
#8412=PLANE('',#9285);
#8413=PLANE('',#9286);
#8414=PLANE('',#9287);
#8415=PLANE('',#9288);
#8416=PLANE('',#9289);
#8417=PLANE('',#9290);
#8418=PLANE('',#9291);
#8419=PLANE('',#9292);
#8420=PLANE('',#9293);
#8421=PLANE('',#9294);
#8422=PLANE('',#9295);
#8423=PLANE('',#9296);
#8424=PLANE('',#9297);
#8425=PLANE('',#9298);
#8426=PLANE('',#9299);
#8427=PLANE('',#9300);
#8428=PLANE('',#9301);
#8429=PLANE('',#9302);
#8430=PLANE('',#9303);
#8431=PLANE('',#9304);
#8432=PLANE('',#9305);
#8433=PLANE('',#9306);
#8434=PLANE('',#9307);
#8435=PLANE('',#9308);
#8436=PLANE('',#9309);
#8437=PLANE('',#9310);
#8438=PLANE('',#9311);
#8439=PLANE('',#9312);
#8440=PLANE('',#9313);
#8441=PLANE('',#9314);
#8442=PLANE('',#9315);
#8443=PLANE('',#9316);
#8444=PLANE('',#9317);
#8445=PLANE('',#9318);
#8446=PLANE('',#9319);
#8447=PLANE('',#9320);
#8448=PLANE('',#9321);
#8449=PLANE('',#9322);
#8450=PLANE('',#9323);
#8451=PLANE('',#9324);
#8452=PLANE('',#9325);
#8453=PLANE('',#9326);
#8454=PLANE('',#9327);
#8455=PLANE('',#9328);
#8456=PLANE('',#9329);
#8457=PLANE('',#9330);
#8458=PLANE('',#9331);
#8459=PLANE('',#9332);
#8460=PLANE('',#9333);
#8461=PLANE('',#9334);
#8462=PLANE('',#9335);
#8463=PLANE('',#9336);
#8464=PLANE('',#9337);
#8465=PLANE('',#9338);
#8466=PLANE('',#9339);
#8467=PLANE('',#9340);
#8468=PLANE('',#9341);
#8469=PLANE('',#9342);
#8470=PLANE('',#9343);
#8471=PLANE('',#9344);
#8472=PLANE('',#9345);
#8473=PLANE('',#9346);
#8474=PLANE('',#9347);
#8475=PLANE('',#9348);
#8476=PLANE('',#9349);
#8477=PLANE('',#9350);
#8478=PLANE('',#9351);
#8479=PLANE('',#9352);
#8480=PLANE('',#9353);
#8481=PLANE('',#9354);
#8482=PLANE('',#9355);
#8483=PLANE('',#9356);
#8484=PLANE('',#9357);
#8485=PLANE('',#9358);
#8486=PLANE('',#9359);
#8487=PLANE('',#9360);
#8488=PLANE('',#9361);
#8489=PLANE('',#9362);
#8490=PLANE('',#9363);
#8491=PLANE('',#9364);
#8492=PLANE('',#9365);
#8493=PLANE('',#9366);
#8494=PLANE('',#9367);
#8495=PLANE('',#9368);
#8496=PLANE('',#9369);
#8497=PLANE('',#9370);
#8498=PLANE('',#9371);
#8499=PLANE('',#9372);
#8500=PLANE('',#9373);
#8501=ADVANCED_FACE('',(#215),#8095,.T.);
#8502=ADVANCED_FACE('',(#216),#8096,.T.);
#8503=ADVANCED_FACE('',(#217),#8097,.T.);
#8504=ADVANCED_FACE('',(#218),#8098,.T.);
#8505=ADVANCED_FACE('',(#219),#8099,.T.);
#8506=ADVANCED_FACE('',(#220),#8100,.T.);
#8507=ADVANCED_FACE('',(#221),#8101,.T.);
#8508=ADVANCED_FACE('',(#222),#8102,.T.);
#8509=ADVANCED_FACE('',(#223),#8103,.T.);
#8510=ADVANCED_FACE('',(#224),#8104,.T.);
#8511=ADVANCED_FACE('',(#225),#8105,.T.);
#8512=ADVANCED_FACE('',(#226),#8106,.T.);
#8513=ADVANCED_FACE('',(#227),#8107,.T.);
#8514=ADVANCED_FACE('',(#228),#8108,.T.);
#8515=ADVANCED_FACE('',(#229),#8109,.T.);
#8516=ADVANCED_FACE('',(#230),#8110,.T.);
#8517=ADVANCED_FACE('',(#231),#8111,.T.);
#8518=ADVANCED_FACE('',(#232),#8112,.T.);
#8519=ADVANCED_FACE('',(#233),#8113,.T.);
#8520=ADVANCED_FACE('',(#234),#8114,.T.);
#8521=ADVANCED_FACE('',(#235),#8115,.T.);
#8522=ADVANCED_FACE('',(#236),#8116,.T.);
#8523=ADVANCED_FACE('',(#237),#8117,.T.);
#8524=ADVANCED_FACE('',(#238),#8118,.T.);
#8525=ADVANCED_FACE('',(#239),#8119,.T.);
#8526=ADVANCED_FACE('',(#240),#8120,.T.);
#8527=ADVANCED_FACE('',(#241),#8121,.T.);
#8528=ADVANCED_FACE('',(#242),#8122,.T.);
#8529=ADVANCED_FACE('',(#243),#8123,.T.);
#8530=ADVANCED_FACE('',(#244),#8124,.T.);
#8531=ADVANCED_FACE('',(#245),#8125,.T.);
#8532=ADVANCED_FACE('',(#246),#8126,.T.);
#8533=ADVANCED_FACE('',(#247),#8127,.T.);
#8534=ADVANCED_FACE('',(#248),#8128,.T.);
#8535=ADVANCED_FACE('',(#249),#8129,.T.);
#8536=ADVANCED_FACE('',(#250),#8130,.T.);
#8537=ADVANCED_FACE('',(#251),#8131,.T.);
#8538=ADVANCED_FACE('',(#252),#8132,.T.);
#8539=ADVANCED_FACE('',(#253),#8133,.T.);
#8540=ADVANCED_FACE('',(#254),#8134,.T.);
#8541=ADVANCED_FACE('',(#255),#8135,.T.);
#8542=ADVANCED_FACE('',(#256),#8136,.T.);
#8543=ADVANCED_FACE('',(#257),#8137,.T.);
#8544=ADVANCED_FACE('',(#258),#8138,.T.);
#8545=ADVANCED_FACE('',(#259),#8139,.T.);
#8546=ADVANCED_FACE('',(#260),#8140,.T.);
#8547=ADVANCED_FACE('',(#261),#8141,.T.);
#8548=ADVANCED_FACE('',(#262),#8142,.T.);
#8549=ADVANCED_FACE('',(#263),#8143,.T.);
#8550=ADVANCED_FACE('',(#264),#8144,.T.);
#8551=ADVANCED_FACE('',(#265),#8145,.T.);
#8552=ADVANCED_FACE('',(#266),#8146,.T.);
#8553=ADVANCED_FACE('',(#267),#8147,.T.);
#8554=ADVANCED_FACE('',(#268),#8148,.T.);
#8555=ADVANCED_FACE('',(#269),#8149,.T.);
#8556=ADVANCED_FACE('',(#270),#8150,.T.);
#8557=ADVANCED_FACE('',(#271),#8151,.T.);
#8558=ADVANCED_FACE('',(#272),#8152,.T.);
#8559=ADVANCED_FACE('',(#273),#8153,.T.);
#8560=ADVANCED_FACE('',(#274),#8154,.T.);
#8561=ADVANCED_FACE('',(#275),#8155,.T.);
#8562=ADVANCED_FACE('',(#276),#8156,.T.);
#8563=ADVANCED_FACE('',(#277),#8157,.T.);
#8564=ADVANCED_FACE('',(#278),#8158,.T.);
#8565=ADVANCED_FACE('',(#279),#8159,.T.);
#8566=ADVANCED_FACE('',(#280),#8160,.T.);
#8567=ADVANCED_FACE('',(#281),#8161,.T.);
#8568=ADVANCED_FACE('',(#282),#8162,.T.);
#8569=ADVANCED_FACE('',(#283),#8163,.T.);
#8570=ADVANCED_FACE('',(#284),#8164,.T.);
#8571=ADVANCED_FACE('',(#285),#8165,.T.);
#8572=ADVANCED_FACE('',(#286),#8166,.T.);
#8573=ADVANCED_FACE('',(#287),#8167,.T.);
#8574=ADVANCED_FACE('',(#288),#8168,.T.);
#8575=ADVANCED_FACE('',(#289),#8169,.T.);
#8576=ADVANCED_FACE('',(#290),#8170,.T.);
#8577=ADVANCED_FACE('',(#291),#8171,.T.);
#8578=ADVANCED_FACE('',(#292),#8172,.T.);
#8579=ADVANCED_FACE('',(#293),#8173,.T.);
#8580=ADVANCED_FACE('',(#294),#8174,.T.);
#8581=ADVANCED_FACE('',(#295),#8175,.T.);
#8582=ADVANCED_FACE('',(#296),#8176,.T.);
#8583=ADVANCED_FACE('',(#297),#8177,.T.);
#8584=ADVANCED_FACE('',(#298),#8178,.T.);
#8585=ADVANCED_FACE('',(#299),#8179,.T.);
#8586=ADVANCED_FACE('',(#300),#8180,.T.);
#8587=ADVANCED_FACE('',(#301),#8181,.T.);
#8588=ADVANCED_FACE('',(#302),#8182,.T.);
#8589=ADVANCED_FACE('',(#303),#8183,.T.);
#8590=ADVANCED_FACE('',(#304),#8184,.T.);
#8591=ADVANCED_FACE('',(#305),#8185,.T.);
#8592=ADVANCED_FACE('',(#306),#8186,.T.);
#8593=ADVANCED_FACE('',(#307),#8187,.T.);
#8594=ADVANCED_FACE('',(#308),#8188,.T.);
#8595=ADVANCED_FACE('',(#309),#8189,.T.);
#8596=ADVANCED_FACE('',(#310),#8190,.T.);
#8597=ADVANCED_FACE('',(#311),#8191,.T.);
#8598=ADVANCED_FACE('',(#312),#8192,.T.);
#8599=ADVANCED_FACE('',(#313),#8193,.T.);
#8600=ADVANCED_FACE('',(#314),#8194,.T.);
#8601=ADVANCED_FACE('',(#315),#8195,.T.);
#8602=ADVANCED_FACE('',(#316),#8196,.T.);
#8603=ADVANCED_FACE('',(#317),#8197,.T.);
#8604=ADVANCED_FACE('',(#318),#8198,.T.);
#8605=ADVANCED_FACE('',(#319),#8199,.T.);
#8606=ADVANCED_FACE('',(#320),#8200,.T.);
#8607=ADVANCED_FACE('',(#321),#8201,.T.);
#8608=ADVANCED_FACE('',(#322),#8202,.T.);
#8609=ADVANCED_FACE('',(#323),#8203,.T.);
#8610=ADVANCED_FACE('',(#324),#8204,.T.);
#8611=ADVANCED_FACE('',(#325),#8205,.T.);
#8612=ADVANCED_FACE('',(#326),#8206,.T.);
#8613=ADVANCED_FACE('',(#327),#8207,.T.);
#8614=ADVANCED_FACE('',(#328),#8208,.T.);
#8615=ADVANCED_FACE('',(#329),#8209,.T.);
#8616=ADVANCED_FACE('',(#330),#8210,.T.);
#8617=ADVANCED_FACE('',(#331),#8211,.T.);
#8618=ADVANCED_FACE('',(#332),#8212,.T.);
#8619=ADVANCED_FACE('',(#333),#8213,.T.);
#8620=ADVANCED_FACE('',(#334),#8214,.T.);
#8621=ADVANCED_FACE('',(#335),#8215,.T.);
#8622=ADVANCED_FACE('',(#336),#8216,.T.);
#8623=ADVANCED_FACE('',(#337),#8217,.T.);
#8624=ADVANCED_FACE('',(#338),#8218,.T.);
#8625=ADVANCED_FACE('',(#339),#8219,.T.);
#8626=ADVANCED_FACE('',(#340),#8220,.T.);
#8627=ADVANCED_FACE('',(#341),#8221,.T.);
#8628=ADVANCED_FACE('',(#342),#8222,.T.);
#8629=ADVANCED_FACE('',(#343),#8223,.T.);
#8630=ADVANCED_FACE('',(#344),#8224,.T.);
#8631=ADVANCED_FACE('',(#345),#8225,.T.);
#8632=ADVANCED_FACE('',(#346),#8226,.T.);
#8633=ADVANCED_FACE('',(#347),#8227,.T.);
#8634=ADVANCED_FACE('',(#348),#8228,.T.);
#8635=ADVANCED_FACE('',(#349),#8229,.T.);
#8636=ADVANCED_FACE('',(#350),#8230,.T.);
#8637=ADVANCED_FACE('',(#351),#8231,.T.);
#8638=ADVANCED_FACE('',(#352),#8232,.T.);
#8639=ADVANCED_FACE('',(#353),#8233,.T.);
#8640=ADVANCED_FACE('',(#354),#8234,.T.);
#8641=ADVANCED_FACE('',(#355),#8235,.T.);
#8642=ADVANCED_FACE('',(#356),#8236,.T.);
#8643=ADVANCED_FACE('',(#357),#8237,.T.);
#8644=ADVANCED_FACE('',(#358),#8238,.T.);
#8645=ADVANCED_FACE('',(#359),#8239,.T.);
#8646=ADVANCED_FACE('',(#360),#8240,.T.);
#8647=ADVANCED_FACE('',(#361),#8241,.T.);
#8648=ADVANCED_FACE('',(#362),#8242,.T.);
#8649=ADVANCED_FACE('',(#363),#8243,.T.);
#8650=ADVANCED_FACE('',(#364),#8244,.T.);
#8651=ADVANCED_FACE('',(#365),#8245,.T.);
#8652=ADVANCED_FACE('',(#366),#8246,.T.);
#8653=ADVANCED_FACE('',(#367),#8247,.T.);
#8654=ADVANCED_FACE('',(#368),#8248,.T.);
#8655=ADVANCED_FACE('',(#369),#8249,.T.);
#8656=ADVANCED_FACE('',(#370),#8250,.T.);
#8657=ADVANCED_FACE('',(#371),#8251,.T.);
#8658=ADVANCED_FACE('',(#372),#8252,.T.);
#8659=ADVANCED_FACE('',(#373),#8253,.T.);
#8660=ADVANCED_FACE('',(#374),#8254,.T.);
#8661=ADVANCED_FACE('',(#375),#8255,.T.);
#8662=ADVANCED_FACE('',(#376),#8256,.T.);
#8663=ADVANCED_FACE('',(#377),#8257,.T.);
#8664=ADVANCED_FACE('',(#378),#8258,.T.);
#8665=ADVANCED_FACE('',(#379),#8259,.T.);
#8666=ADVANCED_FACE('',(#380),#8260,.T.);
#8667=ADVANCED_FACE('',(#381),#8261,.T.);
#8668=ADVANCED_FACE('',(#382),#8262,.T.);
#8669=ADVANCED_FACE('',(#383),#8263,.T.);
#8670=ADVANCED_FACE('',(#384),#8264,.T.);
#8671=ADVANCED_FACE('',(#385),#8265,.T.);
#8672=ADVANCED_FACE('',(#386),#8266,.T.);
#8673=ADVANCED_FACE('',(#387),#8267,.T.);
#8674=ADVANCED_FACE('',(#388),#8268,.T.);
#8675=ADVANCED_FACE('',(#389),#8269,.T.);
#8676=ADVANCED_FACE('',(#390),#8270,.T.);
#8677=ADVANCED_FACE('',(#391),#8271,.T.);
#8678=ADVANCED_FACE('',(#392),#8272,.T.);
#8679=ADVANCED_FACE('',(#393),#8273,.T.);
#8680=ADVANCED_FACE('',(#394),#8274,.T.);
#8681=ADVANCED_FACE('',(#395),#8275,.T.);
#8682=ADVANCED_FACE('',(#396),#8276,.T.);
#8683=ADVANCED_FACE('',(#397),#8277,.T.);
#8684=ADVANCED_FACE('',(#398),#8278,.T.);
#8685=ADVANCED_FACE('',(#399),#8279,.T.);
#8686=ADVANCED_FACE('',(#400),#8280,.T.);
#8687=ADVANCED_FACE('',(#401),#8281,.T.);
#8688=ADVANCED_FACE('',(#402),#8282,.T.);
#8689=ADVANCED_FACE('',(#403),#8283,.T.);
#8690=ADVANCED_FACE('',(#404),#8284,.T.);
#8691=ADVANCED_FACE('',(#405),#8285,.T.);
#8692=ADVANCED_FACE('',(#406),#8286,.T.);
#8693=ADVANCED_FACE('',(#407),#8287,.T.);
#8694=ADVANCED_FACE('',(#408),#8288,.T.);
#8695=ADVANCED_FACE('',(#409),#8289,.T.);
#8696=ADVANCED_FACE('',(#410),#8290,.T.);
#8697=ADVANCED_FACE('',(#411),#8291,.T.);
#8698=ADVANCED_FACE('',(#412),#8292,.T.);
#8699=ADVANCED_FACE('',(#413),#8293,.T.);
#8700=ADVANCED_FACE('',(#414),#8294,.T.);
#8701=ADVANCED_FACE('',(#415),#8295,.T.);
#8702=ADVANCED_FACE('',(#416),#8296,.T.);
#8703=ADVANCED_FACE('',(#417),#8297,.T.);
#8704=ADVANCED_FACE('',(#418),#8298,.T.);
#8705=ADVANCED_FACE('',(#419),#8299,.T.);
#8706=ADVANCED_FACE('',(#420),#8300,.T.);
#8707=ADVANCED_FACE('',(#421),#8301,.T.);
#8708=ADVANCED_FACE('',(#422),#8302,.T.);
#8709=ADVANCED_FACE('',(#423),#8303,.T.);
#8710=ADVANCED_FACE('',(#424),#8304,.T.);
#8711=ADVANCED_FACE('',(#425),#8305,.T.);
#8712=ADVANCED_FACE('',(#426),#8306,.T.);
#8713=ADVANCED_FACE('',(#427),#8307,.T.);
#8714=ADVANCED_FACE('',(#428),#8308,.T.);
#8715=ADVANCED_FACE('',(#429),#8309,.T.);
#8716=ADVANCED_FACE('',(#430),#8310,.T.);
#8717=ADVANCED_FACE('',(#431),#8311,.T.);
#8718=ADVANCED_FACE('',(#432),#8312,.T.);
#8719=ADVANCED_FACE('',(#433),#8313,.T.);
#8720=ADVANCED_FACE('',(#434),#8314,.T.);
#8721=ADVANCED_FACE('',(#435),#8315,.T.);
#8722=ADVANCED_FACE('',(#436),#8316,.T.);
#8723=ADVANCED_FACE('',(#437),#8317,.T.);
#8724=ADVANCED_FACE('',(#438),#8318,.T.);
#8725=ADVANCED_FACE('',(#439),#8319,.T.);
#8726=ADVANCED_FACE('',(#440),#8320,.T.);
#8727=ADVANCED_FACE('',(#441),#8321,.T.);
#8728=ADVANCED_FACE('',(#442),#8322,.T.);
#8729=ADVANCED_FACE('',(#443),#8323,.T.);
#8730=ADVANCED_FACE('',(#444),#8324,.T.);
#8731=ADVANCED_FACE('',(#445),#8325,.T.);
#8732=ADVANCED_FACE('',(#446),#8326,.T.);
#8733=ADVANCED_FACE('',(#447),#8327,.T.);
#8734=ADVANCED_FACE('',(#448),#8328,.T.);
#8735=ADVANCED_FACE('',(#449),#8329,.T.);
#8736=ADVANCED_FACE('',(#450),#8330,.T.);
#8737=ADVANCED_FACE('',(#451),#8331,.T.);
#8738=ADVANCED_FACE('',(#452),#8332,.T.);
#8739=ADVANCED_FACE('',(#453),#8333,.T.);
#8740=ADVANCED_FACE('',(#454),#8334,.T.);
#8741=ADVANCED_FACE('',(#455),#8335,.T.);
#8742=ADVANCED_FACE('',(#456),#8336,.T.);
#8743=ADVANCED_FACE('',(#457),#8337,.T.);
#8744=ADVANCED_FACE('',(#458),#8338,.T.);
#8745=ADVANCED_FACE('',(#459),#8339,.T.);
#8746=ADVANCED_FACE('',(#460),#8340,.T.);
#8747=ADVANCED_FACE('',(#461),#8341,.T.);
#8748=ADVANCED_FACE('',(#462),#8342,.T.);
#8749=ADVANCED_FACE('',(#463),#8343,.T.);
#8750=ADVANCED_FACE('',(#464),#8344,.T.);
#8751=ADVANCED_FACE('',(#465),#8345,.T.);
#8752=ADVANCED_FACE('',(#466),#8346,.T.);
#8753=ADVANCED_FACE('',(#467),#8347,.T.);
#8754=ADVANCED_FACE('',(#468),#8348,.T.);
#8755=ADVANCED_FACE('',(#469),#8349,.T.);
#8756=ADVANCED_FACE('',(#470),#8350,.T.);
#8757=ADVANCED_FACE('',(#471),#8351,.T.);
#8758=ADVANCED_FACE('',(#472),#8352,.T.);
#8759=ADVANCED_FACE('',(#473),#8353,.T.);
#8760=ADVANCED_FACE('',(#474),#8354,.T.);
#8761=ADVANCED_FACE('',(#475),#8355,.T.);
#8762=ADVANCED_FACE('',(#476),#8356,.T.);
#8763=ADVANCED_FACE('',(#477),#8357,.T.);
#8764=ADVANCED_FACE('',(#478),#8358,.T.);
#8765=ADVANCED_FACE('',(#479),#8359,.T.);
#8766=ADVANCED_FACE('',(#480),#8360,.T.);
#8767=ADVANCED_FACE('',(#481),#8361,.T.);
#8768=ADVANCED_FACE('',(#482),#8362,.T.);
#8769=ADVANCED_FACE('',(#483),#8363,.T.);
#8770=ADVANCED_FACE('',(#484),#8364,.T.);
#8771=ADVANCED_FACE('',(#485),#8365,.T.);
#8772=ADVANCED_FACE('',(#486),#8366,.T.);
#8773=ADVANCED_FACE('',(#487),#8367,.T.);
#8774=ADVANCED_FACE('',(#488),#8368,.T.);
#8775=ADVANCED_FACE('',(#489),#8369,.T.);
#8776=ADVANCED_FACE('',(#490),#8370,.T.);
#8777=ADVANCED_FACE('',(#491),#8371,.T.);
#8778=ADVANCED_FACE('',(#492),#8372,.T.);
#8779=ADVANCED_FACE('',(#493),#8373,.T.);
#8780=ADVANCED_FACE('',(#494),#8374,.T.);
#8781=ADVANCED_FACE('',(#495),#8375,.T.);
#8782=ADVANCED_FACE('',(#496),#8376,.T.);
#8783=ADVANCED_FACE('',(#497),#8377,.T.);
#8784=ADVANCED_FACE('',(#498),#8378,.T.);
#8785=ADVANCED_FACE('',(#499),#8379,.T.);
#8786=ADVANCED_FACE('',(#500),#8380,.T.);
#8787=ADVANCED_FACE('',(#501),#8381,.T.);
#8788=ADVANCED_FACE('',(#502),#8382,.T.);
#8789=ADVANCED_FACE('',(#503),#8383,.T.);
#8790=ADVANCED_FACE('',(#504),#8384,.T.);
#8791=ADVANCED_FACE('',(#505),#8385,.T.);
#8792=ADVANCED_FACE('',(#506),#8386,.T.);
#8793=ADVANCED_FACE('',(#507),#8387,.T.);
#8794=ADVANCED_FACE('',(#508),#8388,.T.);
#8795=ADVANCED_FACE('',(#509),#8389,.T.);
#8796=ADVANCED_FACE('',(#510),#8390,.T.);
#8797=ADVANCED_FACE('',(#511),#8391,.T.);
#8798=ADVANCED_FACE('',(#512),#8392,.T.);
#8799=ADVANCED_FACE('',(#513),#8393,.T.);
#8800=ADVANCED_FACE('',(#514),#8394,.T.);
#8801=ADVANCED_FACE('',(#515),#8395,.T.);
#8802=ADVANCED_FACE('',(#516),#8396,.T.);
#8803=ADVANCED_FACE('',(#517),#8397,.T.);
#8804=ADVANCED_FACE('',(#518),#8398,.T.);
#8805=ADVANCED_FACE('',(#519),#8399,.T.);
#8806=ADVANCED_FACE('',(#520),#8400,.T.);
#8807=ADVANCED_FACE('',(#521),#8401,.T.);
#8808=ADVANCED_FACE('',(#522),#8402,.T.);
#8809=ADVANCED_FACE('',(#523),#8403,.T.);
#8810=ADVANCED_FACE('',(#524),#8404,.T.);
#8811=ADVANCED_FACE('',(#525),#8405,.T.);
#8812=ADVANCED_FACE('',(#526),#8406,.T.);
#8813=ADVANCED_FACE('',(#527),#8407,.T.);
#8814=ADVANCED_FACE('',(#528),#8408,.T.);
#8815=ADVANCED_FACE('',(#529),#8409,.T.);
#8816=ADVANCED_FACE('',(#530),#8410,.T.);
#8817=ADVANCED_FACE('',(#531),#8411,.T.);
#8818=ADVANCED_FACE('',(#532),#8412,.T.);
#8819=ADVANCED_FACE('',(#533),#8413,.T.);
#8820=ADVANCED_FACE('',(#534),#8414,.T.);
#8821=ADVANCED_FACE('',(#535),#8415,.T.);
#8822=ADVANCED_FACE('',(#536),#8416,.T.);
#8823=ADVANCED_FACE('',(#537),#8417,.T.);
#8824=ADVANCED_FACE('',(#538),#8418,.T.);
#8825=ADVANCED_FACE('',(#539),#8419,.T.);
#8826=ADVANCED_FACE('',(#540),#8420,.T.);
#8827=ADVANCED_FACE('',(#541),#8421,.T.);
#8828=ADVANCED_FACE('',(#542),#8422,.T.);
#8829=ADVANCED_FACE('',(#543),#8423,.T.);
#8830=ADVANCED_FACE('',(#544),#8424,.T.);
#8831=ADVANCED_FACE('',(#545),#8425,.T.);
#8832=ADVANCED_FACE('',(#546),#8426,.T.);
#8833=ADVANCED_FACE('',(#547),#8427,.T.);
#8834=ADVANCED_FACE('',(#548),#8428,.T.);
#8835=ADVANCED_FACE('',(#549),#8429,.T.);
#8836=ADVANCED_FACE('',(#550),#8430,.T.);
#8837=ADVANCED_FACE('',(#551),#8431,.T.);
#8838=ADVANCED_FACE('',(#552),#8432,.T.);
#8839=ADVANCED_FACE('',(#553),#8433,.T.);
#8840=ADVANCED_FACE('',(#554),#8434,.T.);
#8841=ADVANCED_FACE('',(#555),#8435,.T.);
#8842=ADVANCED_FACE('',(#556),#8436,.T.);
#8843=ADVANCED_FACE('',(#557),#8437,.T.);
#8844=ADVANCED_FACE('',(#558),#8438,.T.);
#8845=ADVANCED_FACE('',(#559),#8439,.T.);
#8846=ADVANCED_FACE('',(#560),#8440,.T.);
#8847=ADVANCED_FACE('',(#561),#8441,.T.);
#8848=ADVANCED_FACE('',(#562),#8442,.T.);
#8849=ADVANCED_FACE('',(#563),#8443,.T.);
#8850=ADVANCED_FACE('',(#564),#8444,.T.);
#8851=ADVANCED_FACE('',(#565),#8445,.T.);
#8852=ADVANCED_FACE('',(#566),#8446,.T.);
#8853=ADVANCED_FACE('',(#567),#8447,.T.);
#8854=ADVANCED_FACE('',(#568),#8448,.T.);
#8855=ADVANCED_FACE('',(#569),#8449,.T.);
#8856=ADVANCED_FACE('',(#570),#8450,.T.);
#8857=ADVANCED_FACE('',(#571),#8451,.T.);
#8858=ADVANCED_FACE('',(#572),#8452,.T.);
#8859=ADVANCED_FACE('',(#573),#8453,.T.);
#8860=ADVANCED_FACE('',(#574),#8454,.T.);
#8861=ADVANCED_FACE('',(#575),#8455,.T.);
#8862=ADVANCED_FACE('',(#576),#8456,.T.);
#8863=ADVANCED_FACE('',(#577),#8457,.T.);
#8864=ADVANCED_FACE('',(#578),#8458,.T.);
#8865=ADVANCED_FACE('',(#579),#8459,.T.);
#8866=ADVANCED_FACE('',(#580),#8460,.T.);
#8867=ADVANCED_FACE('',(#581),#8461,.T.);
#8868=ADVANCED_FACE('',(#582),#8462,.T.);
#8869=ADVANCED_FACE('',(#583),#8463,.T.);
#8870=ADVANCED_FACE('',(#584),#8464,.T.);
#8871=ADVANCED_FACE('',(#585),#8465,.T.);
#8872=ADVANCED_FACE('',(#586),#8466,.T.);
#8873=ADVANCED_FACE('',(#587),#8467,.T.);
#8874=ADVANCED_FACE('',(#588),#8468,.T.);
#8875=ADVANCED_FACE('',(#589),#8469,.T.);
#8876=ADVANCED_FACE('',(#590),#8470,.T.);
#8877=ADVANCED_FACE('',(#591),#8471,.T.);
#8878=ADVANCED_FACE('',(#592),#8472,.T.);
#8879=ADVANCED_FACE('',(#593),#8473,.T.);
#8880=ADVANCED_FACE('',(#594),#8474,.T.);
#8881=ADVANCED_FACE('',(#595),#8475,.T.);
#8882=ADVANCED_FACE('',(#596),#8476,.T.);
#8883=ADVANCED_FACE('',(#597),#8477,.T.);
#8884=ADVANCED_FACE('',(#598),#8478,.T.);
#8885=ADVANCED_FACE('',(#599),#8479,.T.);
#8886=ADVANCED_FACE('',(#600),#8480,.T.);
#8887=ADVANCED_FACE('',(#601),#8481,.T.);
#8888=ADVANCED_FACE('',(#602),#8482,.T.);
#8889=ADVANCED_FACE('',(#603),#8483,.T.);
#8890=ADVANCED_FACE('',(#604),#8484,.T.);
#8891=ADVANCED_FACE('',(#605),#8485,.T.);
#8892=ADVANCED_FACE('',(#606),#8486,.T.);
#8893=ADVANCED_FACE('',(#607),#8487,.T.);
#8894=ADVANCED_FACE('',(#608),#8488,.T.);
#8895=ADVANCED_FACE('',(#609),#8489,.T.);
#8896=ADVANCED_FACE('',(#610),#8490,.T.);
#8897=ADVANCED_FACE('',(#611),#8491,.T.);
#8898=ADVANCED_FACE('',(#612),#8492,.T.);
#8899=ADVANCED_FACE('',(#613),#8493,.T.);
#8900=ADVANCED_FACE('',(#614),#8494,.T.);
#8901=ADVANCED_FACE('',(#615),#8495,.T.);
#8902=ADVANCED_FACE('',(#616),#8496,.T.);
#8903=ADVANCED_FACE('',(#617),#8497,.T.);
#8904=ADVANCED_FACE('',(#618),#8498,.T.);
#8905=ADVANCED_FACE('',(#619,#15,#16,#17,#18,#19,#20,#21,#22,#23,#24,#25,
#26,#27,#28,#29,#30,#31,#32,#33,#34,#35,#36,#37,#38,#39,#40,#41,#42,#43,
#44,#45,#46,#47,#48,#49,#50,#51,#52,#53,#54,#55,#56,#57,#58,#59,#60,#61,
#62,#63,#64,#65,#66,#67,#68,#69,#70,#71,#72,#73,#74,#75,#76,#77,#78,#79,
#80,#81,#82,#83,#84,#85,#86,#87,#88,#89,#90,#91,#92,#93,#94,#95,#96,#97,
#98,#99,#100,#101,#102,#103,#104,#105,#106,#107,#108,#109,#110,#111,#112,
#113,#114),#8499,.T.);
#8906=ADVANCED_FACE('',(#620,#115,#116,#117,#118,#119,#120,#121,#122,#123,
#124,#125,#126,#127,#128,#129,#130,#131,#132,#133,#134,#135,#136,#137,#138,
#139,#140,#141,#142,#143,#144,#145,#146,#147,#148,#149,#150,#151,#152,#153,
#154,#155,#156,#157,#158,#159,#160,#161,#162,#163,#164,#165,#166,#167,#168,
#169,#170,#171,#172,#173,#174,#175,#176,#177,#178,#179,#180,#181,#182,#183,
#184,#185,#186,#187,#188,#189,#190,#191,#192,#193,#194,#195,#196,#197,#198,
#199,#200,#201,#202,#203,#204,#205,#206,#207,#208,#209,#210,#211,#212,#213,
#214),#8500,.F.);
#8907=CLOSED_SHELL('',(#8501,#8502,#8503,#8504,#8505,#8506,#8507,#8508,
#8509,#8510,#8511,#8512,#8513,#8514,#8515,#8516,#8517,#8518,#8519,#8520,
#8521,#8522,#8523,#8524,#8525,#8526,#8527,#8528,#8529,#8530,#8531,#8532,
#8533,#8534,#8535,#8536,#8537,#8538,#8539,#8540,#8541,#8542,#8543,#8544,
#8545,#8546,#8547,#8548,#8549,#8550,#8551,#8552,#8553,#8554,#8555,#8556,
#8557,#8558,#8559,#8560,#8561,#8562,#8563,#8564,#8565,#8566,#8567,#8568,
#8569,#8570,#8571,#8572,#8573,#8574,#8575,#8576,#8577,#8578,#8579,#8580,
#8581,#8582,#8583,#8584,#8585,#8586,#8587,#8588,#8589,#8590,#8591,#8592,
#8593,#8594,#8595,#8596,#8597,#8598,#8599,#8600,#8601,#8602,#8603,#8604,
#8605,#8606,#8607,#8608,#8609,#8610,#8611,#8612,#8613,#8614,#8615,#8616,
#8617,#8618,#8619,#8620,#8621,#8622,#8623,#8624,#8625,#8626,#8627,#8628,
#8629,#8630,#8631,#8632,#8633,#8634,#8635,#8636,#8637,#8638,#8639,#8640,
#8641,#8642,#8643,#8644,#8645,#8646,#8647,#8648,#8649,#8650,#8651,#8652,
#8653,#8654,#8655,#8656,#8657,#8658,#8659,#8660,#8661,#8662,#8663,#8664,
#8665,#8666,#8667,#8668,#8669,#8670,#8671,#8672,#8673,#8674,#8675,#8676,
#8677,#8678,#8679,#8680,#8681,#8682,#8683,#8684,#8685,#8686,#8687,#8688,
#8689,#8690,#8691,#8692,#8693,#8694,#8695,#8696,#8697,#8698,#8699,#8700,
#8701,#8702,#8703,#8704,#8705,#8706,#8707,#8708,#8709,#8710,#8711,#8712,
#8713,#8714,#8715,#8716,#8717,#8718,#8719,#8720,#8721,#8722,#8723,#8724,
#8725,#8726,#8727,#8728,#8729,#8730,#8731,#8732,#8733,#8734,#8735,#8736,
#8737,#8738,#8739,#8740,#8741,#8742,#8743,#8744,#8745,#8746,#8747,#8748,
#8749,#8750,#8751,#8752,#8753,#8754,#8755,#8756,#8757,#8758,#8759,#8760,
#8761,#8762,#8763,#8764,#8765,#8766,#8767,#8768,#8769,#8770,#8771,#8772,
#8773,#8774,#8775,#8776,#8777,#8778,#8779,#8780,#8781,#8782,#8783,#8784,
#8785,#8786,#8787,#8788,#8789,#8790,#8791,#8792,#8793,#8794,#8795,#8796,
#8797,#8798,#8799,#8800,#8801,#8802,#8803,#8804,#8805,#8806,#8807,#8808,
#8809,#8810,#8811,#8812,#8813,#8814,#8815,#8816,#8817,#8818,#8819,#8820,
#8821,#8822,#8823,#8824,#8825,#8826,#8827,#8828,#8829,#8830,#8831,#8832,
#8833,#8834,#8835,#8836,#8837,#8838,#8839,#8840,#8841,#8842,#8843,#8844,
#8845,#8846,#8847,#8848,#8849,#8850,#8851,#8852,#8853,#8854,#8855,#8856,
#8857,#8858,#8859,#8860,#8861,#8862,#8863,#8864,#8865,#8866,#8867,#8868,
#8869,#8870,#8871,#8872,#8873,#8874,#8875,#8876,#8877,#8878,#8879,#8880,
#8881,#8882,#8883,#8884,#8885,#8886,#8887,#8888,#8889,#8890,#8891,#8892,
#8893,#8894,#8895,#8896,#8897,#8898,#8899,#8900,#8901,#8902,#8903,#8904,
#8905,#8906));
#8908=ITEM_DEFINED_TRANSFORMATION($,$,#8962,#8963);
#8909=ITEM_DEFINED_TRANSFORMATION($,$,#8967,#9374);
#8910=ITEM_DEFINED_TRANSFORMATION($,$,#8966,#9375);
#8911=ITEM_DEFINED_TRANSFORMATION($,$,#8965,#9376);
#8912=ITEM_DEFINED_TRANSFORMATION($,$,#8961,#9377);
#8913=ITEM_DEFINED_TRANSFORMATION($,$,#8964,#9378);
#8914=ITEM_DEFINED_TRANSFORMATION($,$,#8960,#9379);
#8915=(
REPRESENTATION_RELATIONSHIP($,$,#13923,#13922)
REPRESENTATION_RELATIONSHIP_WITH_TRANSFORMATION(#8908)
SHAPE_REPRESENTATION_RELATIONSHIP()
);
#8916=(
REPRESENTATION_RELATIONSHIP($,$,#13927,#13926)
REPRESENTATION_RELATIONSHIP_WITH_TRANSFORMATION(#8909)
SHAPE_REPRESENTATION_RELATIONSHIP()
);
#8917=(
REPRESENTATION_RELATIONSHIP($,$,#13926,#13925)
REPRESENTATION_RELATIONSHIP_WITH_TRANSFORMATION(#8910)
SHAPE_REPRESENTATION_RELATIONSHIP()
);
#8918=(
REPRESENTATION_RELATIONSHIP($,$,#13925,#13924)
REPRESENTATION_RELATIONSHIP_WITH_TRANSFORMATION(#8911)
SHAPE_REPRESENTATION_RELATIONSHIP()
);
#8919=(
REPRESENTATION_RELATIONSHIP($,$,#13922,#13921)
REPRESENTATION_RELATIONSHIP_WITH_TRANSFORMATION(#8912)
SHAPE_REPRESENTATION_RELATIONSHIP()
);
#8920=(
REPRESENTATION_RELATIONSHIP($,$,#13924,#13921)
REPRESENTATION_RELATIONSHIP_WITH_TRANSFORMATION(#8913)
SHAPE_REPRESENTATION_RELATIONSHIP()
);
#8921=(
REPRESENTATION_RELATIONSHIP($,$,#13921,#13920)
REPRESENTATION_RELATIONSHIP_WITH_TRANSFORMATION(#8914)
SHAPE_REPRESENTATION_RELATIONSHIP()
);
#8922=CONTEXT_DEPENDENT_SHAPE_REPRESENTATION(#8915,#13909);
#8923=CONTEXT_DEPENDENT_SHAPE_REPRESENTATION(#8916,#13914);
#8924=CONTEXT_DEPENDENT_SHAPE_REPRESENTATION(#8917,#13915);
#8925=CONTEXT_DEPENDENT_SHAPE_REPRESENTATION(#8918,#13916);
#8926=CONTEXT_DEPENDENT_SHAPE_REPRESENTATION(#8919,#13917);
#8927=CONTEXT_DEPENDENT_SHAPE_REPRESENTATION(#8920,#13918);
#8928=CONTEXT_DEPENDENT_SHAPE_REPRESENTATION(#8921,#13919);
#8929=NEXT_ASSEMBLY_USAGE_OCCURRENCE('Inlay_124_SM:1','Inlay_124_SM:1',
'Inlay_124_SM:1',#13931,#13932,'Inlay_124_SM:1');
#8930=NEXT_ASSEMBLY_USAGE_OCCURRENCE('SoS_TM_124:1','SoS_TM_124:1',
'SoS_TM_124:1',#13935,#13936,'SoS_TM_124:1');
#8931=NEXT_ASSEMBLY_USAGE_OCCURRENCE('Drawers_TM_124:1',
'Drawers_TM_124:1','Drawers_TM_124:1',#13934,#13935,'Drawers_TM_124:1');
#8932=NEXT_ASSEMBLY_USAGE_OCCURRENCE('Inlays_TM_124:1',
'Inlays_TM_124:1','Inlays_TM_124:1',#13933,#13934,'Inlays_TM_124:1');
#8933=NEXT_ASSEMBLY_USAGE_OCCURRENCE('Slotcar_Modul_124:1',
'Slotcar_Modul_124:1','Slotcar_Modul_124:1',#13930,#13931,
'Slotcar_Modul_124:1');
#8934=NEXT_ASSEMBLY_USAGE_OCCURRENCE('Tools_Modul_124:1',
'Tools_Modul_124:1','Tools_Modul_124:1',#13930,#13933,
'Tools_Modul_124:1');
#8935=NEXT_ASSEMBLY_USAGE_OCCURRENCE('SlotCrate-124:1',
'SlotCrate-124:1','SlotCrate-124:1',#13929,#13930,'SlotCrate-124:1');
#8936=DERIVED_UNIT_ELEMENT(#8940,1.);
#8937=DERIVED_UNIT_ELEMENT(#13894,-3.);
#8938=DERIVED_UNIT_ELEMENT(#8940,1.);
#8939=DERIVED_UNIT_ELEMENT(#13894,-3.);
#8940=(
MASS_UNIT()
NAMED_UNIT(*)
SI_UNIT(.KILO.,.GRAM.)
);
#8941=DERIVED_UNIT((#8936,#8937));
#8942=DERIVED_UNIT((#8938,#8939));
#8943=MEASURE_REPRESENTATION_ITEM('density measure',
POSITIVE_RATIO_MEASURE(1060.),#8941);
#8944=MEASURE_REPRESENTATION_ITEM('density measure',
POSITIVE_RATIO_MEASURE(1060.),#8942);
#8945=PROPERTY_DEFINITION_REPRESENTATION(#8955,#8949);
#8946=PROPERTY_DEFINITION_REPRESENTATION(#8956,#8950);
#8947=PROPERTY_DEFINITION_REPRESENTATION(#8957,#8951);
#8948=PROPERTY_DEFINITION_REPRESENTATION(#8958,#8952);
#8949=REPRESENTATION('material name',(#8953),#13887);
#8950=REPRESENTATION('density',(#8943),#13887);
#8951=REPRESENTATION('material name',(#8954),#13891);
#8952=REPRESENTATION('density',(#8944),#13891);
#8953=DESCRIPTIVE_REPRESENTATION_ITEM('ABS-Kunststoff','ABS-Kunststoff');
#8954=DESCRIPTIVE_REPRESENTATION_ITEM('ABS-Kunststoff','ABS-Kunststoff');
#8955=PROPERTY_DEFINITION('material property','material name',#13932);
#8956=PROPERTY_DEFINITION('material property','density of part',#13932);
#8957=PROPERTY_DEFINITION('material property','material name',#13936);
#8958=PROPERTY_DEFINITION('material property','density of part',#13936);
#8959=AXIS2_PLACEMENT_3D('',#11434,#9380,#9381);
#8960=AXIS2_PLACEMENT_3D('',#11435,#9382,#9383);
#8961=AXIS2_PLACEMENT_3D('',#11436,#9384,#9385);
#8962=AXIS2_PLACEMENT_3D('',#11437,#9386,#9387);
#8963=AXIS2_PLACEMENT_3D('',#11438,#9388,#9389);
#8964=AXIS2_PLACEMENT_3D('',#11439,#9390,#9391);
#8965=AXIS2_PLACEMENT_3D('',#11440,#9392,#9393);
#8966=AXIS2_PLACEMENT_3D('',#11441,#9394,#9395);
#8967=AXIS2_PLACEMENT_3D('',#11442,#9396,#9397);
#8968=AXIS2_PLACEMENT_3D('',#11443,#9398,#9399);
#8969=AXIS2_PLACEMENT_3D('',#11452,#9404,#9405);
#8970=AXIS2_PLACEMENT_3D('',#11458,#9409,#9410);
#8971=AXIS2_PLACEMENT_3D('',#11464,#9414,#9415);
#8972=AXIS2_PLACEMENT_3D('',#11467,#9418,#9419);
#8973=AXIS2_PLACEMENT_3D('',#11476,#9424,#9425);
#8974=AXIS2_PLACEMENT_3D('',#11482,#9429,#9430);
#8975=AXIS2_PLACEMENT_3D('',#11488,#9434,#9435);
#8976=AXIS2_PLACEMENT_3D('',#11491,#9438,#9439);
#8977=AXIS2_PLACEMENT_3D('',#11500,#9444,#9445);
#8978=AXIS2_PLACEMENT_3D('',#11506,#9449,#9450);
#8979=AXIS2_PLACEMENT_3D('',#11512,#9454,#9455);
#8980=AXIS2_PLACEMENT_3D('',#11515,#9458,#9459);
#8981=AXIS2_PLACEMENT_3D('',#11524,#9464,#9465);
#8982=AXIS2_PLACEMENT_3D('',#11530,#9469,#9470);
#8983=AXIS2_PLACEMENT_3D('',#11536,#9474,#9475);
#8984=AXIS2_PLACEMENT_3D('',#11539,#9478,#9479);
#8985=AXIS2_PLACEMENT_3D('',#11548,#9484,#9485);
#8986=AXIS2_PLACEMENT_3D('',#11554,#9489,#9490);
#8987=AXIS2_PLACEMENT_3D('',#11560,#9494,#9495);
#8988=AXIS2_PLACEMENT_3D('',#11563,#9498,#9499);
#8989=AXIS2_PLACEMENT_3D('',#11572,#9504,#9505);
#8990=AXIS2_PLACEMENT_3D('',#11578,#9509,#9510);
#8991=AXIS2_PLACEMENT_3D('',#11584,#9514,#9515);
#8992=AXIS2_PLACEMENT_3D('',#11587,#9518,#9519);
#8993=AXIS2_PLACEMENT_3D('',#11596,#9524,#9525);
#8994=AXIS2_PLACEMENT_3D('',#11602,#9529,#9530);
#8995=AXIS2_PLACEMENT_3D('',#11608,#9534,#9535);
#8996=AXIS2_PLACEMENT_3D('',#11611,#9538,#9539);
#8997=AXIS2_PLACEMENT_3D('',#11620,#9544,#9545);
#8998=AXIS2_PLACEMENT_3D('',#11626,#9549,#9550);
#8999=AXIS2_PLACEMENT_3D('',#11632,#9554,#9555);
#9000=AXIS2_PLACEMENT_3D('',#11635,#9558,#9559);
#9001=AXIS2_PLACEMENT_3D('',#11644,#9564,#9565);
#9002=AXIS2_PLACEMENT_3D('',#11650,#9569,#9570);
#9003=AXIS2_PLACEMENT_3D('',#11656,#9574,#9575);
#9004=AXIS2_PLACEMENT_3D('',#11659,#9578,#9579);
#9005=AXIS2_PLACEMENT_3D('',#11668,#9584,#9585);
#9006=AXIS2_PLACEMENT_3D('',#11674,#9589,#9590);
#9007=AXIS2_PLACEMENT_3D('',#11680,#9594,#9595);
#9008=AXIS2_PLACEMENT_3D('',#11683,#9598,#9599);
#9009=AXIS2_PLACEMENT_3D('',#11692,#9604,#9605);
#9010=AXIS2_PLACEMENT_3D('',#11698,#9609,#9610);
#9011=AXIS2_PLACEMENT_3D('',#11704,#9614,#9615);
#9012=AXIS2_PLACEMENT_3D('',#11707,#9618,#9619);
#9013=AXIS2_PLACEMENT_3D('',#11716,#9624,#9625);
#9014=AXIS2_PLACEMENT_3D('',#11722,#9629,#9630);
#9015=AXIS2_PLACEMENT_3D('',#11728,#9634,#9635);
#9016=AXIS2_PLACEMENT_3D('',#11731,#9638,#9639);
#9017=AXIS2_PLACEMENT_3D('',#11740,#9644,#9645);
#9018=AXIS2_PLACEMENT_3D('',#11746,#9649,#9650);
#9019=AXIS2_PLACEMENT_3D('',#11752,#9654,#9655);
#9020=AXIS2_PLACEMENT_3D('',#11755,#9658,#9659);
#9021=AXIS2_PLACEMENT_3D('',#11764,#9664,#9665);
#9022=AXIS2_PLACEMENT_3D('',#11770,#9669,#9670);
#9023=AXIS2_PLACEMENT_3D('',#11776,#9674,#9675);
#9024=AXIS2_PLACEMENT_3D('',#11779,#9678,#9679);
#9025=AXIS2_PLACEMENT_3D('',#11788,#9684,#9685);
#9026=AXIS2_PLACEMENT_3D('',#11794,#9689,#9690);
#9027=AXIS2_PLACEMENT_3D('',#11800,#9694,#9695);
#9028=AXIS2_PLACEMENT_3D('',#11803,#9698,#9699);
#9029=AXIS2_PLACEMENT_3D('',#11812,#9704,#9705);
#9030=AXIS2_PLACEMENT_3D('',#11818,#9709,#9710);
#9031=AXIS2_PLACEMENT_3D('',#11824,#9714,#9715);
#9032=AXIS2_PLACEMENT_3D('',#11827,#9718,#9719);
#9033=AXIS2_PLACEMENT_3D('',#11836,#9724,#9725);
#9034=AXIS2_PLACEMENT_3D('',#11842,#9729,#9730);
#9035=AXIS2_PLACEMENT_3D('',#11848,#9734,#9735);
#9036=AXIS2_PLACEMENT_3D('',#11851,#9738,#9739);
#9037=AXIS2_PLACEMENT_3D('',#11860,#9744,#9745);
#9038=AXIS2_PLACEMENT_3D('',#11866,#9749,#9750);
#9039=AXIS2_PLACEMENT_3D('',#11872,#9754,#9755);
#9040=AXIS2_PLACEMENT_3D('',#11875,#9758,#9759);
#9041=AXIS2_PLACEMENT_3D('',#11884,#9764,#9765);
#9042=AXIS2_PLACEMENT_3D('',#11890,#9769,#9770);
#9043=AXIS2_PLACEMENT_3D('',#11896,#9774,#9775);
#9044=AXIS2_PLACEMENT_3D('',#11899,#9778,#9779);
#9045=AXIS2_PLACEMENT_3D('',#11908,#9784,#9785);
#9046=AXIS2_PLACEMENT_3D('',#11914,#9789,#9790);
#9047=AXIS2_PLACEMENT_3D('',#11920,#9794,#9795);
#9048=AXIS2_PLACEMENT_3D('',#11923,#9798,#9799);
#9049=AXIS2_PLACEMENT_3D('',#11932,#9804,#9805);
#9050=AXIS2_PLACEMENT_3D('',#11938,#9809,#9810);
#9051=AXIS2_PLACEMENT_3D('',#11944,#9814,#9815);
#9052=AXIS2_PLACEMENT_3D('',#11947,#9818,#9819);
#9053=AXIS2_PLACEMENT_3D('',#11956,#9824,#9825);
#9054=AXIS2_PLACEMENT_3D('',#11962,#9829,#9830);
#9055=AXIS2_PLACEMENT_3D('',#11968,#9834,#9835);
#9056=AXIS2_PLACEMENT_3D('',#11971,#9838,#9839);
#9057=AXIS2_PLACEMENT_3D('',#11980,#9844,#9845);
#9058=AXIS2_PLACEMENT_3D('',#11986,#9849,#9850);
#9059=AXIS2_PLACEMENT_3D('',#11992,#9854,#9855);
#9060=AXIS2_PLACEMENT_3D('',#11995,#9858,#9859);
#9061=AXIS2_PLACEMENT_3D('',#12004,#9864,#9865);
#9062=AXIS2_PLACEMENT_3D('',#12010,#9869,#9870);
#9063=AXIS2_PLACEMENT_3D('',#12016,#9874,#9875);
#9064=AXIS2_PLACEMENT_3D('',#12019,#9878,#9879);
#9065=AXIS2_PLACEMENT_3D('',#12028,#9884,#9885);
#9066=AXIS2_PLACEMENT_3D('',#12034,#9889,#9890);
#9067=AXIS2_PLACEMENT_3D('',#12040,#9894,#9895);
#9068=AXIS2_PLACEMENT_3D('',#12043,#9898,#9899);
#9069=AXIS2_PLACEMENT_3D('',#12052,#9904,#9905);
#9070=AXIS2_PLACEMENT_3D('',#12058,#9909,#9910);
#9071=AXIS2_PLACEMENT_3D('',#12064,#9914,#9915);
#9072=AXIS2_PLACEMENT_3D('',#12067,#9918,#9919);
#9073=AXIS2_PLACEMENT_3D('',#12076,#9924,#9925);
#9074=AXIS2_PLACEMENT_3D('',#12082,#9929,#9930);
#9075=AXIS2_PLACEMENT_3D('',#12088,#9934,#9935);
#9076=AXIS2_PLACEMENT_3D('',#12091,#9938,#9939);
#9077=AXIS2_PLACEMENT_3D('',#12100,#9944,#9945);
#9078=AXIS2_PLACEMENT_3D('',#12106,#9949,#9950);
#9079=AXIS2_PLACEMENT_3D('',#12112,#9954,#9955);
#9080=AXIS2_PLACEMENT_3D('',#12115,#9958,#9959);
#9081=AXIS2_PLACEMENT_3D('',#12124,#9964,#9965);
#9082=AXIS2_PLACEMENT_3D('',#12130,#9969,#9970);
#9083=AXIS2_PLACEMENT_3D('',#12136,#9974,#9975);
#9084=AXIS2_PLACEMENT_3D('',#12139,#9978,#9979);
#9085=AXIS2_PLACEMENT_3D('',#12148,#9984,#9985);
#9086=AXIS2_PLACEMENT_3D('',#12154,#9989,#9990);
#9087=AXIS2_PLACEMENT_3D('',#12160,#9994,#9995);
#9088=AXIS2_PLACEMENT_3D('',#12163,#9998,#9999);
#9089=AXIS2_PLACEMENT_3D('',#12172,#10004,#10005);
#9090=AXIS2_PLACEMENT_3D('',#12178,#10009,#10010);
#9091=AXIS2_PLACEMENT_3D('',#12184,#10014,#10015);
#9092=AXIS2_PLACEMENT_3D('',#12187,#10018,#10019);
#9093=AXIS2_PLACEMENT_3D('',#12196,#10024,#10025);
#9094=AXIS2_PLACEMENT_3D('',#12202,#10029,#10030);
#9095=AXIS2_PLACEMENT_3D('',#12208,#10034,#10035);
#9096=AXIS2_PLACEMENT_3D('',#12211,#10038,#10039);
#9097=AXIS2_PLACEMENT_3D('',#12220,#10044,#10045);
#9098=AXIS2_PLACEMENT_3D('',#12226,#10049,#10050);
#9099=AXIS2_PLACEMENT_3D('',#12232,#10054,#10055);
#9100=AXIS2_PLACEMENT_3D('',#12235,#10058,#10059);
#9101=AXIS2_PLACEMENT_3D('',#12244,#10064,#10065);
#9102=AXIS2_PLACEMENT_3D('',#12250,#10069,#10070);
#9103=AXIS2_PLACEMENT_3D('',#12256,#10074,#10075);
#9104=AXIS2_PLACEMENT_3D('',#12259,#10078,#10079);
#9105=AXIS2_PLACEMENT_3D('',#12268,#10084,#10085);
#9106=AXIS2_PLACEMENT_3D('',#12274,#10089,#10090);
#9107=AXIS2_PLACEMENT_3D('',#12280,#10094,#10095);
#9108=AXIS2_PLACEMENT_3D('',#12283,#10098,#10099);
#9109=AXIS2_PLACEMENT_3D('',#12292,#10104,#10105);
#9110=AXIS2_PLACEMENT_3D('',#12298,#10109,#10110);
#9111=AXIS2_PLACEMENT_3D('',#12304,#10114,#10115);
#9112=AXIS2_PLACEMENT_3D('',#12307,#10118,#10119);
#9113=AXIS2_PLACEMENT_3D('',#12316,#10124,#10125);
#9114=AXIS2_PLACEMENT_3D('',#12322,#10129,#10130);
#9115=AXIS2_PLACEMENT_3D('',#12328,#10134,#10135);
#9116=AXIS2_PLACEMENT_3D('',#12331,#10138,#10139);
#9117=AXIS2_PLACEMENT_3D('',#12340,#10144,#10145);
#9118=AXIS2_PLACEMENT_3D('',#12346,#10149,#10150);
#9119=AXIS2_PLACEMENT_3D('',#12352,#10154,#10155);
#9120=AXIS2_PLACEMENT_3D('',#12355,#10158,#10159);
#9121=AXIS2_PLACEMENT_3D('',#12364,#10164,#10165);
#9122=AXIS2_PLACEMENT_3D('',#12370,#10169,#10170);
#9123=AXIS2_PLACEMENT_3D('',#12376,#10174,#10175);
#9124=AXIS2_PLACEMENT_3D('',#12379,#10178,#10179);
#9125=AXIS2_PLACEMENT_3D('',#12388,#10184,#10185);
#9126=AXIS2_PLACEMENT_3D('',#12394,#10189,#10190);
#9127=AXIS2_PLACEMENT_3D('',#12400,#10194,#10195);
#9128=AXIS2_PLACEMENT_3D('',#12403,#10198,#10199);
#9129=AXIS2_PLACEMENT_3D('',#12412,#10204,#10205);
#9130=AXIS2_PLACEMENT_3D('',#12418,#10209,#10210);
#9131=AXIS2_PLACEMENT_3D('',#12424,#10214,#10215);
#9132=AXIS2_PLACEMENT_3D('',#12427,#10218,#10219);
#9133=AXIS2_PLACEMENT_3D('',#12436,#10224,#10225);
#9134=AXIS2_PLACEMENT_3D('',#12442,#10229,#10230);
#9135=AXIS2_PLACEMENT_3D('',#12448,#10234,#10235);
#9136=AXIS2_PLACEMENT_3D('',#12451,#10238,#10239);
#9137=AXIS2_PLACEMENT_3D('',#12460,#10244,#10245);
#9138=AXIS2_PLACEMENT_3D('',#12466,#10249,#10250);
#9139=AXIS2_PLACEMENT_3D('',#12472,#10254,#10255);
#9140=AXIS2_PLACEMENT_3D('',#12475,#10258,#10259);
#9141=AXIS2_PLACEMENT_3D('',#12484,#10264,#10265);
#9142=AXIS2_PLACEMENT_3D('',#12490,#10269,#10270);
#9143=AXIS2_PLACEMENT_3D('',#12496,#10274,#10275);
#9144=AXIS2_PLACEMENT_3D('',#12499,#10278,#10279);
#9145=AXIS2_PLACEMENT_3D('',#12508,#10284,#10285);
#9146=AXIS2_PLACEMENT_3D('',#12514,#10289,#10290);
#9147=AXIS2_PLACEMENT_3D('',#12520,#10294,#10295);
#9148=AXIS2_PLACEMENT_3D('',#12523,#10298,#10299);
#9149=AXIS2_PLACEMENT_3D('',#12532,#10304,#10305);
#9150=AXIS2_PLACEMENT_3D('',#12538,#10309,#10310);
#9151=AXIS2_PLACEMENT_3D('',#12544,#10314,#10315);
#9152=AXIS2_PLACEMENT_3D('',#12547,#10318,#10319);
#9153=AXIS2_PLACEMENT_3D('',#12556,#10324,#10325);
#9154=AXIS2_PLACEMENT_3D('',#12562,#10329,#10330);
#9155=AXIS2_PLACEMENT_3D('',#12568,#10334,#10335);
#9156=AXIS2_PLACEMENT_3D('',#12571,#10338,#10339);
#9157=AXIS2_PLACEMENT_3D('',#12580,#10344,#10345);
#9158=AXIS2_PLACEMENT_3D('',#12586,#10349,#10350);
#9159=AXIS2_PLACEMENT_3D('',#12592,#10354,#10355);
#9160=AXIS2_PLACEMENT_3D('',#12595,#10358,#10359);
#9161=AXIS2_PLACEMENT_3D('',#12604,#10364,#10365);
#9162=AXIS2_PLACEMENT_3D('',#12610,#10369,#10370);
#9163=AXIS2_PLACEMENT_3D('',#12616,#10374,#10375);
#9164=AXIS2_PLACEMENT_3D('',#12619,#10378,#10379);
#9165=AXIS2_PLACEMENT_3D('',#12628,#10384,#10385);
#9166=AXIS2_PLACEMENT_3D('',#12634,#10389,#10390);
#9167=AXIS2_PLACEMENT_3D('',#12640,#10394,#10395);
#9168=AXIS2_PLACEMENT_3D('',#12643,#10398,#10399);
#9169=AXIS2_PLACEMENT_3D('',#12652,#10404,#10405);
#9170=AXIS2_PLACEMENT_3D('',#12658,#10409,#10410);
#9171=AXIS2_PLACEMENT_3D('',#12664,#10414,#10415);
#9172=AXIS2_PLACEMENT_3D('',#12667,#10418,#10419);
#9173=AXIS2_PLACEMENT_3D('',#12676,#10424,#10425);
#9174=AXIS2_PLACEMENT_3D('',#12682,#10429,#10430);
#9175=AXIS2_PLACEMENT_3D('',#12688,#10434,#10435);
#9176=AXIS2_PLACEMENT_3D('',#12691,#10438,#10439);
#9177=AXIS2_PLACEMENT_3D('',#12700,#10444,#10445);
#9178=AXIS2_PLACEMENT_3D('',#12706,#10449,#10450);
#9179=AXIS2_PLACEMENT_3D('',#12712,#10454,#10455);
#9180=AXIS2_PLACEMENT_3D('',#12715,#10458,#10459);
#9181=AXIS2_PLACEMENT_3D('',#12724,#10464,#10465);
#9182=AXIS2_PLACEMENT_3D('',#12730,#10469,#10470);
#9183=AXIS2_PLACEMENT_3D('',#12736,#10474,#10475);
#9184=AXIS2_PLACEMENT_3D('',#12739,#10478,#10479);
#9185=AXIS2_PLACEMENT_3D('',#12748,#10484,#10485);
#9186=AXIS2_PLACEMENT_3D('',#12754,#10489,#10490);
#9187=AXIS2_PLACEMENT_3D('',#12760,#10494,#10495);
#9188=AXIS2_PLACEMENT_3D('',#12763,#10498,#10499);
#9189=AXIS2_PLACEMENT_3D('',#12772,#10504,#10505);
#9190=AXIS2_PLACEMENT_3D('',#12778,#10509,#10510);
#9191=AXIS2_PLACEMENT_3D('',#12784,#10514,#10515);
#9192=AXIS2_PLACEMENT_3D('',#12787,#10518,#10519);
#9193=AXIS2_PLACEMENT_3D('',#12796,#10524,#10525);
#9194=AXIS2_PLACEMENT_3D('',#12802,#10529,#10530);
#9195=AXIS2_PLACEMENT_3D('',#12808,#10534,#10535);
#9196=AXIS2_PLACEMENT_3D('',#12811,#10538,#10539);
#9197=AXIS2_PLACEMENT_3D('',#12820,#10544,#10545);
#9198=AXIS2_PLACEMENT_3D('',#12826,#10549,#10550);
#9199=AXIS2_PLACEMENT_3D('',#12832,#10554,#10555);
#9200=AXIS2_PLACEMENT_3D('',#12835,#10558,#10559);
#9201=AXIS2_PLACEMENT_3D('',#12844,#10564,#10565);
#9202=AXIS2_PLACEMENT_3D('',#12850,#10569,#10570);
#9203=AXIS2_PLACEMENT_3D('',#12856,#10574,#10575);
#9204=AXIS2_PLACEMENT_3D('',#12859,#10578,#10579);
#9205=AXIS2_PLACEMENT_3D('',#12868,#10584,#10585);
#9206=AXIS2_PLACEMENT_3D('',#12874,#10589,#10590);
#9207=AXIS2_PLACEMENT_3D('',#12880,#10594,#10595);
#9208=AXIS2_PLACEMENT_3D('',#12883,#10598,#10599);
#9209=AXIS2_PLACEMENT_3D('',#12892,#10604,#10605);
#9210=AXIS2_PLACEMENT_3D('',#12898,#10609,#10610);
#9211=AXIS2_PLACEMENT_3D('',#12904,#10614,#10615);
#9212=AXIS2_PLACEMENT_3D('',#12907,#10618,#10619);
#9213=AXIS2_PLACEMENT_3D('',#12916,#10624,#10625);
#9214=AXIS2_PLACEMENT_3D('',#12922,#10629,#10630);
#9215=AXIS2_PLACEMENT_3D('',#12928,#10634,#10635);
#9216=AXIS2_PLACEMENT_3D('',#12931,#10638,#10639);
#9217=AXIS2_PLACEMENT_3D('',#12940,#10644,#10645);
#9218=AXIS2_PLACEMENT_3D('',#12946,#10649,#10650);
#9219=AXIS2_PLACEMENT_3D('',#12952,#10654,#10655);
#9220=AXIS2_PLACEMENT_3D('',#12955,#10658,#10659);
#9221=AXIS2_PLACEMENT_3D('',#12964,#10664,#10665);
#9222=AXIS2_PLACEMENT_3D('',#12970,#10669,#10670);
#9223=AXIS2_PLACEMENT_3D('',#12976,#10674,#10675);
#9224=AXIS2_PLACEMENT_3D('',#12979,#10678,#10679);
#9225=AXIS2_PLACEMENT_3D('',#12988,#10684,#10685);
#9226=AXIS2_PLACEMENT_3D('',#12994,#10689,#10690);
#9227=AXIS2_PLACEMENT_3D('',#13000,#10694,#10695);
#9228=AXIS2_PLACEMENT_3D('',#13003,#10698,#10699);
#9229=AXIS2_PLACEMENT_3D('',#13012,#10704,#10705);
#9230=AXIS2_PLACEMENT_3D('',#13018,#10709,#10710);
#9231=AXIS2_PLACEMENT_3D('',#13024,#10714,#10715);
#9232=AXIS2_PLACEMENT_3D('',#13027,#10718,#10719);
#9233=AXIS2_PLACEMENT_3D('',#13036,#10724,#10725);
#9234=AXIS2_PLACEMENT_3D('',#13042,#10729,#10730);
#9235=AXIS2_PLACEMENT_3D('',#13048,#10734,#10735);
#9236=AXIS2_PLACEMENT_3D('',#13051,#10738,#10739);
#9237=AXIS2_PLACEMENT_3D('',#13060,#10744,#10745);
#9238=AXIS2_PLACEMENT_3D('',#13066,#10749,#10750);
#9239=AXIS2_PLACEMENT_3D('',#13072,#10754,#10755);
#9240=AXIS2_PLACEMENT_3D('',#13075,#10758,#10759);
#9241=AXIS2_PLACEMENT_3D('',#13084,#10764,#10765);
#9242=AXIS2_PLACEMENT_3D('',#13090,#10769,#10770);
#9243=AXIS2_PLACEMENT_3D('',#13096,#10774,#10775);
#9244=AXIS2_PLACEMENT_3D('',#13099,#10778,#10779);
#9245=AXIS2_PLACEMENT_3D('',#13108,#10784,#10785);
#9246=AXIS2_PLACEMENT_3D('',#13114,#10789,#10790);
#9247=AXIS2_PLACEMENT_3D('',#13120,#10794,#10795);
#9248=AXIS2_PLACEMENT_3D('',#13123,#10798,#10799);
#9249=AXIS2_PLACEMENT_3D('',#13132,#10804,#10805);
#9250=AXIS2_PLACEMENT_3D('',#13138,#10809,#10810);
#9251=AXIS2_PLACEMENT_3D('',#13144,#10814,#10815);
#9252=AXIS2_PLACEMENT_3D('',#13147,#10818,#10819);
#9253=AXIS2_PLACEMENT_3D('',#13156,#10824,#10825);
#9254=AXIS2_PLACEMENT_3D('',#13162,#10829,#10830);
#9255=AXIS2_PLACEMENT_3D('',#13168,#10834,#10835);
#9256=AXIS2_PLACEMENT_3D('',#13171,#10838,#10839);
#9257=AXIS2_PLACEMENT_3D('',#13180,#10844,#10845);
#9258=AXIS2_PLACEMENT_3D('',#13186,#10849,#10850);
#9259=AXIS2_PLACEMENT_3D('',#13192,#10854,#10855);
#9260=AXIS2_PLACEMENT_3D('',#13195,#10858,#10859);
#9261=AXIS2_PLACEMENT_3D('',#13204,#10864,#10865);
#9262=AXIS2_PLACEMENT_3D('',#13210,#10869,#10870);
#9263=AXIS2_PLACEMENT_3D('',#13216,#10874,#10875);
#9264=AXIS2_PLACEMENT_3D('',#13219,#10878,#10879);
#9265=AXIS2_PLACEMENT_3D('',#13228,#10884,#10885);
#9266=AXIS2_PLACEMENT_3D('',#13234,#10889,#10890);
#9267=AXIS2_PLACEMENT_3D('',#13240,#10894,#10895);
#9268=AXIS2_PLACEMENT_3D('',#13243,#10898,#10899);
#9269=AXIS2_PLACEMENT_3D('',#13252,#10904,#10905);
#9270=AXIS2_PLACEMENT_3D('',#13258,#10909,#10910);
#9271=AXIS2_PLACEMENT_3D('',#13264,#10914,#10915);
#9272=AXIS2_PLACEMENT_3D('',#13267,#10918,#10919);
#9273=AXIS2_PLACEMENT_3D('',#13276,#10924,#10925);
#9274=AXIS2_PLACEMENT_3D('',#13282,#10929,#10930);
#9275=AXIS2_PLACEMENT_3D('',#13288,#10934,#10935);
#9276=AXIS2_PLACEMENT_3D('',#13291,#10938,#10939);
#9277=AXIS2_PLACEMENT_3D('',#13300,#10944,#10945);
#9278=AXIS2_PLACEMENT_3D('',#13306,#10949,#10950);
#9279=AXIS2_PLACEMENT_3D('',#13312,#10954,#10955);
#9280=AXIS2_PLACEMENT_3D('',#13315,#10958,#10959);
#9281=AXIS2_PLACEMENT_3D('',#13324,#10964,#10965);
#9282=AXIS2_PLACEMENT_3D('',#13330,#10969,#10970);
#9283=AXIS2_PLACEMENT_3D('',#13336,#10974,#10975);
#9284=AXIS2_PLACEMENT_3D('',#13339,#10978,#10979);
#9285=AXIS2_PLACEMENT_3D('',#13348,#10984,#10985);
#9286=AXIS2_PLACEMENT_3D('',#13354,#10989,#10990);
#9287=AXIS2_PLACEMENT_3D('',#13360,#10994,#10995);
#9288=AXIS2_PLACEMENT_3D('',#13363,#10998,#10999);
#9289=AXIS2_PLACEMENT_3D('',#13372,#11004,#11005);
#9290=AXIS2_PLACEMENT_3D('',#13378,#11009,#11010);
#9291=AXIS2_PLACEMENT_3D('',#13384,#11014,#11015);
#9292=AXIS2_PLACEMENT_3D('',#13387,#11018,#11019);
#9293=AXIS2_PLACEMENT_3D('',#13396,#11024,#11025);
#9294=AXIS2_PLACEMENT_3D('',#13402,#11029,#11030);
#9295=AXIS2_PLACEMENT_3D('',#13408,#11034,#11035);
#9296=AXIS2_PLACEMENT_3D('',#13411,#11038,#11039);
#9297=AXIS2_PLACEMENT_3D('',#13420,#11044,#11045);
#9298=AXIS2_PLACEMENT_3D('',#13426,#11049,#11050);
#9299=AXIS2_PLACEMENT_3D('',#13432,#11054,#11055);
#9300=AXIS2_PLACEMENT_3D('',#13435,#11058,#11059);
#9301=AXIS2_PLACEMENT_3D('',#13444,#11064,#11065);
#9302=AXIS2_PLACEMENT_3D('',#13450,#11069,#11070);
#9303=AXIS2_PLACEMENT_3D('',#13456,#11074,#11075);
#9304=AXIS2_PLACEMENT_3D('',#13459,#11078,#11079);
#9305=AXIS2_PLACEMENT_3D('',#13468,#11084,#11085);
#9306=AXIS2_PLACEMENT_3D('',#13474,#11089,#11090);
#9307=AXIS2_PLACEMENT_3D('',#13480,#11094,#11095);
#9308=AXIS2_PLACEMENT_3D('',#13483,#11098,#11099);
#9309=AXIS2_PLACEMENT_3D('',#13492,#11104,#11105);
#9310=AXIS2_PLACEMENT_3D('',#13498,#11109,#11110);
#9311=AXIS2_PLACEMENT_3D('',#13504,#11114,#11115);
#9312=AXIS2_PLACEMENT_3D('',#13507,#11118,#11119);
#9313=AXIS2_PLACEMENT_3D('',#13516,#11124,#11125);
#9314=AXIS2_PLACEMENT_3D('',#13522,#11129,#11130);
#9315=AXIS2_PLACEMENT_3D('',#13528,#11134,#11135);
#9316=AXIS2_PLACEMENT_3D('',#13531,#11138,#11139);
#9317=AXIS2_PLACEMENT_3D('',#13540,#11144,#11145);
#9318=AXIS2_PLACEMENT_3D('',#13546,#11149,#11150);
#9319=AXIS2_PLACEMENT_3D('',#13552,#11154,#11155);
#9320=AXIS2_PLACEMENT_3D('',#13555,#11158,#11159);
#9321=AXIS2_PLACEMENT_3D('',#13564,#11164,#11165);
#9322=AXIS2_PLACEMENT_3D('',#13570,#11169,#11170);
#9323=AXIS2_PLACEMENT_3D('',#13576,#11174,#11175);
#9324=AXIS2_PLACEMENT_3D('',#13579,#11178,#11179);
#9325=AXIS2_PLACEMENT_3D('',#13588,#11184,#11185);
#9326=AXIS2_PLACEMENT_3D('',#13594,#11189,#11190);
#9327=AXIS2_PLACEMENT_3D('',#13600,#11194,#11195);
#9328=AXIS2_PLACEMENT_3D('',#13603,#11198,#11199);
#9329=AXIS2_PLACEMENT_3D('',#13612,#11204,#11205);
#9330=AXIS2_PLACEMENT_3D('',#13618,#11209,#11210);
#9331=AXIS2_PLACEMENT_3D('',#13624,#11214,#11215);
#9332=AXIS2_PLACEMENT_3D('',#13627,#11218,#11219);
#9333=AXIS2_PLACEMENT_3D('',#13636,#11224,#11225);
#9334=AXIS2_PLACEMENT_3D('',#13642,#11229,#11230);
#9335=AXIS2_PLACEMENT_3D('',#13648,#11234,#11235);
#9336=AXIS2_PLACEMENT_3D('',#13651,#11238,#11239);
#9337=AXIS2_PLACEMENT_3D('',#13660,#11244,#11245);
#9338=AXIS2_PLACEMENT_3D('',#13666,#11249,#11250);
#9339=AXIS2_PLACEMENT_3D('',#13672,#11254,#11255);
#9340=AXIS2_PLACEMENT_3D('',#13675,#11258,#11259);
#9341=AXIS2_PLACEMENT_3D('',#13684,#11264,#11265);
#9342=AXIS2_PLACEMENT_3D('',#13690,#11269,#11270);
#9343=AXIS2_PLACEMENT_3D('',#13696,#11274,#11275);
#9344=AXIS2_PLACEMENT_3D('',#13699,#11278,#11279);
#9345=AXIS2_PLACEMENT_3D('',#13708,#11284,#11285);
#9346=AXIS2_PLACEMENT_3D('',#13714,#11289,#11290);
#9347=AXIS2_PLACEMENT_3D('',#13720,#11294,#11295);
#9348=AXIS2_PLACEMENT_3D('',#13723,#11298,#11299);
#9349=AXIS2_PLACEMENT_3D('',#13732,#11304,#11305);
#9350=AXIS2_PLACEMENT_3D('',#13738,#11309,#11310);
#9351=AXIS2_PLACEMENT_3D('',#13744,#11314,#11315);
#9352=AXIS2_PLACEMENT_3D('',#13747,#11318,#11319);
#9353=AXIS2_PLACEMENT_3D('',#13756,#11324,#11325);
#9354=AXIS2_PLACEMENT_3D('',#13762,#11329,#11330);
#9355=AXIS2_PLACEMENT_3D('',#13768,#11334,#11335);
#9356=AXIS2_PLACEMENT_3D('',#13771,#11338,#11339);
#9357=AXIS2_PLACEMENT_3D('',#13780,#11344,#11345);
#9358=AXIS2_PLACEMENT_3D('',#13786,#11349,#11350);
#9359=AXIS2_PLACEMENT_3D('',#13792,#11354,#11355);
#9360=AXIS2_PLACEMENT_3D('',#13795,#11358,#11359);
#9361=AXIS2_PLACEMENT_3D('',#13804,#11364,#11365);
#9362=AXIS2_PLACEMENT_3D('',#13810,#11369,#11370);
#9363=AXIS2_PLACEMENT_3D('',#13816,#11374,#11375);
#9364=AXIS2_PLACEMENT_3D('',#13819,#11378,#11379);
#9365=AXIS2_PLACEMENT_3D('',#13828,#11384,#11385);
#9366=AXIS2_PLACEMENT_3D('',#13834,#11389,#11390);
#9367=AXIS2_PLACEMENT_3D('',#13840,#11394,#11395);
#9368=AXIS2_PLACEMENT_3D('',#13843,#11398,#11399);
#9369=AXIS2_PLACEMENT_3D('',#13852,#11404,#11405);
#9370=AXIS2_PLACEMENT_3D('',#13858,#11409,#11410);
#9371=AXIS2_PLACEMENT_3D('',#13864,#11414,#11415);
#9372=AXIS2_PLACEMENT_3D('',#13867,#11418,#11419);
#9373=AXIS2_PLACEMENT_3D('',#13868,#11420,#11421);
#9374=AXIS2_PLACEMENT_3D('',#13869,#11422,#11423);
#9375=AXIS2_PLACEMENT_3D('',#13870,#11424,#11425);
#9376=AXIS2_PLACEMENT_3D('',#13871,#11426,#11427);
#9377=AXIS2_PLACEMENT_3D('',#13872,#11428,#11429);
#9378=AXIS2_PLACEMENT_3D('',#13873,#11430,#11431);
#9379=AXIS2_PLACEMENT_3D('',#13874,#11432,#11433);
#9380=DIRECTION('axis',(0.,0.,1.));
#9381=DIRECTION('refdir',(1.,0.,0.));
#9382=DIRECTION('axis',(0.,0.,1.));
#9383=DIRECTION('refdir',(1.,0.,0.));
#9384=DIRECTION('axis',(0.,0.,1.));
#9385=DIRECTION('refdir',(1.,0.,0.));
#9386=DIRECTION('axis',(0.,0.,1.));
#9387=DIRECTION('refdir',(1.,0.,0.));
#9388=DIRECTION('',(0.,0.,1.));
#9389=DIRECTION('',(1.,0.,0.));
#9390=DIRECTION('axis',(0.,0.,1.));
#9391=DIRECTION('refdir',(1.,0.,0.));
#9392=DIRECTION('axis',(0.,0.,1.));
#9393=DIRECTION('refdir',(1.,0.,0.));
#9394=DIRECTION('axis',(0.,0.,1.));
#9395=DIRECTION('refdir',(1.,0.,0.));
#9396=DIRECTION('axis',(0.,0.,1.));
#9397=DIRECTION('refdir',(1.,0.,0.));
#9398=DIRECTION('center_axis',(0.,0.,-1.));
#9399=DIRECTION('ref_axis',(-1.,0.,0.));
#9400=DIRECTION('',(-1.,0.,0.));
#9401=DIRECTION('',(0.,1.,0.));
#9402=DIRECTION('',(-1.,0.,0.));
#9403=DIRECTION('',(0.,1.,0.));
#9404=DIRECTION('center_axis',(-1.,0.,0.));
#9405=DIRECTION('ref_axis',(0.,0.,1.));
#9406=DIRECTION('',(0.,0.,1.));
#9407=DIRECTION('',(0.,0.,1.));
#9408=DIRECTION('',(0.,1.,0.));
#9409=DIRECTION('center_axis',(0.,0.,1.));
#9410=DIRECTION('ref_axis',(1.,0.,0.));
#9411=DIRECTION('',(1.,0.,0.));
#9412=DIRECTION('',(1.,0.,0.));
#9413=DIRECTION('',(0.,1.,0.));
#9414=DIRECTION('center_axis',(1.,0.,0.));
#9415=DIRECTION('ref_axis',(0.,0.,-1.));
#9416=DIRECTION('',(0.,0.,-1.));
#9417=DIRECTION('',(0.,0.,-1.));
#9418=DIRECTION('center_axis',(0.,0.,-1.));
#9419=DIRECTION('ref_axis',(-1.,0.,0.));
#9420=DIRECTION('',(-1.,0.,0.));
#9421=DIRECTION('',(0.,1.,0.));
#9422=DIRECTION('',(-1.,0.,0.));
#9423=DIRECTION('',(0.,1.,0.));
#9424=DIRECTION('center_axis',(-1.,0.,0.));
#9425=DIRECTION('ref_axis',(0.,0.,1.));
#9426=DIRECTION('',(0.,0.,1.));
#9427=DIRECTION('',(0.,0.,1.));
#9428=DIRECTION('',(0.,1.,0.));
#9429=DIRECTION('center_axis',(0.,0.,1.));
#9430=DIRECTION('ref_axis',(1.,0.,0.));
#9431=DIRECTION('',(1.,0.,0.));
#9432=DIRECTION('',(1.,0.,0.));
#9433=DIRECTION('',(0.,1.,0.));
#9434=DIRECTION('center_axis',(1.,0.,0.));
#9435=DIRECTION('ref_axis',(0.,0.,-1.));
#9436=DIRECTION('',(0.,0.,-1.));
#9437=DIRECTION('',(0.,0.,-1.));
#9438=DIRECTION('center_axis',(0.,0.,-1.));
#9439=DIRECTION('ref_axis',(-1.,0.,0.));
#9440=DIRECTION('',(-1.,0.,0.));
#9441=DIRECTION('',(0.,1.,0.));
#9442=DIRECTION('',(-1.,0.,0.));
#9443=DIRECTION('',(0.,1.,0.));
#9444=DIRECTION('center_axis',(-1.,0.,0.));
#9445=DIRECTION('ref_axis',(0.,0.,1.));
#9446=DIRECTION('',(0.,0.,1.));
#9447=DIRECTION('',(0.,0.,1.));
#9448=DIRECTION('',(0.,1.,0.));
#9449=DIRECTION('center_axis',(0.,0.,1.));
#9450=DIRECTION('ref_axis',(1.,0.,0.));
#9451=DIRECTION('',(1.,0.,0.));
#9452=DIRECTION('',(1.,0.,0.));
#9453=DIRECTION('',(0.,1.,0.));
#9454=DIRECTION('center_axis',(1.,0.,0.));
#9455=DIRECTION('ref_axis',(0.,0.,-1.));
#9456=DIRECTION('',(0.,0.,-1.));
#9457=DIRECTION('',(0.,0.,-1.));
#9458=DIRECTION('center_axis',(0.,0.,-1.));
#9459=DIRECTION('ref_axis',(-1.,0.,0.));
#9460=DIRECTION('',(-1.,0.,0.));
#9461=DIRECTION('',(0.,1.,0.));
#9462=DIRECTION('',(-1.,0.,0.));
#9463=DIRECTION('',(0.,1.,0.));
#9464=DIRECTION('center_axis',(-1.,0.,0.));
#9465=DIRECTION('ref_axis',(0.,0.,1.));
#9466=DIRECTION('',(0.,0.,1.));
#9467=DIRECTION('',(0.,0.,1.));
#9468=DIRECTION('',(0.,1.,0.));
#9469=DIRECTION('center_axis',(0.,0.,1.));
#9470=DIRECTION('ref_axis',(1.,0.,0.));
#9471=DIRECTION('',(1.,0.,0.));
#9472=DIRECTION('',(1.,0.,0.));
#9473=DIRECTION('',(0.,1.,0.));
#9474=DIRECTION('center_axis',(1.,0.,0.));
#9475=DIRECTION('ref_axis',(0.,0.,-1.));
#9476=DIRECTION('',(0.,0.,-1.));
#9477=DIRECTION('',(0.,0.,-1.));
#9478=DIRECTION('center_axis',(0.,0.,-1.));
#9479=DIRECTION('ref_axis',(-1.,0.,0.));
#9480=DIRECTION('',(-1.,0.,0.));
#9481=DIRECTION('',(0.,1.,0.));
#9482=DIRECTION('',(-1.,0.,0.));
#9483=DIRECTION('',(0.,1.,0.));
#9484=DIRECTION('center_axis',(-1.,0.,0.));
#9485=DIRECTION('ref_axis',(0.,0.,1.));
#9486=DIRECTION('',(0.,0.,1.));
#9487=DIRECTION('',(0.,0.,1.));
#9488=DIRECTION('',(0.,1.,0.));
#9489=DIRECTION('center_axis',(0.,0.,1.));
#9490=DIRECTION('ref_axis',(1.,0.,0.));
#9491=DIRECTION('',(1.,0.,0.));
#9492=DIRECTION('',(1.,0.,0.));
#9493=DIRECTION('',(0.,1.,0.));
#9494=DIRECTION('center_axis',(1.,0.,0.));
#9495=DIRECTION('ref_axis',(0.,0.,-1.));
#9496=DIRECTION('',(0.,0.,-1.));
#9497=DIRECTION('',(0.,0.,-1.));
#9498=DIRECTION('center_axis',(0.,0.,-1.));
#9499=DIRECTION('ref_axis',(-1.,0.,0.));
#9500=DIRECTION('',(-1.,0.,0.));
#9501=DIRECTION('',(0.,1.,0.));
#9502=DIRECTION('',(-1.,0.,0.));
#9503=DIRECTION('',(0.,1.,0.));
#9504=DIRECTION('center_axis',(-1.,0.,0.));
#9505=DIRECTION('ref_axis',(0.,0.,1.));
#9506=DIRECTION('',(0.,0.,1.));
#9507=DIRECTION('',(0.,0.,1.));
#9508=DIRECTION('',(0.,1.,0.));
#9509=DIRECTION('center_axis',(0.,0.,1.));
#9510=DIRECTION('ref_axis',(1.,0.,0.));
#9511=DIRECTION('',(1.,0.,0.));
#9512=DIRECTION('',(1.,0.,0.));
#9513=DIRECTION('',(0.,1.,0.));
#9514=DIRECTION('center_axis',(1.,0.,0.));
#9515=DIRECTION('ref_axis',(0.,0.,-1.));
#9516=DIRECTION('',(0.,0.,-1.));
#9517=DIRECTION('',(0.,0.,-1.));
#9518=DIRECTION('center_axis',(0.,0.,-1.));
#9519=DIRECTION('ref_axis',(-1.,0.,0.));
#9520=DIRECTION('',(-1.,0.,0.));
#9521=DIRECTION('',(0.,1.,0.));
#9522=DIRECTION('',(-1.,0.,0.));
#9523=DIRECTION('',(0.,1.,0.));
#9524=DIRECTION('center_axis',(-1.,0.,0.));
#9525=DIRECTION('ref_axis',(0.,0.,1.));
#9526=DIRECTION('',(0.,0.,1.));
#9527=DIRECTION('',(0.,0.,1.));
#9528=DIRECTION('',(0.,1.,0.));
#9529=DIRECTION('center_axis',(0.,0.,1.));
#9530=DIRECTION('ref_axis',(1.,0.,0.));
#9531=DIRECTION('',(1.,0.,0.));
#9532=DIRECTION('',(1.,0.,0.));
#9533=DIRECTION('',(0.,1.,0.));
#9534=DIRECTION('center_axis',(1.,0.,0.));
#9535=DIRECTION('ref_axis',(0.,0.,-1.));
#9536=DIRECTION('',(0.,0.,-1.));
#9537=DIRECTION('',(0.,0.,-1.));
#9538=DIRECTION('center_axis',(0.,0.,-1.));
#9539=DIRECTION('ref_axis',(-1.,0.,0.));
#9540=DIRECTION('',(-1.,0.,0.));
#9541=DIRECTION('',(0.,1.,0.));
#9542=DIRECTION('',(-1.,0.,0.));
#9543=DIRECTION('',(0.,1.,0.));
#9544=DIRECTION('center_axis',(-1.,0.,0.));
#9545=DIRECTION('ref_axis',(0.,0.,1.));
#9546=DIRECTION('',(0.,0.,1.));
#9547=DIRECTION('',(0.,0.,1.));
#9548=DIRECTION('',(0.,1.,0.));
#9549=DIRECTION('center_axis',(0.,0.,1.));
#9550=DIRECTION('ref_axis',(1.,0.,0.));
#9551=DIRECTION('',(1.,0.,0.));
#9552=DIRECTION('',(1.,0.,0.));
#9553=DIRECTION('',(0.,1.,0.));
#9554=DIRECTION('center_axis',(1.,0.,0.));
#9555=DIRECTION('ref_axis',(0.,0.,-1.));
#9556=DIRECTION('',(0.,0.,-1.));
#9557=DIRECTION('',(0.,0.,-1.));
#9558=DIRECTION('center_axis',(0.,0.,-1.));
#9559=DIRECTION('ref_axis',(-1.,0.,0.));
#9560=DIRECTION('',(-1.,0.,0.));
#9561=DIRECTION('',(0.,1.,0.));
#9562=DIRECTION('',(-1.,0.,0.));
#9563=DIRECTION('',(0.,1.,0.));
#9564=DIRECTION('center_axis',(-1.,0.,0.));
#9565=DIRECTION('ref_axis',(0.,0.,1.));
#9566=DIRECTION('',(0.,0.,1.));
#9567=DIRECTION('',(0.,0.,1.));
#9568=DIRECTION('',(0.,1.,0.));
#9569=DIRECTION('center_axis',(0.,0.,1.));
#9570=DIRECTION('ref_axis',(1.,0.,0.));
#9571=DIRECTION('',(1.,0.,0.));
#9572=DIRECTION('',(1.,0.,0.));
#9573=DIRECTION('',(0.,1.,0.));
#9574=DIRECTION('center_axis',(1.,0.,0.));
#9575=DIRECTION('ref_axis',(0.,0.,-1.));
#9576=DIRECTION('',(0.,0.,-1.));
#9577=DIRECTION('',(0.,0.,-1.));
#9578=DIRECTION('center_axis',(0.,0.,-1.));
#9579=DIRECTION('ref_axis',(-1.,0.,0.));
#9580=DIRECTION('',(-1.,0.,0.));
#9581=DIRECTION('',(0.,1.,0.));
#9582=DIRECTION('',(-1.,0.,0.));
#9583=DIRECTION('',(0.,1.,0.));
#9584=DIRECTION('center_axis',(-1.,0.,0.));
#9585=DIRECTION('ref_axis',(0.,0.,1.));
#9586=DIRECTION('',(0.,0.,1.));
#9587=DIRECTION('',(0.,0.,1.));
#9588=DIRECTION('',(0.,1.,0.));
#9589=DIRECTION('center_axis',(0.,0.,1.));
#9590=DIRECTION('ref_axis',(1.,0.,0.));
#9591=DIRECTION('',(1.,0.,0.));
#9592=DIRECTION('',(1.,0.,0.));
#9593=DIRECTION('',(0.,1.,0.));
#9594=DIRECTION('center_axis',(1.,0.,0.));
#9595=DIRECTION('ref_axis',(0.,0.,-1.));
#9596=DIRECTION('',(0.,0.,-1.));
#9597=DIRECTION('',(0.,0.,-1.));
#9598=DIRECTION('center_axis',(0.,0.,-1.));
#9599=DIRECTION('ref_axis',(-1.,0.,0.));
#9600=DIRECTION('',(-1.,0.,0.));
#9601=DIRECTION('',(0.,1.,0.));
#9602=DIRECTION('',(-1.,0.,0.));
#9603=DIRECTION('',(0.,1.,0.));
#9604=DIRECTION('center_axis',(-1.,0.,0.));
#9605=DIRECTION('ref_axis',(0.,0.,1.));
#9606=DIRECTION('',(0.,0.,1.));
#9607=DIRECTION('',(0.,0.,1.));
#9608=DIRECTION('',(0.,1.,0.));
#9609=DIRECTION('center_axis',(0.,0.,1.));
#9610=DIRECTION('ref_axis',(1.,0.,0.));
#9611=DIRECTION('',(1.,0.,0.));
#9612=DIRECTION('',(1.,0.,0.));
#9613=DIRECTION('',(0.,1.,0.));
#9614=DIRECTION('center_axis',(1.,0.,0.));
#9615=DIRECTION('ref_axis',(0.,0.,-1.));
#9616=DIRECTION('',(0.,0.,-1.));
#9617=DIRECTION('',(0.,0.,-1.));
#9618=DIRECTION('center_axis',(0.,0.,-1.));
#9619=DIRECTION('ref_axis',(-1.,0.,0.));
#9620=DIRECTION('',(-1.,0.,0.));
#9621=DIRECTION('',(0.,1.,0.));
#9622=DIRECTION('',(-1.,0.,0.));
#9623=DIRECTION('',(0.,1.,0.));
#9624=DIRECTION('center_axis',(-1.,0.,0.));
#9625=DIRECTION('ref_axis',(0.,0.,1.));
#9626=DIRECTION('',(0.,0.,1.));
#9627=DIRECTION('',(0.,0.,1.));
#9628=DIRECTION('',(0.,1.,0.));
#9629=DIRECTION('center_axis',(0.,0.,1.));
#9630=DIRECTION('ref_axis',(1.,0.,0.));
#9631=DIRECTION('',(1.,0.,0.));
#9632=DIRECTION('',(1.,0.,0.));
#9633=DIRECTION('',(0.,1.,0.));
#9634=DIRECTION('center_axis',(1.,0.,0.));
#9635=DIRECTION('ref_axis',(0.,0.,-1.));
#9636=DIRECTION('',(0.,0.,-1.));
#9637=DIRECTION('',(0.,0.,-1.));
#9638=DIRECTION('center_axis',(0.,0.,-1.));
#9639=DIRECTION('ref_axis',(-1.,0.,0.));
#9640=DIRECTION('',(-1.,0.,0.));
#9641=DIRECTION('',(0.,1.,0.));
#9642=DIRECTION('',(-1.,0.,0.));
#9643=DIRECTION('',(0.,1.,0.));
#9644=DIRECTION('center_axis',(-1.,0.,0.));
#9645=DIRECTION('ref_axis',(0.,0.,1.));
#9646=DIRECTION('',(0.,0.,1.));
#9647=DIRECTION('',(0.,0.,1.));
#9648=DIRECTION('',(0.,1.,0.));
#9649=DIRECTION('center_axis',(0.,0.,1.));
#9650=DIRECTION('ref_axis',(1.,0.,0.));
#9651=DIRECTION('',(1.,0.,0.));
#9652=DIRECTION('',(1.,0.,0.));
#9653=DIRECTION('',(0.,1.,0.));
#9654=DIRECTION('center_axis',(1.,0.,0.));
#9655=DIRECTION('ref_axis',(0.,0.,-1.));
#9656=DIRECTION('',(0.,0.,-1.));
#9657=DIRECTION('',(0.,0.,-1.));
#9658=DIRECTION('center_axis',(0.,0.,-1.));
#9659=DIRECTION('ref_axis',(-1.,0.,0.));
#9660=DIRECTION('',(-1.,0.,0.));
#9661=DIRECTION('',(0.,1.,0.));
#9662=DIRECTION('',(-1.,0.,0.));
#9663=DIRECTION('',(0.,1.,0.));
#9664=DIRECTION('center_axis',(-1.,0.,0.));
#9665=DIRECTION('ref_axis',(0.,0.,1.));
#9666=DIRECTION('',(0.,0.,1.));
#9667=DIRECTION('',(0.,0.,1.));
#9668=DIRECTION('',(0.,1.,0.));
#9669=DIRECTION('center_axis',(0.,0.,1.));
#9670=DIRECTION('ref_axis',(1.,0.,0.));
#9671=DIRECTION('',(1.,0.,0.));
#9672=DIRECTION('',(1.,0.,0.));
#9673=DIRECTION('',(0.,1.,0.));
#9674=DIRECTION('center_axis',(1.,0.,0.));
#9675=DIRECTION('ref_axis',(0.,0.,-1.));
#9676=DIRECTION('',(0.,0.,-1.));
#9677=DIRECTION('',(0.,0.,-1.));
#9678=DIRECTION('center_axis',(0.,0.,-1.));
#9679=DIRECTION('ref_axis',(-1.,0.,0.));
#9680=DIRECTION('',(-1.,0.,0.));
#9681=DIRECTION('',(0.,1.,0.));
#9682=DIRECTION('',(-1.,0.,0.));
#9683=DIRECTION('',(0.,1.,0.));
#9684=DIRECTION('center_axis',(-1.,0.,0.));
#9685=DIRECTION('ref_axis',(0.,0.,1.));
#9686=DIRECTION('',(0.,0.,1.));
#9687=DIRECTION('',(0.,0.,1.));
#9688=DIRECTION('',(0.,1.,0.));
#9689=DIRECTION('center_axis',(0.,0.,1.));
#9690=DIRECTION('ref_axis',(1.,0.,0.));
#9691=DIRECTION('',(1.,0.,0.));
#9692=DIRECTION('',(1.,0.,0.));
#9693=DIRECTION('',(0.,1.,0.));
#9694=DIRECTION('center_axis',(1.,0.,0.));
#9695=DIRECTION('ref_axis',(0.,0.,-1.));
#9696=DIRECTION('',(0.,0.,-1.));
#9697=DIRECTION('',(0.,0.,-1.));
#9698=DIRECTION('center_axis',(0.,0.,-1.));
#9699=DIRECTION('ref_axis',(-1.,0.,0.));
#9700=DIRECTION('',(-1.,0.,0.));
#9701=DIRECTION('',(0.,1.,0.));
#9702=DIRECTION('',(-1.,0.,0.));
#9703=DIRECTION('',(0.,1.,0.));
#9704=DIRECTION('center_axis',(-1.,0.,0.));
#9705=DIRECTION('ref_axis',(0.,0.,1.));
#9706=DIRECTION('',(0.,0.,1.));
#9707=DIRECTION('',(0.,0.,1.));
#9708=DIRECTION('',(0.,1.,0.));
#9709=DIRECTION('center_axis',(0.,0.,1.));
#9710=DIRECTION('ref_axis',(1.,0.,0.));
#9711=DIRECTION('',(1.,0.,0.));
#9712=DIRECTION('',(1.,0.,0.));
#9713=DIRECTION('',(0.,1.,0.));
#9714=DIRECTION('center_axis',(1.,0.,0.));
#9715=DIRECTION('ref_axis',(0.,0.,-1.));
#9716=DIRECTION('',(0.,0.,-1.));
#9717=DIRECTION('',(0.,0.,-1.));
#9718=DIRECTION('center_axis',(0.,0.,-1.));
#9719=DIRECTION('ref_axis',(-1.,0.,0.));
#9720=DIRECTION('',(-1.,0.,0.));
#9721=DIRECTION('',(0.,1.,0.));
#9722=DIRECTION('',(-1.,0.,0.));
#9723=DIRECTION('',(0.,1.,0.));
#9724=DIRECTION('center_axis',(-1.,0.,0.));
#9725=DIRECTION('ref_axis',(0.,0.,1.));
#9726=DIRECTION('',(0.,0.,1.));
#9727=DIRECTION('',(0.,0.,1.));
#9728=DIRECTION('',(0.,1.,0.));
#9729=DIRECTION('center_axis',(0.,0.,1.));
#9730=DIRECTION('ref_axis',(1.,0.,0.));
#9731=DIRECTION('',(1.,0.,0.));
#9732=DIRECTION('',(1.,0.,0.));
#9733=DIRECTION('',(0.,1.,0.));
#9734=DIRECTION('center_axis',(1.,0.,0.));
#9735=DIRECTION('ref_axis',(0.,0.,-1.));
#9736=DIRECTION('',(0.,0.,-1.));
#9737=DIRECTION('',(0.,0.,-1.));
#9738=DIRECTION('center_axis',(0.,0.,-1.));
#9739=DIRECTION('ref_axis',(-1.,0.,0.));
#9740=DIRECTION('',(-1.,0.,0.));
#9741=DIRECTION('',(0.,1.,0.));
#9742=DIRECTION('',(-1.,0.,0.));
#9743=DIRECTION('',(0.,1.,0.));
#9744=DIRECTION('center_axis',(-1.,0.,0.));
#9745=DIRECTION('ref_axis',(0.,0.,1.));
#9746=DIRECTION('',(0.,0.,1.));
#9747=DIRECTION('',(0.,0.,1.));
#9748=DIRECTION('',(0.,1.,0.));
#9749=DIRECTION('center_axis',(0.,0.,1.));
#9750=DIRECTION('ref_axis',(1.,0.,0.));
#9751=DIRECTION('',(1.,0.,0.));
#9752=DIRECTION('',(1.,0.,0.));
#9753=DIRECTION('',(0.,1.,0.));
#9754=DIRECTION('center_axis',(1.,0.,0.));
#9755=DIRECTION('ref_axis',(0.,0.,-1.));
#9756=DIRECTION('',(0.,0.,-1.));
#9757=DIRECTION('',(0.,0.,-1.));
#9758=DIRECTION('center_axis',(0.,0.,-1.));
#9759=DIRECTION('ref_axis',(-1.,0.,0.));
#9760=DIRECTION('',(-1.,0.,0.));
#9761=DIRECTION('',(0.,1.,0.));
#9762=DIRECTION('',(-1.,0.,0.));
#9763=DIRECTION('',(0.,1.,0.));
#9764=DIRECTION('center_axis',(-1.,0.,0.));
#9765=DIRECTION('ref_axis',(0.,0.,1.));
#9766=DIRECTION('',(0.,0.,1.));
#9767=DIRECTION('',(0.,0.,1.));
#9768=DIRECTION('',(0.,1.,0.));
#9769=DIRECTION('center_axis',(0.,0.,1.));
#9770=DIRECTION('ref_axis',(1.,0.,0.));
#9771=DIRECTION('',(1.,0.,0.));
#9772=DIRECTION('',(1.,0.,0.));
#9773=DIRECTION('',(0.,1.,0.));
#9774=DIRECTION('center_axis',(1.,0.,0.));
#9775=DIRECTION('ref_axis',(0.,0.,-1.));
#9776=DIRECTION('',(0.,0.,-1.));
#9777=DIRECTION('',(0.,0.,-1.));
#9778=DIRECTION('center_axis',(0.,0.,-1.));
#9779=DIRECTION('ref_axis',(-1.,0.,0.));
#9780=DIRECTION('',(-1.,0.,0.));
#9781=DIRECTION('',(0.,1.,0.));
#9782=DIRECTION('',(-1.,0.,0.));
#9783=DIRECTION('',(0.,1.,0.));
#9784=DIRECTION('center_axis',(-1.,0.,0.));
#9785=DIRECTION('ref_axis',(0.,0.,1.));
#9786=DIRECTION('',(0.,0.,1.));
#9787=DIRECTION('',(0.,0.,1.));
#9788=DIRECTION('',(0.,1.,0.));
#9789=DIRECTION('center_axis',(0.,0.,1.));
#9790=DIRECTION('ref_axis',(1.,0.,0.));
#9791=DIRECTION('',(1.,0.,0.));
#9792=DIRECTION('',(1.,0.,0.));
#9793=DIRECTION('',(0.,1.,0.));
#9794=DIRECTION('center_axis',(1.,0.,0.));
#9795=DIRECTION('ref_axis',(0.,0.,-1.));
#9796=DIRECTION('',(0.,0.,-1.));
#9797=DIRECTION('',(0.,0.,-1.));
#9798=DIRECTION('center_axis',(0.,0.,-1.));
#9799=DIRECTION('ref_axis',(-1.,0.,0.));
#9800=DIRECTION('',(-1.,0.,0.));
#9801=DIRECTION('',(0.,1.,0.));
#9802=DIRECTION('',(-1.,0.,0.));
#9803=DIRECTION('',(0.,1.,0.));
#9804=DIRECTION('center_axis',(-1.,0.,0.));
#9805=DIRECTION('ref_axis',(0.,0.,1.));
#9806=DIRECTION('',(0.,0.,1.));
#9807=DIRECTION('',(0.,0.,1.));
#9808=DIRECTION('',(0.,1.,0.));
#9809=DIRECTION('center_axis',(0.,0.,1.));
#9810=DIRECTION('ref_axis',(1.,0.,0.));
#9811=DIRECTION('',(1.,0.,0.));
#9812=DIRECTION('',(1.,0.,0.));
#9813=DIRECTION('',(0.,1.,0.));
#9814=DIRECTION('center_axis',(1.,0.,0.));
#9815=DIRECTION('ref_axis',(0.,0.,-1.));
#9816=DIRECTION('',(0.,0.,-1.));
#9817=DIRECTION('',(0.,0.,-1.));
#9818=DIRECTION('center_axis',(0.,0.,-1.));
#9819=DIRECTION('ref_axis',(-1.,0.,0.));
#9820=DIRECTION('',(-1.,0.,0.));
#9821=DIRECTION('',(0.,1.,0.));
#9822=DIRECTION('',(-1.,0.,0.));
#9823=DIRECTION('',(0.,1.,0.));
#9824=DIRECTION('center_axis',(-1.,0.,0.));
#9825=DIRECTION('ref_axis',(0.,0.,1.));
#9826=DIRECTION('',(0.,0.,1.));
#9827=DIRECTION('',(0.,0.,1.));
#9828=DIRECTION('',(0.,1.,0.));
#9829=DIRECTION('center_axis',(0.,0.,1.));
#9830=DIRECTION('ref_axis',(1.,0.,0.));
#9831=DIRECTION('',(1.,0.,0.));
#9832=DIRECTION('',(1.,0.,0.));
#9833=DIRECTION('',(0.,1.,0.));
#9834=DIRECTION('center_axis',(1.,0.,0.));
#9835=DIRECTION('ref_axis',(0.,0.,-1.));
#9836=DIRECTION('',(0.,0.,-1.));
#9837=DIRECTION('',(0.,0.,-1.));
#9838=DIRECTION('center_axis',(0.,0.,-1.));
#9839=DIRECTION('ref_axis',(-1.,0.,0.));
#9840=DIRECTION('',(-1.,0.,0.));
#9841=DIRECTION('',(0.,1.,0.));
#9842=DIRECTION('',(-1.,0.,0.));
#9843=DIRECTION('',(0.,1.,0.));
#9844=DIRECTION('center_axis',(-1.,0.,0.));
#9845=DIRECTION('ref_axis',(0.,0.,1.));
#9846=DIRECTION('',(0.,0.,1.));
#9847=DIRECTION('',(0.,0.,1.));
#9848=DIRECTION('',(0.,1.,0.));
#9849=DIRECTION('center_axis',(0.,0.,1.));
#9850=DIRECTION('ref_axis',(1.,0.,0.));
#9851=DIRECTION('',(1.,0.,0.));
#9852=DIRECTION('',(1.,0.,0.));
#9853=DIRECTION('',(0.,1.,0.));
#9854=DIRECTION('center_axis',(1.,0.,0.));
#9855=DIRECTION('ref_axis',(0.,0.,-1.));
#9856=DIRECTION('',(0.,0.,-1.));
#9857=DIRECTION('',(0.,0.,-1.));
#9858=DIRECTION('center_axis',(0.,0.,-1.));
#9859=DIRECTION('ref_axis',(-1.,0.,0.));
#9860=DIRECTION('',(-1.,0.,0.));
#9861=DIRECTION('',(0.,1.,0.));
#9862=DIRECTION('',(-1.,0.,0.));
#9863=DIRECTION('',(0.,1.,0.));
#9864=DIRECTION('center_axis',(-1.,0.,0.));
#9865=DIRECTION('ref_axis',(0.,0.,1.));
#9866=DIRECTION('',(0.,0.,1.));
#9867=DIRECTION('',(0.,0.,1.));
#9868=DIRECTION('',(0.,1.,0.));
#9869=DIRECTION('center_axis',(0.,0.,1.));
#9870=DIRECTION('ref_axis',(1.,0.,0.));
#9871=DIRECTION('',(1.,0.,0.));
#9872=DIRECTION('',(1.,0.,0.));
#9873=DIRECTION('',(0.,1.,0.));
#9874=DIRECTION('center_axis',(1.,0.,0.));
#9875=DIRECTION('ref_axis',(0.,0.,-1.));
#9876=DIRECTION('',(0.,0.,-1.));
#9877=DIRECTION('',(0.,0.,-1.));
#9878=DIRECTION('center_axis',(0.,0.,-1.));
#9879=DIRECTION('ref_axis',(-1.,0.,0.));
#9880=DIRECTION('',(-1.,0.,0.));
#9881=DIRECTION('',(0.,1.,0.));
#9882=DIRECTION('',(-1.,0.,0.));
#9883=DIRECTION('',(0.,1.,0.));
#9884=DIRECTION('center_axis',(-1.,0.,0.));
#9885=DIRECTION('ref_axis',(0.,0.,1.));
#9886=DIRECTION('',(0.,0.,1.));
#9887=DIRECTION('',(0.,0.,1.));
#9888=DIRECTION('',(0.,1.,0.));
#9889=DIRECTION('center_axis',(0.,0.,1.));
#9890=DIRECTION('ref_axis',(1.,0.,0.));
#9891=DIRECTION('',(1.,0.,0.));
#9892=DIRECTION('',(1.,0.,0.));
#9893=DIRECTION('',(0.,1.,0.));
#9894=DIRECTION('center_axis',(1.,0.,0.));
#9895=DIRECTION('ref_axis',(0.,0.,-1.));
#9896=DIRECTION('',(0.,0.,-1.));
#9897=DIRECTION('',(0.,0.,-1.));
#9898=DIRECTION('center_axis',(0.,0.,-1.));
#9899=DIRECTION('ref_axis',(-1.,0.,0.));
#9900=DIRECTION('',(-1.,0.,0.));
#9901=DIRECTION('',(0.,1.,0.));
#9902=DIRECTION('',(-1.,0.,0.));
#9903=DIRECTION('',(0.,1.,0.));
#9904=DIRECTION('center_axis',(-1.,0.,0.));
#9905=DIRECTION('ref_axis',(0.,0.,1.));
#9906=DIRECTION('',(0.,0.,1.));
#9907=DIRECTION('',(0.,0.,1.));
#9908=DIRECTION('',(0.,1.,0.));
#9909=DIRECTION('center_axis',(0.,0.,1.));
#9910=DIRECTION('ref_axis',(1.,0.,0.));
#9911=DIRECTION('',(1.,0.,0.));
#9912=DIRECTION('',(1.,0.,0.));
#9913=DIRECTION('',(0.,1.,0.));
#9914=DIRECTION('center_axis',(1.,0.,0.));
#9915=DIRECTION('ref_axis',(0.,0.,-1.));
#9916=DIRECTION('',(0.,0.,-1.));
#9917=DIRECTION('',(0.,0.,-1.));
#9918=DIRECTION('center_axis',(0.,0.,-1.));
#9919=DIRECTION('ref_axis',(-1.,0.,0.));
#9920=DIRECTION('',(-1.,0.,0.));
#9921=DIRECTION('',(0.,1.,0.));
#9922=DIRECTION('',(-1.,0.,0.));
#9923=DIRECTION('',(0.,1.,0.));
#9924=DIRECTION('center_axis',(-1.,0.,0.));
#9925=DIRECTION('ref_axis',(0.,0.,1.));
#9926=DIRECTION('',(0.,0.,1.));
#9927=DIRECTION('',(0.,0.,1.));
#9928=DIRECTION('',(0.,1.,0.));
#9929=DIRECTION('center_axis',(0.,0.,1.));
#9930=DIRECTION('ref_axis',(1.,0.,0.));
#9931=DIRECTION('',(1.,0.,0.));
#9932=DIRECTION('',(1.,0.,0.));
#9933=DIRECTION('',(0.,1.,0.));
#9934=DIRECTION('center_axis',(1.,0.,0.));
#9935=DIRECTION('ref_axis',(0.,0.,-1.));
#9936=DIRECTION('',(0.,0.,-1.));
#9937=DIRECTION('',(0.,0.,-1.));
#9938=DIRECTION('center_axis',(-1.,0.,0.));
#9939=DIRECTION('ref_axis',(0.,0.,1.));
#9940=DIRECTION('',(0.,0.,1.));
#9941=DIRECTION('',(0.,1.,0.));
#9942=DIRECTION('',(0.,0.,1.));
#9943=DIRECTION('',(0.,1.,0.));
#9944=DIRECTION('center_axis',(0.,0.,1.));
#9945=DIRECTION('ref_axis',(1.,0.,0.));
#9946=DIRECTION('',(1.,0.,0.));
#9947=DIRECTION('',(1.,0.,0.));
#9948=DIRECTION('',(0.,1.,0.));
#9949=DIRECTION('center_axis',(1.,0.,0.));
#9950=DIRECTION('ref_axis',(0.,0.,-1.));
#9951=DIRECTION('',(0.,0.,-1.));
#9952=DIRECTION('',(0.,0.,-1.));
#9953=DIRECTION('',(0.,1.,0.));
#9954=DIRECTION('center_axis',(0.,0.,-1.));
#9955=DIRECTION('ref_axis',(-1.,0.,0.));
#9956=DIRECTION('',(-1.,0.,0.));
#9957=DIRECTION('',(-1.,0.,0.));
#9958=DIRECTION('center_axis',(0.,0.,-1.));
#9959=DIRECTION('ref_axis',(-1.,0.,0.));
#9960=DIRECTION('',(-1.,0.,0.));
#9961=DIRECTION('',(0.,1.,0.));
#9962=DIRECTION('',(-1.,0.,0.));
#9963=DIRECTION('',(0.,1.,0.));
#9964=DIRECTION('center_axis',(-1.,0.,0.));
#9965=DIRECTION('ref_axis',(0.,0.,1.));
#9966=DIRECTION('',(0.,0.,1.));
#9967=DIRECTION('',(0.,0.,1.));
#9968=DIRECTION('',(0.,1.,0.));
#9969=DIRECTION('center_axis',(0.,0.,1.));
#9970=DIRECTION('ref_axis',(1.,0.,0.));
#9971=DIRECTION('',(1.,0.,0.));
#9972=DIRECTION('',(1.,0.,0.));
#9973=DIRECTION('',(0.,1.,0.));
#9974=DIRECTION('center_axis',(1.,0.,0.));
#9975=DIRECTION('ref_axis',(0.,0.,-1.));
#9976=DIRECTION('',(0.,0.,-1.));
#9977=DIRECTION('',(0.,0.,-1.));
#9978=DIRECTION('center_axis',(0.,0.,-1.));
#9979=DIRECTION('ref_axis',(-1.,0.,0.));
#9980=DIRECTION('',(-1.,0.,0.));
#9981=DIRECTION('',(0.,1.,0.));
#9982=DIRECTION('',(-1.,0.,0.));
#9983=DIRECTION('',(0.,1.,0.));
#9984=DIRECTION('center_axis',(-1.,0.,0.));
#9985=DIRECTION('ref_axis',(0.,0.,1.));
#9986=DIRECTION('',(0.,0.,1.));
#9987=DIRECTION('',(0.,0.,1.));
#9988=DIRECTION('',(0.,1.,0.));
#9989=DIRECTION('center_axis',(0.,0.,1.));
#9990=DIRECTION('ref_axis',(1.,0.,0.));
#9991=DIRECTION('',(1.,0.,0.));
#9992=DIRECTION('',(1.,0.,0.));
#9993=DIRECTION('',(0.,1.,0.));
#9994=DIRECTION('center_axis',(1.,0.,0.));
#9995=DIRECTION('ref_axis',(0.,0.,-1.));
#9996=DIRECTION('',(0.,0.,-1.));
#9997=DIRECTION('',(0.,0.,-1.));
#9998=DIRECTION('center_axis',(0.,0.,-1.));
#9999=DIRECTION('ref_axis',(-1.,0.,0.));
#10000=DIRECTION('',(-1.,0.,0.));
#10001=DIRECTION('',(0.,1.,0.));
#10002=DIRECTION('',(-1.,0.,0.));
#10003=DIRECTION('',(0.,1.,0.));
#10004=DIRECTION('center_axis',(-1.,0.,0.));
#10005=DIRECTION('ref_axis',(0.,0.,1.));
#10006=DIRECTION('',(0.,0.,1.));
#10007=DIRECTION('',(0.,0.,1.));
#10008=DIRECTION('',(0.,1.,0.));
#10009=DIRECTION('center_axis',(0.,0.,1.));
#10010=DIRECTION('ref_axis',(1.,0.,0.));
#10011=DIRECTION('',(1.,0.,0.));
#10012=DIRECTION('',(1.,0.,0.));
#10013=DIRECTION('',(0.,1.,0.));
#10014=DIRECTION('center_axis',(1.,0.,0.));
#10015=DIRECTION('ref_axis',(0.,0.,-1.));
#10016=DIRECTION('',(0.,0.,-1.));
#10017=DIRECTION('',(0.,0.,-1.));
#10018=DIRECTION('center_axis',(0.,0.,-1.));
#10019=DIRECTION('ref_axis',(-1.,0.,0.));
#10020=DIRECTION('',(-1.,0.,0.));
#10021=DIRECTION('',(0.,1.,0.));
#10022=DIRECTION('',(-1.,0.,0.));
#10023=DIRECTION('',(0.,1.,0.));
#10024=DIRECTION('center_axis',(-1.,0.,0.));
#10025=DIRECTION('ref_axis',(0.,0.,1.));
#10026=DIRECTION('',(0.,0.,1.));
#10027=DIRECTION('',(0.,0.,1.));
#10028=DIRECTION('',(0.,1.,0.));
#10029=DIRECTION('center_axis',(0.,0.,1.));
#10030=DIRECTION('ref_axis',(1.,0.,0.));
#10031=DIRECTION('',(1.,0.,0.));
#10032=DIRECTION('',(1.,0.,0.));
#10033=DIRECTION('',(0.,1.,0.));
#10034=DIRECTION('center_axis',(1.,0.,0.));
#10035=DIRECTION('ref_axis',(0.,0.,-1.));
#10036=DIRECTION('',(0.,0.,-1.));
#10037=DIRECTION('',(0.,0.,-1.));
#10038=DIRECTION('center_axis',(0.,0.,-1.));
#10039=DIRECTION('ref_axis',(-1.,0.,0.));
#10040=DIRECTION('',(-1.,0.,0.));
#10041=DIRECTION('',(0.,1.,0.));
#10042=DIRECTION('',(-1.,0.,0.));
#10043=DIRECTION('',(0.,1.,0.));
#10044=DIRECTION('center_axis',(-1.,0.,0.));
#10045=DIRECTION('ref_axis',(0.,0.,1.));
#10046=DIRECTION('',(0.,0.,1.));
#10047=DIRECTION('',(0.,0.,1.));
#10048=DIRECTION('',(0.,1.,0.));
#10049=DIRECTION('center_axis',(0.,0.,1.));
#10050=DIRECTION('ref_axis',(1.,0.,0.));
#10051=DIRECTION('',(1.,0.,0.));
#10052=DIRECTION('',(1.,0.,0.));
#10053=DIRECTION('',(0.,1.,0.));
#10054=DIRECTION('center_axis',(1.,0.,0.));
#10055=DIRECTION('ref_axis',(0.,0.,-1.));
#10056=DIRECTION('',(0.,0.,-1.));
#10057=DIRECTION('',(0.,0.,-1.));
#10058=DIRECTION('center_axis',(0.,0.,-1.));
#10059=DIRECTION('ref_axis',(-1.,0.,0.));
#10060=DIRECTION('',(-1.,0.,0.));
#10061=DIRECTION('',(0.,1.,0.));
#10062=DIRECTION('',(-1.,0.,0.));
#10063=DIRECTION('',(0.,1.,0.));
#10064=DIRECTION('center_axis',(-1.,0.,0.));
#10065=DIRECTION('ref_axis',(0.,0.,1.));
#10066=DIRECTION('',(0.,0.,1.));
#10067=DIRECTION('',(0.,0.,1.));
#10068=DIRECTION('',(0.,1.,0.));
#10069=DIRECTION('center_axis',(0.,0.,1.));
#10070=DIRECTION('ref_axis',(1.,0.,0.));
#10071=DIRECTION('',(1.,0.,0.));
#10072=DIRECTION('',(1.,0.,0.));
#10073=DIRECTION('',(0.,1.,0.));
#10074=DIRECTION('center_axis',(1.,0.,0.));
#10075=DIRECTION('ref_axis',(0.,0.,-1.));
#10076=DIRECTION('',(0.,0.,-1.));
#10077=DIRECTION('',(0.,0.,-1.));
#10078=DIRECTION('center_axis',(0.,0.,-1.));
#10079=DIRECTION('ref_axis',(-1.,0.,0.));
#10080=DIRECTION('',(-1.,0.,0.));
#10081=DIRECTION('',(0.,1.,0.));
#10082=DIRECTION('',(-1.,0.,0.));
#10083=DIRECTION('',(0.,1.,0.));
#10084=DIRECTION('center_axis',(-1.,0.,0.));
#10085=DIRECTION('ref_axis',(0.,0.,1.));
#10086=DIRECTION('',(0.,0.,1.));
#10087=DIRECTION('',(0.,0.,1.));
#10088=DIRECTION('',(0.,1.,0.));
#10089=DIRECTION('center_axis',(0.,0.,1.));
#10090=DIRECTION('ref_axis',(1.,0.,0.));
#10091=DIRECTION('',(1.,0.,0.));
#10092=DIRECTION('',(1.,0.,0.));
#10093=DIRECTION('',(0.,1.,0.));
#10094=DIRECTION('center_axis',(1.,0.,0.));
#10095=DIRECTION('ref_axis',(0.,0.,-1.));
#10096=DIRECTION('',(0.,0.,-1.));
#10097=DIRECTION('',(0.,0.,-1.));
#10098=DIRECTION('center_axis',(0.,0.,-1.));
#10099=DIRECTION('ref_axis',(-1.,0.,0.));
#10100=DIRECTION('',(-1.,0.,0.));
#10101=DIRECTION('',(0.,1.,0.));
#10102=DIRECTION('',(-1.,0.,0.));
#10103=DIRECTION('',(0.,1.,0.));
#10104=DIRECTION('center_axis',(-1.,0.,0.));
#10105=DIRECTION('ref_axis',(0.,0.,1.));
#10106=DIRECTION('',(0.,0.,1.));
#10107=DIRECTION('',(0.,0.,1.));
#10108=DIRECTION('',(0.,1.,0.));
#10109=DIRECTION('center_axis',(0.,0.,1.));
#10110=DIRECTION('ref_axis',(1.,0.,0.));
#10111=DIRECTION('',(1.,0.,0.));
#10112=DIRECTION('',(1.,0.,0.));
#10113=DIRECTION('',(0.,1.,0.));
#10114=DIRECTION('center_axis',(1.,0.,0.));
#10115=DIRECTION('ref_axis',(0.,0.,-1.));
#10116=DIRECTION('',(0.,0.,-1.));
#10117=DIRECTION('',(0.,0.,-1.));
#10118=DIRECTION('center_axis',(0.,0.,-1.));
#10119=DIRECTION('ref_axis',(-1.,0.,0.));
#10120=DIRECTION('',(-1.,0.,0.));
#10121=DIRECTION('',(0.,1.,0.));
#10122=DIRECTION('',(-1.,0.,0.));
#10123=DIRECTION('',(0.,1.,0.));
#10124=DIRECTION('center_axis',(-1.,0.,0.));
#10125=DIRECTION('ref_axis',(0.,0.,1.));
#10126=DIRECTION('',(0.,0.,1.));
#10127=DIRECTION('',(0.,0.,1.));
#10128=DIRECTION('',(0.,1.,0.));
#10129=DIRECTION('center_axis',(0.,0.,1.));
#10130=DIRECTION('ref_axis',(1.,0.,0.));
#10131=DIRECTION('',(1.,0.,0.));
#10132=DIRECTION('',(1.,0.,0.));
#10133=DIRECTION('',(0.,1.,0.));
#10134=DIRECTION('center_axis',(1.,0.,0.));
#10135=DIRECTION('ref_axis',(0.,0.,-1.));
#10136=DIRECTION('',(0.,0.,-1.));
#10137=DIRECTION('',(0.,0.,-1.));
#10138=DIRECTION('center_axis',(0.,0.,-1.));
#10139=DIRECTION('ref_axis',(-1.,0.,0.));
#10140=DIRECTION('',(-1.,0.,0.));
#10141=DIRECTION('',(0.,1.,0.));
#10142=DIRECTION('',(-1.,0.,0.));
#10143=DIRECTION('',(0.,1.,0.));
#10144=DIRECTION('center_axis',(-1.,0.,0.));
#10145=DIRECTION('ref_axis',(0.,0.,1.));
#10146=DIRECTION('',(0.,0.,1.));
#10147=DIRECTION('',(0.,0.,1.));
#10148=DIRECTION('',(0.,1.,0.));
#10149=DIRECTION('center_axis',(0.,0.,1.));
#10150=DIRECTION('ref_axis',(1.,0.,0.));
#10151=DIRECTION('',(1.,0.,0.));
#10152=DIRECTION('',(1.,0.,0.));
#10153=DIRECTION('',(0.,1.,0.));
#10154=DIRECTION('center_axis',(1.,0.,0.));
#10155=DIRECTION('ref_axis',(0.,0.,-1.));
#10156=DIRECTION('',(0.,0.,-1.));
#10157=DIRECTION('',(0.,0.,-1.));
#10158=DIRECTION('center_axis',(0.,0.,-1.));
#10159=DIRECTION('ref_axis',(-1.,0.,0.));
#10160=DIRECTION('',(-1.,0.,0.));
#10161=DIRECTION('',(0.,1.,0.));
#10162=DIRECTION('',(-1.,0.,0.));
#10163=DIRECTION('',(0.,1.,0.));
#10164=DIRECTION('center_axis',(-1.,0.,0.));
#10165=DIRECTION('ref_axis',(0.,0.,1.));
#10166=DIRECTION('',(0.,0.,1.));
#10167=DIRECTION('',(0.,0.,1.));
#10168=DIRECTION('',(0.,1.,0.));
#10169=DIRECTION('center_axis',(0.,0.,1.));
#10170=DIRECTION('ref_axis',(1.,0.,0.));
#10171=DIRECTION('',(1.,0.,0.));
#10172=DIRECTION('',(1.,0.,0.));
#10173=DIRECTION('',(0.,1.,0.));
#10174=DIRECTION('center_axis',(1.,0.,0.));
#10175=DIRECTION('ref_axis',(0.,0.,-1.));
#10176=DIRECTION('',(0.,0.,-1.));
#10177=DIRECTION('',(0.,0.,-1.));
#10178=DIRECTION('center_axis',(0.,0.,-1.));
#10179=DIRECTION('ref_axis',(-1.,0.,0.));
#10180=DIRECTION('',(-1.,0.,0.));
#10181=DIRECTION('',(0.,1.,0.));
#10182=DIRECTION('',(-1.,0.,0.));
#10183=DIRECTION('',(0.,1.,0.));
#10184=DIRECTION('center_axis',(-1.,0.,0.));
#10185=DIRECTION('ref_axis',(0.,0.,1.));
#10186=DIRECTION('',(0.,0.,1.));
#10187=DIRECTION('',(0.,0.,1.));
#10188=DIRECTION('',(0.,1.,0.));
#10189=DIRECTION('center_axis',(0.,0.,1.));
#10190=DIRECTION('ref_axis',(1.,0.,0.));
#10191=DIRECTION('',(1.,0.,0.));
#10192=DIRECTION('',(1.,0.,0.));
#10193=DIRECTION('',(0.,1.,0.));
#10194=DIRECTION('center_axis',(1.,0.,0.));
#10195=DIRECTION('ref_axis',(0.,0.,-1.));
#10196=DIRECTION('',(0.,0.,-1.));
#10197=DIRECTION('',(0.,0.,-1.));
#10198=DIRECTION('center_axis',(0.,0.,-1.));
#10199=DIRECTION('ref_axis',(-1.,0.,0.));
#10200=DIRECTION('',(-1.,0.,0.));
#10201=DIRECTION('',(0.,1.,0.));
#10202=DIRECTION('',(-1.,0.,0.));
#10203=DIRECTION('',(0.,1.,0.));
#10204=DIRECTION('center_axis',(-1.,0.,0.));
#10205=DIRECTION('ref_axis',(0.,0.,1.));
#10206=DIRECTION('',(0.,0.,1.));
#10207=DIRECTION('',(0.,0.,1.));
#10208=DIRECTION('',(0.,1.,0.));
#10209=DIRECTION('center_axis',(0.,0.,1.));
#10210=DIRECTION('ref_axis',(1.,0.,0.));
#10211=DIRECTION('',(1.,0.,0.));
#10212=DIRECTION('',(1.,0.,0.));
#10213=DIRECTION('',(0.,1.,0.));
#10214=DIRECTION('center_axis',(1.,0.,0.));
#10215=DIRECTION('ref_axis',(0.,0.,-1.));
#10216=DIRECTION('',(0.,0.,-1.));
#10217=DIRECTION('',(0.,0.,-1.));
#10218=DIRECTION('center_axis',(0.,0.,-1.));
#10219=DIRECTION('ref_axis',(-1.,0.,0.));
#10220=DIRECTION('',(-1.,0.,0.));
#10221=DIRECTION('',(0.,1.,0.));
#10222=DIRECTION('',(-1.,0.,0.));
#10223=DIRECTION('',(0.,1.,0.));
#10224=DIRECTION('center_axis',(-1.,0.,0.));
#10225=DIRECTION('ref_axis',(0.,0.,1.));
#10226=DIRECTION('',(0.,0.,1.));
#10227=DIRECTION('',(0.,0.,1.));
#10228=DIRECTION('',(0.,1.,0.));
#10229=DIRECTION('center_axis',(0.,0.,1.));
#10230=DIRECTION('ref_axis',(1.,0.,0.));
#10231=DIRECTION('',(1.,0.,0.));
#10232=DIRECTION('',(1.,0.,0.));
#10233=DIRECTION('',(0.,1.,0.));
#10234=DIRECTION('center_axis',(1.,0.,0.));
#10235=DIRECTION('ref_axis',(0.,0.,-1.));
#10236=DIRECTION('',(0.,0.,-1.));
#10237=DIRECTION('',(0.,0.,-1.));
#10238=DIRECTION('center_axis',(0.,0.,-1.));
#10239=DIRECTION('ref_axis',(-1.,0.,0.));
#10240=DIRECTION('',(-1.,0.,0.));
#10241=DIRECTION('',(0.,1.,0.));
#10242=DIRECTION('',(-1.,0.,0.));
#10243=DIRECTION('',(0.,1.,0.));
#10244=DIRECTION('center_axis',(-1.,0.,0.));
#10245=DIRECTION('ref_axis',(0.,0.,1.));
#10246=DIRECTION('',(0.,0.,1.));
#10247=DIRECTION('',(0.,0.,1.));
#10248=DIRECTION('',(0.,1.,0.));
#10249=DIRECTION('center_axis',(0.,0.,1.));
#10250=DIRECTION('ref_axis',(1.,0.,0.));
#10251=DIRECTION('',(1.,0.,0.));
#10252=DIRECTION('',(1.,0.,0.));
#10253=DIRECTION('',(0.,1.,0.));
#10254=DIRECTION('center_axis',(1.,0.,0.));
#10255=DIRECTION('ref_axis',(0.,0.,-1.));
#10256=DIRECTION('',(0.,0.,-1.));
#10257=DIRECTION('',(0.,0.,-1.));
#10258=DIRECTION('center_axis',(0.,0.,-1.));
#10259=DIRECTION('ref_axis',(-1.,0.,0.));
#10260=DIRECTION('',(-1.,0.,0.));
#10261=DIRECTION('',(0.,1.,0.));
#10262=DIRECTION('',(-1.,0.,0.));
#10263=DIRECTION('',(0.,1.,0.));
#10264=DIRECTION('center_axis',(-1.,0.,0.));
#10265=DIRECTION('ref_axis',(0.,0.,1.));
#10266=DIRECTION('',(0.,0.,1.));
#10267=DIRECTION('',(0.,0.,1.));
#10268=DIRECTION('',(0.,1.,0.));
#10269=DIRECTION('center_axis',(0.,0.,1.));
#10270=DIRECTION('ref_axis',(1.,0.,0.));
#10271=DIRECTION('',(1.,0.,0.));
#10272=DIRECTION('',(1.,0.,0.));
#10273=DIRECTION('',(0.,1.,0.));
#10274=DIRECTION('center_axis',(1.,0.,0.));
#10275=DIRECTION('ref_axis',(0.,0.,-1.));
#10276=DIRECTION('',(0.,0.,-1.));
#10277=DIRECTION('',(0.,0.,-1.));
#10278=DIRECTION('center_axis',(0.,0.,-1.));
#10279=DIRECTION('ref_axis',(-1.,0.,0.));
#10280=DIRECTION('',(-1.,0.,0.));
#10281=DIRECTION('',(0.,1.,0.));
#10282=DIRECTION('',(-1.,0.,0.));
#10283=DIRECTION('',(0.,1.,0.));
#10284=DIRECTION('center_axis',(-1.,0.,0.));
#10285=DIRECTION('ref_axis',(0.,0.,1.));
#10286=DIRECTION('',(0.,0.,1.));
#10287=DIRECTION('',(0.,0.,1.));
#10288=DIRECTION('',(0.,1.,0.));
#10289=DIRECTION('center_axis',(0.,0.,1.));
#10290=DIRECTION('ref_axis',(1.,0.,0.));
#10291=DIRECTION('',(1.,0.,0.));
#10292=DIRECTION('',(1.,0.,0.));
#10293=DIRECTION('',(0.,1.,0.));
#10294=DIRECTION('center_axis',(1.,0.,0.));
#10295=DIRECTION('ref_axis',(0.,0.,-1.));
#10296=DIRECTION('',(0.,0.,-1.));
#10297=DIRECTION('',(0.,0.,-1.));
#10298=DIRECTION('center_axis',(0.,0.,-1.));
#10299=DIRECTION('ref_axis',(-1.,0.,0.));
#10300=DIRECTION('',(-1.,0.,0.));
#10301=DIRECTION('',(0.,1.,0.));
#10302=DIRECTION('',(-1.,0.,0.));
#10303=DIRECTION('',(0.,1.,0.));
#10304=DIRECTION('center_axis',(-1.,0.,0.));
#10305=DIRECTION('ref_axis',(0.,0.,1.));
#10306=DIRECTION('',(0.,0.,1.));
#10307=DIRECTION('',(0.,0.,1.));
#10308=DIRECTION('',(0.,1.,0.));
#10309=DIRECTION('center_axis',(0.,0.,1.));
#10310=DIRECTION('ref_axis',(1.,0.,0.));
#10311=DIRECTION('',(1.,0.,0.));
#10312=DIRECTION('',(1.,0.,0.));
#10313=DIRECTION('',(0.,1.,0.));
#10314=DIRECTION('center_axis',(1.,0.,0.));
#10315=DIRECTION('ref_axis',(0.,0.,-1.));
#10316=DIRECTION('',(0.,0.,-1.));
#10317=DIRECTION('',(0.,0.,-1.));
#10318=DIRECTION('center_axis',(0.,0.,-1.));
#10319=DIRECTION('ref_axis',(-1.,0.,0.));
#10320=DIRECTION('',(-1.,0.,0.));
#10321=DIRECTION('',(0.,1.,0.));
#10322=DIRECTION('',(-1.,0.,0.));
#10323=DIRECTION('',(0.,1.,0.));
#10324=DIRECTION('center_axis',(-1.,0.,0.));
#10325=DIRECTION('ref_axis',(0.,0.,1.));
#10326=DIRECTION('',(0.,0.,1.));
#10327=DIRECTION('',(0.,0.,1.));
#10328=DIRECTION('',(0.,1.,0.));
#10329=DIRECTION('center_axis',(0.,0.,1.));
#10330=DIRECTION('ref_axis',(1.,0.,0.));
#10331=DIRECTION('',(1.,0.,0.));
#10332=DIRECTION('',(1.,0.,0.));
#10333=DIRECTION('',(0.,1.,0.));
#10334=DIRECTION('center_axis',(1.,0.,0.));
#10335=DIRECTION('ref_axis',(0.,0.,-1.));
#10336=DIRECTION('',(0.,0.,-1.));
#10337=DIRECTION('',(0.,0.,-1.));
#10338=DIRECTION('center_axis',(0.,0.,-1.));
#10339=DIRECTION('ref_axis',(-1.,0.,0.));
#10340=DIRECTION('',(-1.,0.,0.));
#10341=DIRECTION('',(0.,1.,0.));
#10342=DIRECTION('',(-1.,0.,0.));
#10343=DIRECTION('',(0.,1.,0.));
#10344=DIRECTION('center_axis',(-1.,0.,0.));
#10345=DIRECTION('ref_axis',(0.,0.,1.));
#10346=DIRECTION('',(0.,0.,1.));
#10347=DIRECTION('',(0.,0.,1.));
#10348=DIRECTION('',(0.,1.,0.));
#10349=DIRECTION('center_axis',(0.,0.,1.));
#10350=DIRECTION('ref_axis',(1.,0.,0.));
#10351=DIRECTION('',(1.,0.,0.));
#10352=DIRECTION('',(1.,0.,0.));
#10353=DIRECTION('',(0.,1.,0.));
#10354=DIRECTION('center_axis',(1.,0.,0.));
#10355=DIRECTION('ref_axis',(0.,0.,-1.));
#10356=DIRECTION('',(0.,0.,-1.));
#10357=DIRECTION('',(0.,0.,-1.));
#10358=DIRECTION('center_axis',(0.,0.,-1.));
#10359=DIRECTION('ref_axis',(-1.,0.,0.));
#10360=DIRECTION('',(-1.,0.,0.));
#10361=DIRECTION('',(0.,1.,0.));
#10362=DIRECTION('',(-1.,0.,0.));
#10363=DIRECTION('',(0.,1.,0.));
#10364=DIRECTION('center_axis',(-1.,0.,0.));
#10365=DIRECTION('ref_axis',(0.,0.,1.));
#10366=DIRECTION('',(0.,0.,1.));
#10367=DIRECTION('',(0.,0.,1.));
#10368=DIRECTION('',(0.,1.,0.));
#10369=DIRECTION('center_axis',(0.,0.,1.));
#10370=DIRECTION('ref_axis',(1.,0.,0.));
#10371=DIRECTION('',(1.,0.,0.));
#10372=DIRECTION('',(1.,0.,0.));
#10373=DIRECTION('',(0.,1.,0.));
#10374=DIRECTION('center_axis',(1.,0.,0.));
#10375=DIRECTION('ref_axis',(0.,0.,-1.));
#10376=DIRECTION('',(0.,0.,-1.));
#10377=DIRECTION('',(0.,0.,-1.));
#10378=DIRECTION('center_axis',(0.,0.,-1.));
#10379=DIRECTION('ref_axis',(-1.,0.,0.));
#10380=DIRECTION('',(-1.,0.,0.));
#10381=DIRECTION('',(0.,1.,0.));
#10382=DIRECTION('',(-1.,0.,0.));
#10383=DIRECTION('',(0.,1.,0.));
#10384=DIRECTION('center_axis',(-1.,0.,0.));
#10385=DIRECTION('ref_axis',(0.,0.,1.));
#10386=DIRECTION('',(0.,0.,1.));
#10387=DIRECTION('',(0.,0.,1.));
#10388=DIRECTION('',(0.,1.,0.));
#10389=DIRECTION('center_axis',(0.,0.,1.));
#10390=DIRECTION('ref_axis',(1.,0.,0.));
#10391=DIRECTION('',(1.,0.,0.));
#10392=DIRECTION('',(1.,0.,0.));
#10393=DIRECTION('',(0.,1.,0.));
#10394=DIRECTION('center_axis',(1.,0.,0.));
#10395=DIRECTION('ref_axis',(0.,0.,-1.));
#10396=DIRECTION('',(0.,0.,-1.));
#10397=DIRECTION('',(0.,0.,-1.));
#10398=DIRECTION('center_axis',(0.,0.,-1.));
#10399=DIRECTION('ref_axis',(-1.,0.,0.));
#10400=DIRECTION('',(-1.,0.,0.));
#10401=DIRECTION('',(0.,1.,0.));
#10402=DIRECTION('',(-1.,0.,0.));
#10403=DIRECTION('',(0.,1.,0.));
#10404=DIRECTION('center_axis',(-1.,0.,0.));
#10405=DIRECTION('ref_axis',(0.,0.,1.));
#10406=DIRECTION('',(0.,0.,1.));
#10407=DIRECTION('',(0.,0.,1.));
#10408=DIRECTION('',(0.,1.,0.));
#10409=DIRECTION('center_axis',(0.,0.,1.));
#10410=DIRECTION('ref_axis',(1.,0.,0.));
#10411=DIRECTION('',(1.,0.,0.));
#10412=DIRECTION('',(1.,0.,0.));
#10413=DIRECTION('',(0.,1.,0.));
#10414=DIRECTION('center_axis',(1.,0.,0.));
#10415=DIRECTION('ref_axis',(0.,0.,-1.));
#10416=DIRECTION('',(0.,0.,-1.));
#10417=DIRECTION('',(0.,0.,-1.));
#10418=DIRECTION('center_axis',(0.,0.,-1.));
#10419=DIRECTION('ref_axis',(-1.,0.,0.));
#10420=DIRECTION('',(-1.,0.,0.));
#10421=DIRECTION('',(0.,1.,0.));
#10422=DIRECTION('',(-1.,0.,0.));
#10423=DIRECTION('',(0.,1.,0.));
#10424=DIRECTION('center_axis',(-1.,0.,0.));
#10425=DIRECTION('ref_axis',(0.,0.,1.));
#10426=DIRECTION('',(0.,0.,1.));
#10427=DIRECTION('',(0.,0.,1.));
#10428=DIRECTION('',(0.,1.,0.));
#10429=DIRECTION('center_axis',(0.,0.,1.));
#10430=DIRECTION('ref_axis',(1.,0.,0.));
#10431=DIRECTION('',(1.,0.,0.));
#10432=DIRECTION('',(1.,0.,0.));
#10433=DIRECTION('',(0.,1.,0.));
#10434=DIRECTION('center_axis',(1.,0.,0.));
#10435=DIRECTION('ref_axis',(0.,0.,-1.));
#10436=DIRECTION('',(0.,0.,-1.));
#10437=DIRECTION('',(0.,0.,-1.));
#10438=DIRECTION('center_axis',(0.,0.,-1.));
#10439=DIRECTION('ref_axis',(-1.,0.,0.));
#10440=DIRECTION('',(-1.,0.,0.));
#10441=DIRECTION('',(0.,1.,0.));
#10442=DIRECTION('',(-1.,0.,0.));
#10443=DIRECTION('',(0.,1.,0.));
#10444=DIRECTION('center_axis',(-1.,0.,0.));
#10445=DIRECTION('ref_axis',(0.,0.,1.));
#10446=DIRECTION('',(0.,0.,1.));
#10447=DIRECTION('',(0.,0.,1.));
#10448=DIRECTION('',(0.,1.,0.));
#10449=DIRECTION('center_axis',(0.,0.,1.));
#10450=DIRECTION('ref_axis',(1.,0.,0.));
#10451=DIRECTION('',(1.,0.,0.));
#10452=DIRECTION('',(1.,0.,0.));
#10453=DIRECTION('',(0.,1.,0.));
#10454=DIRECTION('center_axis',(1.,0.,0.));
#10455=DIRECTION('ref_axis',(0.,0.,-1.));
#10456=DIRECTION('',(0.,0.,-1.));
#10457=DIRECTION('',(0.,0.,-1.));
#10458=DIRECTION('center_axis',(0.,0.,-1.));
#10459=DIRECTION('ref_axis',(-1.,0.,0.));
#10460=DIRECTION('',(-1.,0.,0.));
#10461=DIRECTION('',(0.,1.,0.));
#10462=DIRECTION('',(-1.,0.,0.));
#10463=DIRECTION('',(0.,1.,0.));
#10464=DIRECTION('center_axis',(-1.,0.,0.));
#10465=DIRECTION('ref_axis',(0.,0.,1.));
#10466=DIRECTION('',(0.,0.,1.));
#10467=DIRECTION('',(0.,0.,1.));
#10468=DIRECTION('',(0.,1.,0.));
#10469=DIRECTION('center_axis',(0.,0.,1.));
#10470=DIRECTION('ref_axis',(1.,0.,0.));
#10471=DIRECTION('',(1.,0.,0.));
#10472=DIRECTION('',(1.,0.,0.));
#10473=DIRECTION('',(0.,1.,0.));
#10474=DIRECTION('center_axis',(1.,0.,0.));
#10475=DIRECTION('ref_axis',(0.,0.,-1.));
#10476=DIRECTION('',(0.,0.,-1.));
#10477=DIRECTION('',(0.,0.,-1.));
#10478=DIRECTION('center_axis',(0.,0.,-1.));
#10479=DIRECTION('ref_axis',(-1.,0.,0.));
#10480=DIRECTION('',(-1.,0.,0.));
#10481=DIRECTION('',(0.,1.,0.));
#10482=DIRECTION('',(-1.,0.,0.));
#10483=DIRECTION('',(0.,1.,0.));
#10484=DIRECTION('center_axis',(-1.,0.,0.));
#10485=DIRECTION('ref_axis',(0.,0.,1.));
#10486=DIRECTION('',(0.,0.,1.));
#10487=DIRECTION('',(0.,0.,1.));
#10488=DIRECTION('',(0.,1.,0.));
#10489=DIRECTION('center_axis',(0.,0.,1.));
#10490=DIRECTION('ref_axis',(1.,0.,0.));
#10491=DIRECTION('',(1.,0.,0.));
#10492=DIRECTION('',(1.,0.,0.));
#10493=DIRECTION('',(0.,1.,0.));
#10494=DIRECTION('center_axis',(1.,0.,0.));
#10495=DIRECTION('ref_axis',(0.,0.,-1.));
#10496=DIRECTION('',(0.,0.,-1.));
#10497=DIRECTION('',(0.,0.,-1.));
#10498=DIRECTION('center_axis',(0.,0.,-1.));
#10499=DIRECTION('ref_axis',(-1.,0.,0.));
#10500=DIRECTION('',(-1.,0.,0.));
#10501=DIRECTION('',(0.,1.,0.));
#10502=DIRECTION('',(-1.,0.,0.));
#10503=DIRECTION('',(0.,1.,0.));
#10504=DIRECTION('center_axis',(-1.,0.,0.));
#10505=DIRECTION('ref_axis',(0.,0.,1.));
#10506=DIRECTION('',(0.,0.,1.));
#10507=DIRECTION('',(0.,0.,1.));
#10508=DIRECTION('',(0.,1.,0.));
#10509=DIRECTION('center_axis',(0.,0.,1.));
#10510=DIRECTION('ref_axis',(1.,0.,0.));
#10511=DIRECTION('',(1.,0.,0.));
#10512=DIRECTION('',(1.,0.,0.));
#10513=DIRECTION('',(0.,1.,0.));
#10514=DIRECTION('center_axis',(1.,0.,0.));
#10515=DIRECTION('ref_axis',(0.,0.,-1.));
#10516=DIRECTION('',(0.,0.,-1.));
#10517=DIRECTION('',(0.,0.,-1.));
#10518=DIRECTION('center_axis',(0.,0.,-1.));
#10519=DIRECTION('ref_axis',(-1.,0.,0.));
#10520=DIRECTION('',(-1.,0.,0.));
#10521=DIRECTION('',(0.,1.,0.));
#10522=DIRECTION('',(-1.,0.,0.));
#10523=DIRECTION('',(0.,1.,0.));
#10524=DIRECTION('center_axis',(-1.,0.,0.));
#10525=DIRECTION('ref_axis',(0.,0.,1.));
#10526=DIRECTION('',(0.,0.,1.));
#10527=DIRECTION('',(0.,0.,1.));
#10528=DIRECTION('',(0.,1.,0.));
#10529=DIRECTION('center_axis',(0.,0.,1.));
#10530=DIRECTION('ref_axis',(1.,0.,0.));
#10531=DIRECTION('',(1.,0.,0.));
#10532=DIRECTION('',(1.,0.,0.));
#10533=DIRECTION('',(0.,1.,0.));
#10534=DIRECTION('center_axis',(1.,0.,0.));
#10535=DIRECTION('ref_axis',(0.,0.,-1.));
#10536=DIRECTION('',(0.,0.,-1.));
#10537=DIRECTION('',(0.,0.,-1.));
#10538=DIRECTION('center_axis',(0.,0.,-1.));
#10539=DIRECTION('ref_axis',(-1.,0.,0.));
#10540=DIRECTION('',(-1.,0.,0.));
#10541=DIRECTION('',(0.,1.,0.));
#10542=DIRECTION('',(-1.,0.,0.));
#10543=DIRECTION('',(0.,1.,0.));
#10544=DIRECTION('center_axis',(-1.,0.,0.));
#10545=DIRECTION('ref_axis',(0.,0.,1.));
#10546=DIRECTION('',(0.,0.,1.));
#10547=DIRECTION('',(0.,0.,1.));
#10548=DIRECTION('',(0.,1.,0.));
#10549=DIRECTION('center_axis',(0.,0.,1.));
#10550=DIRECTION('ref_axis',(1.,0.,0.));
#10551=DIRECTION('',(1.,0.,0.));
#10552=DIRECTION('',(1.,0.,0.));
#10553=DIRECTION('',(0.,1.,0.));
#10554=DIRECTION('center_axis',(1.,0.,0.));
#10555=DIRECTION('ref_axis',(0.,0.,-1.));
#10556=DIRECTION('',(0.,0.,-1.));
#10557=DIRECTION('',(0.,0.,-1.));
#10558=DIRECTION('center_axis',(0.,0.,-1.));
#10559=DIRECTION('ref_axis',(-1.,0.,0.));
#10560=DIRECTION('',(-1.,0.,0.));
#10561=DIRECTION('',(0.,1.,0.));
#10562=DIRECTION('',(-1.,0.,0.));
#10563=DIRECTION('',(0.,1.,0.));
#10564=DIRECTION('center_axis',(-1.,0.,0.));
#10565=DIRECTION('ref_axis',(0.,0.,1.));
#10566=DIRECTION('',(0.,0.,1.));
#10567=DIRECTION('',(0.,0.,1.));
#10568=DIRECTION('',(0.,1.,0.));
#10569=DIRECTION('center_axis',(0.,0.,1.));
#10570=DIRECTION('ref_axis',(1.,0.,0.));
#10571=DIRECTION('',(1.,0.,0.));
#10572=DIRECTION('',(1.,0.,0.));
#10573=DIRECTION('',(0.,1.,0.));
#10574=DIRECTION('center_axis',(1.,0.,0.));
#10575=DIRECTION('ref_axis',(0.,0.,-1.));
#10576=DIRECTION('',(0.,0.,-1.));
#10577=DIRECTION('',(0.,0.,-1.));
#10578=DIRECTION('center_axis',(0.,0.,-1.));
#10579=DIRECTION('ref_axis',(-1.,0.,0.));
#10580=DIRECTION('',(-1.,0.,0.));
#10581=DIRECTION('',(0.,1.,0.));
#10582=DIRECTION('',(-1.,0.,0.));
#10583=DIRECTION('',(0.,1.,0.));
#10584=DIRECTION('center_axis',(-1.,0.,0.));
#10585=DIRECTION('ref_axis',(0.,0.,1.));
#10586=DIRECTION('',(0.,0.,1.));
#10587=DIRECTION('',(0.,0.,1.));
#10588=DIRECTION('',(0.,1.,0.));
#10589=DIRECTION('center_axis',(0.,0.,1.));
#10590=DIRECTION('ref_axis',(1.,0.,0.));
#10591=DIRECTION('',(1.,0.,0.));
#10592=DIRECTION('',(1.,0.,0.));
#10593=DIRECTION('',(0.,1.,0.));
#10594=DIRECTION('center_axis',(1.,0.,0.));
#10595=DIRECTION('ref_axis',(0.,0.,-1.));
#10596=DIRECTION('',(0.,0.,-1.));
#10597=DIRECTION('',(0.,0.,-1.));
#10598=DIRECTION('center_axis',(0.,0.,-1.));
#10599=DIRECTION('ref_axis',(-1.,0.,0.));
#10600=DIRECTION('',(-1.,0.,0.));
#10601=DIRECTION('',(0.,1.,0.));
#10602=DIRECTION('',(-1.,0.,0.));
#10603=DIRECTION('',(0.,1.,0.));
#10604=DIRECTION('center_axis',(-1.,0.,0.));
#10605=DIRECTION('ref_axis',(0.,0.,1.));
#10606=DIRECTION('',(0.,0.,1.));
#10607=DIRECTION('',(0.,0.,1.));
#10608=DIRECTION('',(0.,1.,0.));
#10609=DIRECTION('center_axis',(0.,0.,1.));
#10610=DIRECTION('ref_axis',(1.,0.,0.));
#10611=DIRECTION('',(1.,0.,0.));
#10612=DIRECTION('',(1.,0.,0.));
#10613=DIRECTION('',(0.,1.,0.));
#10614=DIRECTION('center_axis',(1.,0.,0.));
#10615=DIRECTION('ref_axis',(0.,0.,-1.));
#10616=DIRECTION('',(0.,0.,-1.));
#10617=DIRECTION('',(0.,0.,-1.));
#10618=DIRECTION('center_axis',(0.,0.,-1.));
#10619=DIRECTION('ref_axis',(-1.,0.,0.));
#10620=DIRECTION('',(-1.,0.,0.));
#10621=DIRECTION('',(0.,1.,0.));
#10622=DIRECTION('',(-1.,0.,0.));
#10623=DIRECTION('',(0.,1.,0.));
#10624=DIRECTION('center_axis',(-1.,0.,0.));
#10625=DIRECTION('ref_axis',(0.,0.,1.));
#10626=DIRECTION('',(0.,0.,1.));
#10627=DIRECTION('',(0.,0.,1.));
#10628=DIRECTION('',(0.,1.,0.));
#10629=DIRECTION('center_axis',(0.,0.,1.));
#10630=DIRECTION('ref_axis',(1.,0.,0.));
#10631=DIRECTION('',(1.,0.,0.));
#10632=DIRECTION('',(1.,0.,0.));
#10633=DIRECTION('',(0.,1.,0.));
#10634=DIRECTION('center_axis',(1.,0.,0.));
#10635=DIRECTION('ref_axis',(0.,0.,-1.));
#10636=DIRECTION('',(0.,0.,-1.));
#10637=DIRECTION('',(0.,0.,-1.));
#10638=DIRECTION('center_axis',(0.,0.,-1.));
#10639=DIRECTION('ref_axis',(-1.,0.,0.));
#10640=DIRECTION('',(-1.,0.,0.));
#10641=DIRECTION('',(0.,1.,0.));
#10642=DIRECTION('',(-1.,0.,0.));
#10643=DIRECTION('',(0.,1.,0.));
#10644=DIRECTION('center_axis',(-1.,0.,0.));
#10645=DIRECTION('ref_axis',(0.,0.,1.));
#10646=DIRECTION('',(0.,0.,1.));
#10647=DIRECTION('',(0.,0.,1.));
#10648=DIRECTION('',(0.,1.,0.));
#10649=DIRECTION('center_axis',(0.,0.,1.));
#10650=DIRECTION('ref_axis',(1.,0.,0.));
#10651=DIRECTION('',(1.,0.,0.));
#10652=DIRECTION('',(1.,0.,0.));
#10653=DIRECTION('',(0.,1.,0.));
#10654=DIRECTION('center_axis',(1.,0.,0.));
#10655=DIRECTION('ref_axis',(0.,0.,-1.));
#10656=DIRECTION('',(0.,0.,-1.));
#10657=DIRECTION('',(0.,0.,-1.));
#10658=DIRECTION('center_axis',(0.,0.,-1.));
#10659=DIRECTION('ref_axis',(-1.,0.,0.));
#10660=DIRECTION('',(-1.,0.,0.));
#10661=DIRECTION('',(0.,1.,0.));
#10662=DIRECTION('',(-1.,0.,0.));
#10663=DIRECTION('',(0.,1.,0.));
#10664=DIRECTION('center_axis',(-1.,0.,0.));
#10665=DIRECTION('ref_axis',(0.,0.,1.));
#10666=DIRECTION('',(0.,0.,1.));
#10667=DIRECTION('',(0.,0.,1.));
#10668=DIRECTION('',(0.,1.,0.));
#10669=DIRECTION('center_axis',(0.,0.,1.));
#10670=DIRECTION('ref_axis',(1.,0.,0.));
#10671=DIRECTION('',(1.,0.,0.));
#10672=DIRECTION('',(1.,0.,0.));
#10673=DIRECTION('',(0.,1.,0.));
#10674=DIRECTION('center_axis',(1.,0.,0.));
#10675=DIRECTION('ref_axis',(0.,0.,-1.));
#10676=DIRECTION('',(0.,0.,-1.));
#10677=DIRECTION('',(0.,0.,-1.));
#10678=DIRECTION('center_axis',(0.,0.,-1.));
#10679=DIRECTION('ref_axis',(-1.,0.,0.));
#10680=DIRECTION('',(-1.,0.,0.));
#10681=DIRECTION('',(0.,1.,0.));
#10682=DIRECTION('',(-1.,0.,0.));
#10683=DIRECTION('',(0.,1.,0.));
#10684=DIRECTION('center_axis',(-1.,0.,0.));
#10685=DIRECTION('ref_axis',(0.,0.,1.));
#10686=DIRECTION('',(0.,0.,1.));
#10687=DIRECTION('',(0.,0.,1.));
#10688=DIRECTION('',(0.,1.,0.));
#10689=DIRECTION('center_axis',(0.,0.,1.));
#10690=DIRECTION('ref_axis',(1.,0.,0.));
#10691=DIRECTION('',(1.,0.,0.));
#10692=DIRECTION('',(1.,0.,0.));
#10693=DIRECTION('',(0.,1.,0.));
#10694=DIRECTION('center_axis',(1.,0.,0.));
#10695=DIRECTION('ref_axis',(0.,0.,-1.));
#10696=DIRECTION('',(0.,0.,-1.));
#10697=DIRECTION('',(0.,0.,-1.));
#10698=DIRECTION('center_axis',(0.,0.,-1.));
#10699=DIRECTION('ref_axis',(-1.,0.,0.));
#10700=DIRECTION('',(-1.,0.,0.));
#10701=DIRECTION('',(0.,1.,0.));
#10702=DIRECTION('',(-1.,0.,0.));
#10703=DIRECTION('',(0.,1.,0.));
#10704=DIRECTION('center_axis',(-1.,0.,0.));
#10705=DIRECTION('ref_axis',(0.,0.,1.));
#10706=DIRECTION('',(0.,0.,1.));
#10707=DIRECTION('',(0.,0.,1.));
#10708=DIRECTION('',(0.,1.,0.));
#10709=DIRECTION('center_axis',(0.,0.,1.));
#10710=DIRECTION('ref_axis',(1.,0.,0.));
#10711=DIRECTION('',(1.,0.,0.));
#10712=DIRECTION('',(1.,0.,0.));
#10713=DIRECTION('',(0.,1.,0.));
#10714=DIRECTION('center_axis',(1.,0.,0.));
#10715=DIRECTION('ref_axis',(0.,0.,-1.));
#10716=DIRECTION('',(0.,0.,-1.));
#10717=DIRECTION('',(0.,0.,-1.));
#10718=DIRECTION('center_axis',(0.,0.,-1.));
#10719=DIRECTION('ref_axis',(-1.,0.,0.));
#10720=DIRECTION('',(-1.,0.,0.));
#10721=DIRECTION('',(0.,1.,0.));
#10722=DIRECTION('',(-1.,0.,0.));
#10723=DIRECTION('',(0.,1.,0.));
#10724=DIRECTION('center_axis',(-1.,0.,0.));
#10725=DIRECTION('ref_axis',(0.,0.,1.));
#10726=DIRECTION('',(0.,0.,1.));
#10727=DIRECTION('',(0.,0.,1.));
#10728=DIRECTION('',(0.,1.,0.));
#10729=DIRECTION('center_axis',(0.,0.,1.));
#10730=DIRECTION('ref_axis',(1.,0.,0.));
#10731=DIRECTION('',(1.,0.,0.));
#10732=DIRECTION('',(1.,0.,0.));
#10733=DIRECTION('',(0.,1.,0.));
#10734=DIRECTION('center_axis',(1.,0.,0.));
#10735=DIRECTION('ref_axis',(0.,0.,-1.));
#10736=DIRECTION('',(0.,0.,-1.));
#10737=DIRECTION('',(0.,0.,-1.));
#10738=DIRECTION('center_axis',(0.,0.,-1.));
#10739=DIRECTION('ref_axis',(-1.,0.,0.));
#10740=DIRECTION('',(-1.,0.,0.));
#10741=DIRECTION('',(0.,1.,0.));
#10742=DIRECTION('',(-1.,0.,0.));
#10743=DIRECTION('',(0.,1.,0.));
#10744=DIRECTION('center_axis',(-1.,0.,0.));
#10745=DIRECTION('ref_axis',(0.,0.,1.));
#10746=DIRECTION('',(0.,0.,1.));
#10747=DIRECTION('',(0.,0.,1.));
#10748=DIRECTION('',(0.,1.,0.));
#10749=DIRECTION('center_axis',(0.,0.,1.));
#10750=DIRECTION('ref_axis',(1.,0.,0.));
#10751=DIRECTION('',(1.,0.,0.));
#10752=DIRECTION('',(1.,0.,0.));
#10753=DIRECTION('',(0.,1.,0.));
#10754=DIRECTION('center_axis',(1.,0.,0.));
#10755=DIRECTION('ref_axis',(0.,0.,-1.));
#10756=DIRECTION('',(0.,0.,-1.));
#10757=DIRECTION('',(0.,0.,-1.));
#10758=DIRECTION('center_axis',(0.,0.,-1.));
#10759=DIRECTION('ref_axis',(-1.,0.,0.));
#10760=DIRECTION('',(-1.,0.,0.));
#10761=DIRECTION('',(0.,1.,0.));
#10762=DIRECTION('',(-1.,0.,0.));
#10763=DIRECTION('',(0.,1.,0.));
#10764=DIRECTION('center_axis',(-1.,0.,0.));
#10765=DIRECTION('ref_axis',(0.,0.,1.));
#10766=DIRECTION('',(0.,0.,1.));
#10767=DIRECTION('',(0.,0.,1.));
#10768=DIRECTION('',(0.,1.,0.));
#10769=DIRECTION('center_axis',(0.,0.,1.));
#10770=DIRECTION('ref_axis',(1.,0.,0.));
#10771=DIRECTION('',(1.,0.,0.));
#10772=DIRECTION('',(1.,0.,0.));
#10773=DIRECTION('',(0.,1.,0.));
#10774=DIRECTION('center_axis',(1.,0.,0.));
#10775=DIRECTION('ref_axis',(0.,0.,-1.));
#10776=DIRECTION('',(0.,0.,-1.));
#10777=DIRECTION('',(0.,0.,-1.));
#10778=DIRECTION('center_axis',(0.,0.,-1.));
#10779=DIRECTION('ref_axis',(-1.,0.,0.));
#10780=DIRECTION('',(-1.,0.,0.));
#10781=DIRECTION('',(0.,1.,0.));
#10782=DIRECTION('',(-1.,0.,0.));
#10783=DIRECTION('',(0.,1.,0.));
#10784=DIRECTION('center_axis',(-1.,0.,0.));
#10785=DIRECTION('ref_axis',(0.,0.,1.));
#10786=DIRECTION('',(0.,0.,1.));
#10787=DIRECTION('',(0.,0.,1.));
#10788=DIRECTION('',(0.,1.,0.));
#10789=DIRECTION('center_axis',(0.,0.,1.));
#10790=DIRECTION('ref_axis',(1.,0.,0.));
#10791=DIRECTION('',(1.,0.,0.));
#10792=DIRECTION('',(1.,0.,0.));
#10793=DIRECTION('',(0.,1.,0.));
#10794=DIRECTION('center_axis',(1.,0.,0.));
#10795=DIRECTION('ref_axis',(0.,0.,-1.));
#10796=DIRECTION('',(0.,0.,-1.));
#10797=DIRECTION('',(0.,0.,-1.));
#10798=DIRECTION('center_axis',(0.,0.,-1.));
#10799=DIRECTION('ref_axis',(-1.,0.,0.));
#10800=DIRECTION('',(-1.,0.,0.));
#10801=DIRECTION('',(0.,1.,0.));
#10802=DIRECTION('',(-1.,0.,0.));
#10803=DIRECTION('',(0.,1.,0.));
#10804=DIRECTION('center_axis',(-1.,0.,0.));
#10805=DIRECTION('ref_axis',(0.,0.,1.));
#10806=DIRECTION('',(0.,0.,1.));
#10807=DIRECTION('',(0.,0.,1.));
#10808=DIRECTION('',(0.,1.,0.));
#10809=DIRECTION('center_axis',(0.,0.,1.));
#10810=DIRECTION('ref_axis',(1.,0.,0.));
#10811=DIRECTION('',(1.,0.,0.));
#10812=DIRECTION('',(1.,0.,0.));
#10813=DIRECTION('',(0.,1.,0.));
#10814=DIRECTION('center_axis',(1.,0.,0.));
#10815=DIRECTION('ref_axis',(0.,0.,-1.));
#10816=DIRECTION('',(0.,0.,-1.));
#10817=DIRECTION('',(0.,0.,-1.));
#10818=DIRECTION('center_axis',(0.,0.,-1.));
#10819=DIRECTION('ref_axis',(-1.,0.,0.));
#10820=DIRECTION('',(-1.,0.,0.));
#10821=DIRECTION('',(0.,1.,0.));
#10822=DIRECTION('',(-1.,0.,0.));
#10823=DIRECTION('',(0.,1.,0.));
#10824=DIRECTION('center_axis',(-1.,0.,0.));
#10825=DIRECTION('ref_axis',(0.,0.,1.));
#10826=DIRECTION('',(0.,0.,1.));
#10827=DIRECTION('',(0.,0.,1.));
#10828=DIRECTION('',(0.,1.,0.));
#10829=DIRECTION('center_axis',(0.,0.,1.));
#10830=DIRECTION('ref_axis',(1.,0.,0.));
#10831=DIRECTION('',(1.,0.,0.));
#10832=DIRECTION('',(1.,0.,0.));
#10833=DIRECTION('',(0.,1.,0.));
#10834=DIRECTION('center_axis',(1.,0.,0.));
#10835=DIRECTION('ref_axis',(0.,0.,-1.));
#10836=DIRECTION('',(0.,0.,-1.));
#10837=DIRECTION('',(0.,0.,-1.));
#10838=DIRECTION('center_axis',(0.,0.,-1.));
#10839=DIRECTION('ref_axis',(-1.,0.,0.));
#10840=DIRECTION('',(-1.,0.,0.));
#10841=DIRECTION('',(0.,1.,0.));
#10842=DIRECTION('',(-1.,0.,0.));
#10843=DIRECTION('',(0.,1.,0.));
#10844=DIRECTION('center_axis',(-1.,0.,0.));
#10845=DIRECTION('ref_axis',(0.,0.,1.));
#10846=DIRECTION('',(0.,0.,1.));
#10847=DIRECTION('',(0.,0.,1.));
#10848=DIRECTION('',(0.,1.,0.));
#10849=DIRECTION('center_axis',(0.,0.,1.));
#10850=DIRECTION('ref_axis',(1.,0.,0.));
#10851=DIRECTION('',(1.,0.,0.));
#10852=DIRECTION('',(1.,0.,0.));
#10853=DIRECTION('',(0.,1.,0.));
#10854=DIRECTION('center_axis',(1.,0.,0.));
#10855=DIRECTION('ref_axis',(0.,0.,-1.));
#10856=DIRECTION('',(0.,0.,-1.));
#10857=DIRECTION('',(0.,0.,-1.));
#10858=DIRECTION('center_axis',(0.,0.,-1.));
#10859=DIRECTION('ref_axis',(-1.,0.,0.));
#10860=DIRECTION('',(-1.,0.,0.));
#10861=DIRECTION('',(0.,1.,0.));
#10862=DIRECTION('',(-1.,0.,0.));
#10863=DIRECTION('',(0.,1.,0.));
#10864=DIRECTION('center_axis',(-1.,0.,0.));
#10865=DIRECTION('ref_axis',(0.,0.,1.));
#10866=DIRECTION('',(0.,0.,1.));
#10867=DIRECTION('',(0.,0.,1.));
#10868=DIRECTION('',(0.,1.,0.));
#10869=DIRECTION('center_axis',(0.,0.,1.));
#10870=DIRECTION('ref_axis',(1.,0.,0.));
#10871=DIRECTION('',(1.,0.,0.));
#10872=DIRECTION('',(1.,0.,0.));
#10873=DIRECTION('',(0.,1.,0.));
#10874=DIRECTION('center_axis',(1.,0.,0.));
#10875=DIRECTION('ref_axis',(0.,0.,-1.));
#10876=DIRECTION('',(0.,0.,-1.));
#10877=DIRECTION('',(0.,0.,-1.));
#10878=DIRECTION('center_axis',(0.,0.,-1.));
#10879=DIRECTION('ref_axis',(-1.,0.,0.));
#10880=DIRECTION('',(-1.,0.,0.));
#10881=DIRECTION('',(0.,1.,0.));
#10882=DIRECTION('',(-1.,0.,0.));
#10883=DIRECTION('',(0.,1.,0.));
#10884=DIRECTION('center_axis',(-1.,0.,0.));
#10885=DIRECTION('ref_axis',(0.,0.,1.));
#10886=DIRECTION('',(0.,0.,1.));
#10887=DIRECTION('',(0.,0.,1.));
#10888=DIRECTION('',(0.,1.,0.));
#10889=DIRECTION('center_axis',(0.,0.,1.));
#10890=DIRECTION('ref_axis',(1.,0.,0.));
#10891=DIRECTION('',(1.,0.,0.));
#10892=DIRECTION('',(1.,0.,0.));
#10893=DIRECTION('',(0.,1.,0.));
#10894=DIRECTION('center_axis',(1.,0.,0.));
#10895=DIRECTION('ref_axis',(0.,0.,-1.));
#10896=DIRECTION('',(0.,0.,-1.));
#10897=DIRECTION('',(0.,0.,-1.));
#10898=DIRECTION('center_axis',(0.,0.,-1.));
#10899=DIRECTION('ref_axis',(-1.,0.,0.));
#10900=DIRECTION('',(-1.,0.,0.));
#10901=DIRECTION('',(0.,1.,0.));
#10902=DIRECTION('',(-1.,0.,0.));
#10903=DIRECTION('',(0.,1.,0.));
#10904=DIRECTION('center_axis',(-1.,0.,0.));
#10905=DIRECTION('ref_axis',(0.,0.,1.));
#10906=DIRECTION('',(0.,0.,1.));
#10907=DIRECTION('',(0.,0.,1.));
#10908=DIRECTION('',(0.,1.,0.));
#10909=DIRECTION('center_axis',(0.,0.,1.));
#10910=DIRECTION('ref_axis',(1.,0.,0.));
#10911=DIRECTION('',(1.,0.,0.));
#10912=DIRECTION('',(1.,0.,0.));
#10913=DIRECTION('',(0.,1.,0.));
#10914=DIRECTION('center_axis',(1.,0.,0.));
#10915=DIRECTION('ref_axis',(0.,0.,-1.));
#10916=DIRECTION('',(0.,0.,-1.));
#10917=DIRECTION('',(0.,0.,-1.));
#10918=DIRECTION('center_axis',(0.,0.,-1.));
#10919=DIRECTION('ref_axis',(-1.,0.,0.));
#10920=DIRECTION('',(-1.,0.,0.));
#10921=DIRECTION('',(0.,1.,0.));
#10922=DIRECTION('',(-1.,0.,0.));
#10923=DIRECTION('',(0.,1.,0.));
#10924=DIRECTION('center_axis',(-1.,0.,0.));
#10925=DIRECTION('ref_axis',(0.,0.,1.));
#10926=DIRECTION('',(0.,0.,1.));
#10927=DIRECTION('',(0.,0.,1.));
#10928=DIRECTION('',(0.,1.,0.));
#10929=DIRECTION('center_axis',(0.,0.,1.));
#10930=DIRECTION('ref_axis',(1.,0.,0.));
#10931=DIRECTION('',(1.,0.,0.));
#10932=DIRECTION('',(1.,0.,0.));
#10933=DIRECTION('',(0.,1.,0.));
#10934=DIRECTION('center_axis',(1.,0.,0.));
#10935=DIRECTION('ref_axis',(0.,0.,-1.));
#10936=DIRECTION('',(0.,0.,-1.));
#10937=DIRECTION('',(0.,0.,-1.));
#10938=DIRECTION('center_axis',(0.,0.,-1.));
#10939=DIRECTION('ref_axis',(-1.,0.,0.));
#10940=DIRECTION('',(-1.,0.,0.));
#10941=DIRECTION('',(0.,1.,0.));
#10942=DIRECTION('',(-1.,0.,0.));
#10943=DIRECTION('',(0.,1.,0.));
#10944=DIRECTION('center_axis',(-1.,0.,0.));
#10945=DIRECTION('ref_axis',(0.,0.,1.));
#10946=DIRECTION('',(0.,0.,1.));
#10947=DIRECTION('',(0.,0.,1.));
#10948=DIRECTION('',(0.,1.,0.));
#10949=DIRECTION('center_axis',(0.,0.,1.));
#10950=DIRECTION('ref_axis',(1.,0.,0.));
#10951=DIRECTION('',(1.,0.,0.));
#10952=DIRECTION('',(1.,0.,0.));
#10953=DIRECTION('',(0.,1.,0.));
#10954=DIRECTION('center_axis',(1.,0.,0.));
#10955=DIRECTION('ref_axis',(0.,0.,-1.));
#10956=DIRECTION('',(0.,0.,-1.));
#10957=DIRECTION('',(0.,0.,-1.));
#10958=DIRECTION('center_axis',(0.,0.,-1.));
#10959=DIRECTION('ref_axis',(-1.,0.,0.));
#10960=DIRECTION('',(-1.,0.,0.));
#10961=DIRECTION('',(0.,1.,0.));
#10962=DIRECTION('',(-1.,0.,0.));
#10963=DIRECTION('',(0.,1.,0.));
#10964=DIRECTION('center_axis',(-1.,0.,0.));
#10965=DIRECTION('ref_axis',(0.,0.,1.));
#10966=DIRECTION('',(0.,0.,1.));
#10967=DIRECTION('',(0.,0.,1.));
#10968=DIRECTION('',(0.,1.,0.));
#10969=DIRECTION('center_axis',(0.,0.,1.));
#10970=DIRECTION('ref_axis',(1.,0.,0.));
#10971=DIRECTION('',(1.,0.,0.));
#10972=DIRECTION('',(1.,0.,0.));
#10973=DIRECTION('',(0.,1.,0.));
#10974=DIRECTION('center_axis',(1.,0.,0.));
#10975=DIRECTION('ref_axis',(0.,0.,-1.));
#10976=DIRECTION('',(0.,0.,-1.));
#10977=DIRECTION('',(0.,0.,-1.));
#10978=DIRECTION('center_axis',(0.,0.,-1.));
#10979=DIRECTION('ref_axis',(-1.,0.,0.));
#10980=DIRECTION('',(-1.,0.,0.));
#10981=DIRECTION('',(0.,1.,0.));
#10982=DIRECTION('',(-1.,0.,0.));
#10983=DIRECTION('',(0.,1.,0.));
#10984=DIRECTION('center_axis',(-1.,0.,0.));
#10985=DIRECTION('ref_axis',(0.,0.,1.));
#10986=DIRECTION('',(0.,0.,1.));
#10987=DIRECTION('',(0.,0.,1.));
#10988=DIRECTION('',(0.,1.,0.));
#10989=DIRECTION('center_axis',(0.,0.,1.));
#10990=DIRECTION('ref_axis',(1.,0.,0.));
#10991=DIRECTION('',(1.,0.,0.));
#10992=DIRECTION('',(1.,0.,0.));
#10993=DIRECTION('',(0.,1.,0.));
#10994=DIRECTION('center_axis',(1.,0.,0.));
#10995=DIRECTION('ref_axis',(0.,0.,-1.));
#10996=DIRECTION('',(0.,0.,-1.));
#10997=DIRECTION('',(0.,0.,-1.));
#10998=DIRECTION('center_axis',(0.,0.,-1.));
#10999=DIRECTION('ref_axis',(-1.,0.,0.));
#11000=DIRECTION('',(-1.,0.,0.));
#11001=DIRECTION('',(0.,1.,0.));
#11002=DIRECTION('',(-1.,0.,0.));
#11003=DIRECTION('',(0.,1.,0.));
#11004=DIRECTION('center_axis',(-1.,0.,0.));
#11005=DIRECTION('ref_axis',(0.,0.,1.));
#11006=DIRECTION('',(0.,0.,1.));
#11007=DIRECTION('',(0.,0.,1.));
#11008=DIRECTION('',(0.,1.,0.));
#11009=DIRECTION('center_axis',(0.,0.,1.));
#11010=DIRECTION('ref_axis',(1.,0.,0.));
#11011=DIRECTION('',(1.,0.,0.));
#11012=DIRECTION('',(1.,0.,0.));
#11013=DIRECTION('',(0.,1.,0.));
#11014=DIRECTION('center_axis',(1.,0.,0.));
#11015=DIRECTION('ref_axis',(0.,0.,-1.));
#11016=DIRECTION('',(0.,0.,-1.));
#11017=DIRECTION('',(0.,0.,-1.));
#11018=DIRECTION('center_axis',(0.,0.,-1.));
#11019=DIRECTION('ref_axis',(-1.,0.,0.));
#11020=DIRECTION('',(-1.,0.,0.));
#11021=DIRECTION('',(0.,1.,0.));
#11022=DIRECTION('',(-1.,0.,0.));
#11023=DIRECTION('',(0.,1.,0.));
#11024=DIRECTION('center_axis',(-1.,0.,0.));
#11025=DIRECTION('ref_axis',(0.,0.,1.));
#11026=DIRECTION('',(0.,0.,1.));
#11027=DIRECTION('',(0.,0.,1.));
#11028=DIRECTION('',(0.,1.,0.));
#11029=DIRECTION('center_axis',(0.,0.,1.));
#11030=DIRECTION('ref_axis',(1.,0.,0.));
#11031=DIRECTION('',(1.,0.,0.));
#11032=DIRECTION('',(1.,0.,0.));
#11033=DIRECTION('',(0.,1.,0.));
#11034=DIRECTION('center_axis',(1.,0.,0.));
#11035=DIRECTION('ref_axis',(0.,0.,-1.));
#11036=DIRECTION('',(0.,0.,-1.));
#11037=DIRECTION('',(0.,0.,-1.));
#11038=DIRECTION('center_axis',(0.,0.,-1.));
#11039=DIRECTION('ref_axis',(-1.,0.,0.));
#11040=DIRECTION('',(-1.,0.,0.));
#11041=DIRECTION('',(0.,1.,0.));
#11042=DIRECTION('',(-1.,0.,0.));
#11043=DIRECTION('',(0.,1.,0.));
#11044=DIRECTION('center_axis',(-1.,0.,0.));
#11045=DIRECTION('ref_axis',(0.,0.,1.));
#11046=DIRECTION('',(0.,0.,1.));
#11047=DIRECTION('',(0.,0.,1.));
#11048=DIRECTION('',(0.,1.,0.));
#11049=DIRECTION('center_axis',(0.,0.,1.));
#11050=DIRECTION('ref_axis',(1.,0.,0.));
#11051=DIRECTION('',(1.,0.,0.));
#11052=DIRECTION('',(1.,0.,0.));
#11053=DIRECTION('',(0.,1.,0.));
#11054=DIRECTION('center_axis',(1.,0.,0.));
#11055=DIRECTION('ref_axis',(0.,0.,-1.));
#11056=DIRECTION('',(0.,0.,-1.));
#11057=DIRECTION('',(0.,0.,-1.));
#11058=DIRECTION('center_axis',(0.,0.,-1.));
#11059=DIRECTION('ref_axis',(-1.,0.,0.));
#11060=DIRECTION('',(-1.,0.,0.));
#11061=DIRECTION('',(0.,1.,0.));
#11062=DIRECTION('',(-1.,0.,0.));
#11063=DIRECTION('',(0.,1.,0.));
#11064=DIRECTION('center_axis',(-1.,0.,0.));
#11065=DIRECTION('ref_axis',(0.,0.,1.));
#11066=DIRECTION('',(0.,0.,1.));
#11067=DIRECTION('',(0.,0.,1.));
#11068=DIRECTION('',(0.,1.,0.));
#11069=DIRECTION('center_axis',(0.,0.,1.));
#11070=DIRECTION('ref_axis',(1.,0.,0.));
#11071=DIRECTION('',(1.,0.,0.));
#11072=DIRECTION('',(1.,0.,0.));
#11073=DIRECTION('',(0.,1.,0.));
#11074=DIRECTION('center_axis',(1.,0.,0.));
#11075=DIRECTION('ref_axis',(0.,0.,-1.));
#11076=DIRECTION('',(0.,0.,-1.));
#11077=DIRECTION('',(0.,0.,-1.));
#11078=DIRECTION('center_axis',(0.,0.,-1.));
#11079=DIRECTION('ref_axis',(-1.,0.,0.));
#11080=DIRECTION('',(-1.,0.,0.));
#11081=DIRECTION('',(0.,1.,0.));
#11082=DIRECTION('',(-1.,0.,0.));
#11083=DIRECTION('',(0.,1.,0.));
#11084=DIRECTION('center_axis',(-1.,0.,0.));
#11085=DIRECTION('ref_axis',(0.,0.,1.));
#11086=DIRECTION('',(0.,0.,1.));
#11087=DIRECTION('',(0.,0.,1.));
#11088=DIRECTION('',(0.,1.,0.));
#11089=DIRECTION('center_axis',(0.,0.,1.));
#11090=DIRECTION('ref_axis',(1.,0.,0.));
#11091=DIRECTION('',(1.,0.,0.));
#11092=DIRECTION('',(1.,0.,0.));
#11093=DIRECTION('',(0.,1.,0.));
#11094=DIRECTION('center_axis',(1.,0.,0.));
#11095=DIRECTION('ref_axis',(0.,0.,-1.));
#11096=DIRECTION('',(0.,0.,-1.));
#11097=DIRECTION('',(0.,0.,-1.));
#11098=DIRECTION('center_axis',(0.,0.,-1.));
#11099=DIRECTION('ref_axis',(-1.,0.,0.));
#11100=DIRECTION('',(-1.,0.,0.));
#11101=DIRECTION('',(0.,1.,0.));
#11102=DIRECTION('',(-1.,0.,0.));
#11103=DIRECTION('',(0.,1.,0.));
#11104=DIRECTION('center_axis',(-1.,0.,0.));
#11105=DIRECTION('ref_axis',(0.,0.,1.));
#11106=DIRECTION('',(0.,0.,1.));
#11107=DIRECTION('',(0.,0.,1.));
#11108=DIRECTION('',(0.,1.,0.));
#11109=DIRECTION('center_axis',(0.,0.,1.));
#11110=DIRECTION('ref_axis',(1.,0.,0.));
#11111=DIRECTION('',(1.,0.,0.));
#11112=DIRECTION('',(1.,0.,0.));
#11113=DIRECTION('',(0.,1.,0.));
#11114=DIRECTION('center_axis',(1.,0.,0.));
#11115=DIRECTION('ref_axis',(0.,0.,-1.));
#11116=DIRECTION('',(0.,0.,-1.));
#11117=DIRECTION('',(0.,0.,-1.));
#11118=DIRECTION('center_axis',(0.,0.,-1.));
#11119=DIRECTION('ref_axis',(-1.,0.,0.));
#11120=DIRECTION('',(-1.,0.,0.));
#11121=DIRECTION('',(0.,1.,0.));
#11122=DIRECTION('',(-1.,0.,0.));
#11123=DIRECTION('',(0.,1.,0.));
#11124=DIRECTION('center_axis',(-1.,0.,0.));
#11125=DIRECTION('ref_axis',(0.,0.,1.));
#11126=DIRECTION('',(0.,0.,1.));
#11127=DIRECTION('',(0.,0.,1.));
#11128=DIRECTION('',(0.,1.,0.));
#11129=DIRECTION('center_axis',(0.,0.,1.));
#11130=DIRECTION('ref_axis',(1.,0.,0.));
#11131=DIRECTION('',(1.,0.,0.));
#11132=DIRECTION('',(1.,0.,0.));
#11133=DIRECTION('',(0.,1.,0.));
#11134=DIRECTION('center_axis',(1.,0.,0.));
#11135=DIRECTION('ref_axis',(0.,0.,-1.));
#11136=DIRECTION('',(0.,0.,-1.));
#11137=DIRECTION('',(0.,0.,-1.));
#11138=DIRECTION('center_axis',(0.,0.,-1.));
#11139=DIRECTION('ref_axis',(-1.,0.,0.));
#11140=DIRECTION('',(-1.,0.,0.));
#11141=DIRECTION('',(0.,1.,0.));
#11142=DIRECTION('',(-1.,0.,0.));
#11143=DIRECTION('',(0.,1.,0.));
#11144=DIRECTION('center_axis',(-1.,0.,0.));
#11145=DIRECTION('ref_axis',(0.,0.,1.));
#11146=DIRECTION('',(0.,0.,1.));
#11147=DIRECTION('',(0.,0.,1.));
#11148=DIRECTION('',(0.,1.,0.));
#11149=DIRECTION('center_axis',(0.,0.,1.));
#11150=DIRECTION('ref_axis',(1.,0.,0.));
#11151=DIRECTION('',(1.,0.,0.));
#11152=DIRECTION('',(1.,0.,0.));
#11153=DIRECTION('',(0.,1.,0.));
#11154=DIRECTION('center_axis',(1.,0.,0.));
#11155=DIRECTION('ref_axis',(0.,0.,-1.));
#11156=DIRECTION('',(0.,0.,-1.));
#11157=DIRECTION('',(0.,0.,-1.));
#11158=DIRECTION('center_axis',(0.,0.,-1.));
#11159=DIRECTION('ref_axis',(-1.,0.,0.));
#11160=DIRECTION('',(-1.,0.,0.));
#11161=DIRECTION('',(0.,1.,0.));
#11162=DIRECTION('',(-1.,0.,0.));
#11163=DIRECTION('',(0.,1.,0.));
#11164=DIRECTION('center_axis',(-1.,0.,0.));
#11165=DIRECTION('ref_axis',(0.,0.,1.));
#11166=DIRECTION('',(0.,0.,1.));
#11167=DIRECTION('',(0.,0.,1.));
#11168=DIRECTION('',(0.,1.,0.));
#11169=DIRECTION('center_axis',(0.,0.,1.));
#11170=DIRECTION('ref_axis',(1.,0.,0.));
#11171=DIRECTION('',(1.,0.,0.));
#11172=DIRECTION('',(1.,0.,0.));
#11173=DIRECTION('',(0.,1.,0.));
#11174=DIRECTION('center_axis',(1.,0.,0.));
#11175=DIRECTION('ref_axis',(0.,0.,-1.));
#11176=DIRECTION('',(0.,0.,-1.));
#11177=DIRECTION('',(0.,0.,-1.));
#11178=DIRECTION('center_axis',(0.,0.,-1.));
#11179=DIRECTION('ref_axis',(-1.,0.,0.));
#11180=DIRECTION('',(-1.,0.,0.));
#11181=DIRECTION('',(0.,1.,0.));
#11182=DIRECTION('',(-1.,0.,0.));
#11183=DIRECTION('',(0.,1.,0.));
#11184=DIRECTION('center_axis',(-1.,0.,0.));
#11185=DIRECTION('ref_axis',(0.,0.,1.));
#11186=DIRECTION('',(0.,0.,1.));
#11187=DIRECTION('',(0.,0.,1.));
#11188=DIRECTION('',(0.,1.,0.));
#11189=DIRECTION('center_axis',(0.,0.,1.));
#11190=DIRECTION('ref_axis',(1.,0.,0.));
#11191=DIRECTION('',(1.,0.,0.));
#11192=DIRECTION('',(1.,0.,0.));
#11193=DIRECTION('',(0.,1.,0.));
#11194=DIRECTION('center_axis',(1.,0.,0.));
#11195=DIRECTION('ref_axis',(0.,0.,-1.));
#11196=DIRECTION('',(0.,0.,-1.));
#11197=DIRECTION('',(0.,0.,-1.));
#11198=DIRECTION('center_axis',(0.,0.,-1.));
#11199=DIRECTION('ref_axis',(-1.,0.,0.));
#11200=DIRECTION('',(-1.,0.,0.));
#11201=DIRECTION('',(0.,1.,0.));
#11202=DIRECTION('',(-1.,0.,0.));
#11203=DIRECTION('',(0.,1.,0.));
#11204=DIRECTION('center_axis',(-1.,0.,0.));
#11205=DIRECTION('ref_axis',(0.,0.,1.));
#11206=DIRECTION('',(0.,0.,1.));
#11207=DIRECTION('',(0.,0.,1.));
#11208=DIRECTION('',(0.,1.,0.));
#11209=DIRECTION('center_axis',(0.,0.,1.));
#11210=DIRECTION('ref_axis',(1.,0.,0.));
#11211=DIRECTION('',(1.,0.,0.));
#11212=DIRECTION('',(1.,0.,0.));
#11213=DIRECTION('',(0.,1.,0.));
#11214=DIRECTION('center_axis',(1.,0.,0.));
#11215=DIRECTION('ref_axis',(0.,0.,-1.));
#11216=DIRECTION('',(0.,0.,-1.));
#11217=DIRECTION('',(0.,0.,-1.));
#11218=DIRECTION('center_axis',(0.,0.,-1.));
#11219=DIRECTION('ref_axis',(-1.,0.,0.));
#11220=DIRECTION('',(-1.,0.,0.));
#11221=DIRECTION('',(0.,1.,0.));
#11222=DIRECTION('',(-1.,0.,0.));
#11223=DIRECTION('',(0.,1.,0.));
#11224=DIRECTION('center_axis',(-1.,0.,0.));
#11225=DIRECTION('ref_axis',(0.,0.,1.));
#11226=DIRECTION('',(0.,0.,1.));
#11227=DIRECTION('',(0.,0.,1.));
#11228=DIRECTION('',(0.,1.,0.));
#11229=DIRECTION('center_axis',(0.,0.,1.));
#11230=DIRECTION('ref_axis',(1.,0.,0.));
#11231=DIRECTION('',(1.,0.,0.));
#11232=DIRECTION('',(1.,0.,0.));
#11233=DIRECTION('',(0.,1.,0.));
#11234=DIRECTION('center_axis',(1.,0.,0.));
#11235=DIRECTION('ref_axis',(0.,0.,-1.));
#11236=DIRECTION('',(0.,0.,-1.));
#11237=DIRECTION('',(0.,0.,-1.));
#11238=DIRECTION('center_axis',(0.,0.,-1.));
#11239=DIRECTION('ref_axis',(-1.,0.,0.));
#11240=DIRECTION('',(-1.,0.,0.));
#11241=DIRECTION('',(0.,1.,0.));
#11242=DIRECTION('',(-1.,0.,0.));
#11243=DIRECTION('',(0.,1.,0.));
#11244=DIRECTION('center_axis',(-1.,0.,0.));
#11245=DIRECTION('ref_axis',(0.,0.,1.));
#11246=DIRECTION('',(0.,0.,1.));
#11247=DIRECTION('',(0.,0.,1.));
#11248=DIRECTION('',(0.,1.,0.));
#11249=DIRECTION('center_axis',(0.,0.,1.));
#11250=DIRECTION('ref_axis',(1.,0.,0.));
#11251=DIRECTION('',(1.,0.,0.));
#11252=DIRECTION('',(1.,0.,0.));
#11253=DIRECTION('',(0.,1.,0.));
#11254=DIRECTION('center_axis',(1.,0.,0.));
#11255=DIRECTION('ref_axis',(0.,0.,-1.));
#11256=DIRECTION('',(0.,0.,-1.));
#11257=DIRECTION('',(0.,0.,-1.));
#11258=DIRECTION('center_axis',(0.,0.,-1.));
#11259=DIRECTION('ref_axis',(-1.,0.,0.));
#11260=DIRECTION('',(-1.,0.,0.));
#11261=DIRECTION('',(0.,1.,0.));
#11262=DIRECTION('',(-1.,0.,0.));
#11263=DIRECTION('',(0.,1.,0.));
#11264=DIRECTION('center_axis',(-1.,0.,0.));
#11265=DIRECTION('ref_axis',(0.,0.,1.));
#11266=DIRECTION('',(0.,0.,1.));
#11267=DIRECTION('',(0.,0.,1.));
#11268=DIRECTION('',(0.,1.,0.));
#11269=DIRECTION('center_axis',(0.,0.,1.));
#11270=DIRECTION('ref_axis',(1.,0.,0.));
#11271=DIRECTION('',(1.,0.,0.));
#11272=DIRECTION('',(1.,0.,0.));
#11273=DIRECTION('',(0.,1.,0.));
#11274=DIRECTION('center_axis',(1.,0.,0.));
#11275=DIRECTION('ref_axis',(0.,0.,-1.));
#11276=DIRECTION('',(0.,0.,-1.));
#11277=DIRECTION('',(0.,0.,-1.));
#11278=DIRECTION('center_axis',(0.,0.,-1.));
#11279=DIRECTION('ref_axis',(-1.,0.,0.));
#11280=DIRECTION('',(-1.,0.,0.));
#11281=DIRECTION('',(0.,1.,0.));
#11282=DIRECTION('',(-1.,0.,0.));
#11283=DIRECTION('',(0.,1.,0.));
#11284=DIRECTION('center_axis',(-1.,0.,0.));
#11285=DIRECTION('ref_axis',(0.,0.,1.));
#11286=DIRECTION('',(0.,0.,1.));
#11287=DIRECTION('',(0.,0.,1.));
#11288=DIRECTION('',(0.,1.,0.));
#11289=DIRECTION('center_axis',(0.,0.,1.));
#11290=DIRECTION('ref_axis',(1.,0.,0.));
#11291=DIRECTION('',(1.,0.,0.));
#11292=DIRECTION('',(1.,0.,0.));
#11293=DIRECTION('',(0.,1.,0.));
#11294=DIRECTION('center_axis',(1.,0.,0.));
#11295=DIRECTION('ref_axis',(0.,0.,-1.));
#11296=DIRECTION('',(0.,0.,-1.));
#11297=DIRECTION('',(0.,0.,-1.));
#11298=DIRECTION('center_axis',(0.,0.,-1.));
#11299=DIRECTION('ref_axis',(-1.,0.,0.));
#11300=DIRECTION('',(-1.,0.,0.));
#11301=DIRECTION('',(0.,1.,0.));
#11302=DIRECTION('',(-1.,0.,0.));
#11303=DIRECTION('',(0.,1.,0.));
#11304=DIRECTION('center_axis',(-1.,0.,0.));
#11305=DIRECTION('ref_axis',(0.,0.,1.));
#11306=DIRECTION('',(0.,0.,1.));
#11307=DIRECTION('',(0.,0.,1.));
#11308=DIRECTION('',(0.,1.,0.));
#11309=DIRECTION('center_axis',(0.,0.,1.));
#11310=DIRECTION('ref_axis',(1.,0.,0.));
#11311=DIRECTION('',(1.,0.,0.));
#11312=DIRECTION('',(1.,0.,0.));
#11313=DIRECTION('',(0.,1.,0.));
#11314=DIRECTION('center_axis',(1.,0.,0.));
#11315=DIRECTION('ref_axis',(0.,0.,-1.));
#11316=DIRECTION('',(0.,0.,-1.));
#11317=DIRECTION('',(0.,0.,-1.));
#11318=DIRECTION('center_axis',(0.,0.,-1.));
#11319=DIRECTION('ref_axis',(-1.,0.,0.));
#11320=DIRECTION('',(-1.,0.,0.));
#11321=DIRECTION('',(0.,1.,0.));
#11322=DIRECTION('',(-1.,0.,0.));
#11323=DIRECTION('',(0.,1.,0.));
#11324=DIRECTION('center_axis',(-1.,0.,0.));
#11325=DIRECTION('ref_axis',(0.,0.,1.));
#11326=DIRECTION('',(0.,0.,1.));
#11327=DIRECTION('',(0.,0.,1.));
#11328=DIRECTION('',(0.,1.,0.));
#11329=DIRECTION('center_axis',(0.,0.,1.));
#11330=DIRECTION('ref_axis',(1.,0.,0.));
#11331=DIRECTION('',(1.,0.,0.));
#11332=DIRECTION('',(1.,0.,0.));
#11333=DIRECTION('',(0.,1.,0.));
#11334=DIRECTION('center_axis',(1.,0.,0.));
#11335=DIRECTION('ref_axis',(0.,0.,-1.));
#11336=DIRECTION('',(0.,0.,-1.));
#11337=DIRECTION('',(0.,0.,-1.));
#11338=DIRECTION('center_axis',(0.,0.,-1.));
#11339=DIRECTION('ref_axis',(-1.,0.,0.));
#11340=DIRECTION('',(-1.,0.,0.));
#11341=DIRECTION('',(0.,1.,0.));
#11342=DIRECTION('',(-1.,0.,0.));
#11343=DIRECTION('',(0.,1.,0.));
#11344=DIRECTION('center_axis',(-1.,0.,0.));
#11345=DIRECTION('ref_axis',(0.,0.,1.));
#11346=DIRECTION('',(0.,0.,1.));
#11347=DIRECTION('',(0.,0.,1.));
#11348=DIRECTION('',(0.,1.,0.));
#11349=DIRECTION('center_axis',(0.,0.,1.));
#11350=DIRECTION('ref_axis',(1.,0.,0.));
#11351=DIRECTION('',(1.,0.,0.));
#11352=DIRECTION('',(1.,0.,0.));
#11353=DIRECTION('',(0.,1.,0.));
#11354=DIRECTION('center_axis',(1.,0.,0.));
#11355=DIRECTION('ref_axis',(0.,0.,-1.));
#11356=DIRECTION('',(0.,0.,-1.));
#11357=DIRECTION('',(0.,0.,-1.));
#11358=DIRECTION('center_axis',(0.,0.,-1.));
#11359=DIRECTION('ref_axis',(-1.,0.,0.));
#11360=DIRECTION('',(-1.,0.,0.));
#11361=DIRECTION('',(0.,1.,0.));
#11362=DIRECTION('',(-1.,0.,0.));
#11363=DIRECTION('',(0.,1.,0.));
#11364=DIRECTION('center_axis',(-1.,0.,0.));
#11365=DIRECTION('ref_axis',(0.,0.,1.));
#11366=DIRECTION('',(0.,0.,1.));
#11367=DIRECTION('',(0.,0.,1.));
#11368=DIRECTION('',(0.,1.,0.));
#11369=DIRECTION('center_axis',(0.,0.,1.));
#11370=DIRECTION('ref_axis',(1.,0.,0.));
#11371=DIRECTION('',(1.,0.,0.));
#11372=DIRECTION('',(1.,0.,0.));
#11373=DIRECTION('',(0.,1.,0.));
#11374=DIRECTION('center_axis',(1.,0.,0.));
#11375=DIRECTION('ref_axis',(0.,0.,-1.));
#11376=DIRECTION('',(0.,0.,-1.));
#11377=DIRECTION('',(0.,0.,-1.));
#11378=DIRECTION('center_axis',(0.,0.,-1.));
#11379=DIRECTION('ref_axis',(-1.,0.,0.));
#11380=DIRECTION('',(-1.,0.,0.));
#11381=DIRECTION('',(0.,1.,0.));
#11382=DIRECTION('',(-1.,0.,0.));
#11383=DIRECTION('',(0.,1.,0.));
#11384=DIRECTION('center_axis',(-1.,0.,0.));
#11385=DIRECTION('ref_axis',(0.,0.,1.));
#11386=DIRECTION('',(0.,0.,1.));
#11387=DIRECTION('',(0.,0.,1.));
#11388=DIRECTION('',(0.,1.,0.));
#11389=DIRECTION('center_axis',(0.,0.,1.));
#11390=DIRECTION('ref_axis',(1.,0.,0.));
#11391=DIRECTION('',(1.,0.,0.));
#11392=DIRECTION('',(1.,0.,0.));
#11393=DIRECTION('',(0.,1.,0.));
#11394=DIRECTION('center_axis',(1.,0.,0.));
#11395=DIRECTION('ref_axis',(0.,0.,-1.));
#11396=DIRECTION('',(0.,0.,-1.));
#11397=DIRECTION('',(0.,0.,-1.));
#11398=DIRECTION('center_axis',(-1.0508499996452E-17,0.,-1.));
#11399=DIRECTION('ref_axis',(-1.,0.,1.0508499996452E-17));
#11400=DIRECTION('',(-1.,0.,1.0508499996452E-17));
#11401=DIRECTION('',(0.,1.,0.));
#11402=DIRECTION('',(-1.,0.,1.0508499996452E-17));
#11403=DIRECTION('',(0.,1.,0.));
#11404=DIRECTION('center_axis',(1.,0.,0.));
#11405=DIRECTION('ref_axis',(0.,0.,-1.));
#11406=DIRECTION('',(0.,0.,-1.));
#11407=DIRECTION('',(0.,0.,-1.));
#11408=DIRECTION('',(0.,1.,0.));
#11409=DIRECTION('center_axis',(0.,0.,1.));
#11410=DIRECTION('ref_axis',(1.,0.,0.));
#11411=DIRECTION('',(1.,0.,0.));
#11412=DIRECTION('',(1.,0.,0.));
#11413=DIRECTION('',(0.,1.,0.));
#11414=DIRECTION('center_axis',(-1.,0.,0.));
#11415=DIRECTION('ref_axis',(0.,0.,1.));
#11416=DIRECTION('',(0.,0.,1.));
#11417=DIRECTION('',(0.,0.,1.));
#11418=DIRECTION('center_axis',(0.,1.,0.));
#11419=DIRECTION('ref_axis',(0.,0.,1.));
#11420=DIRECTION('center_axis',(0.,1.,0.));
#11421=DIRECTION('ref_axis',(-1.,0.,0.));
#11422=DIRECTION('',(0.,0.,1.));
#11423=DIRECTION('',(1.,0.,0.));
#11424=DIRECTION('',(0.,0.,1.));
#11425=DIRECTION('',(1.,0.,0.));
#11426=DIRECTION('',(0.,0.,1.));
#11427=DIRECTION('',(1.,0.,0.));
#11428=DIRECTION('',(0.,0.,1.));
#11429=DIRECTION('',(1.,0.,0.));
#11430=DIRECTION('',(0.,0.,1.));
#11431=DIRECTION('',(1.,0.,0.));
#11432=DIRECTION('',(0.,0.,1.));
#11433=DIRECTION('',(1.,0.,0.));
#11434=CARTESIAN_POINT('',(0.,0.,0.));
#11435=CARTESIAN_POINT('',(0.,0.,0.));
#11436=CARTESIAN_POINT('',(0.,0.,0.));
#11437=CARTESIAN_POINT('',(0.,0.,0.));
#11438=CARTESIAN_POINT('',(0.,0.,0.));
#11439=CARTESIAN_POINT('',(0.,0.,0.));
#11440=CARTESIAN_POINT('',(0.,0.,0.));
#11441=CARTESIAN_POINT('',(0.,0.,0.));
#11442=CARTESIAN_POINT('',(0.,0.,0.));
#11443=CARTESIAN_POINT('Origin',(222.95,140.7,222.85));
#11444=CARTESIAN_POINT('',(222.95,140.7,222.85));
#11445=CARTESIAN_POINT('',(204.26,140.7,222.85));
#11446=CARTESIAN_POINT('',(222.95,140.7,222.85));
#11447=CARTESIAN_POINT('',(204.26,144.7,222.85));
#11448=CARTESIAN_POINT('',(204.26,140.7,222.85));
#11449=CARTESIAN_POINT('',(222.95,144.7,222.85));
#11450=CARTESIAN_POINT('',(222.95,144.7,222.85));
#11451=CARTESIAN_POINT('',(222.95,140.7,222.85));
#11452=CARTESIAN_POINT('Origin',(222.95,140.7,204.16));
#11453=CARTESIAN_POINT('',(222.95,140.7,204.16));
#11454=CARTESIAN_POINT('',(222.95,140.7,204.16));
#11455=CARTESIAN_POINT('',(222.95,144.7,204.16));
#11456=CARTESIAN_POINT('',(222.95,144.7,204.16));
#11457=CARTESIAN_POINT('',(222.95,140.7,204.16));
#11458=CARTESIAN_POINT('Origin',(204.26,140.7,204.16));
#11459=CARTESIAN_POINT('',(204.26,140.7,204.16));
#11460=CARTESIAN_POINT('',(204.26,140.7,204.16));
#11461=CARTESIAN_POINT('',(204.26,144.7,204.16));
#11462=CARTESIAN_POINT('',(204.26,144.7,204.16));
#11463=CARTESIAN_POINT('',(204.26,140.7,204.16));
#11464=CARTESIAN_POINT('Origin',(204.26,140.7,222.85));
#11465=CARTESIAN_POINT('',(204.26,140.7,222.85));
#11466=CARTESIAN_POINT('',(204.26,144.7,222.85));
#11467=CARTESIAN_POINT('Origin',(328.4,140.7,75.22));
#11468=CARTESIAN_POINT('',(328.4,140.7,75.22));
#11469=CARTESIAN_POINT('',(309.71,140.7,75.22));
#11470=CARTESIAN_POINT('',(328.4,140.7,75.22));
#11471=CARTESIAN_POINT('',(309.71,144.7,75.22));
#11472=CARTESIAN_POINT('',(309.71,140.7,75.22));
#11473=CARTESIAN_POINT('',(328.4,144.7,75.22));
#11474=CARTESIAN_POINT('',(328.4,144.7,75.22));
#11475=CARTESIAN_POINT('',(328.4,140.7,75.22));
#11476=CARTESIAN_POINT('Origin',(328.4,140.7,56.53));
#11477=CARTESIAN_POINT('',(328.4,140.7,56.53));
#11478=CARTESIAN_POINT('',(328.4,140.7,56.53));
#11479=CARTESIAN_POINT('',(328.4,144.7,56.53));
#11480=CARTESIAN_POINT('',(328.4,144.7,56.53));
#11481=CARTESIAN_POINT('',(328.4,140.7,56.53));
#11482=CARTESIAN_POINT('Origin',(309.71,140.7,56.53));
#11483=CARTESIAN_POINT('',(309.71,140.7,56.53));
#11484=CARTESIAN_POINT('',(309.71,140.7,56.53));
#11485=CARTESIAN_POINT('',(309.71,144.7,56.53));
#11486=CARTESIAN_POINT('',(309.71,144.7,56.53));
#11487=CARTESIAN_POINT('',(309.71,140.7,56.53));
#11488=CARTESIAN_POINT('Origin',(309.71,140.7,75.22));
#11489=CARTESIAN_POINT('',(309.71,140.7,75.22));
#11490=CARTESIAN_POINT('',(309.71,144.7,75.22));
#11491=CARTESIAN_POINT('Origin',(328.4,140.7,54.13));
#11492=CARTESIAN_POINT('',(328.4,140.7,54.13));
#11493=CARTESIAN_POINT('',(309.71,140.7,54.13));
#11494=CARTESIAN_POINT('',(328.4,140.7,54.13));
#11495=CARTESIAN_POINT('',(309.71,144.7,54.13));
#11496=CARTESIAN_POINT('',(309.71,140.7,54.13));
#11497=CARTESIAN_POINT('',(328.4,144.7,54.13));
#11498=CARTESIAN_POINT('',(328.4,144.7,54.13));
#11499=CARTESIAN_POINT('',(328.4,140.7,54.13));
#11500=CARTESIAN_POINT('Origin',(328.4,140.7,35.44));
#11501=CARTESIAN_POINT('',(328.4,140.7,35.44));
#11502=CARTESIAN_POINT('',(328.4,140.7,35.44));
#11503=CARTESIAN_POINT('',(328.4,144.7,35.44));
#11504=CARTESIAN_POINT('',(328.4,144.7,35.44));
#11505=CARTESIAN_POINT('',(328.4,140.7,35.44));
#11506=CARTESIAN_POINT('Origin',(309.71,140.7,35.44));
#11507=CARTESIAN_POINT('',(309.71,140.7,35.44));
#11508=CARTESIAN_POINT('',(309.71,140.7,35.44));
#11509=CARTESIAN_POINT('',(309.71,144.7,35.44));
#11510=CARTESIAN_POINT('',(309.71,144.7,35.44));
#11511=CARTESIAN_POINT('',(309.71,140.7,35.44));
#11512=CARTESIAN_POINT('Origin',(309.71,140.7,54.13));
#11513=CARTESIAN_POINT('',(309.71,140.7,54.13));
#11514=CARTESIAN_POINT('',(309.71,144.7,54.13));
#11515=CARTESIAN_POINT('Origin',(265.13,140.7,138.49));
#11516=CARTESIAN_POINT('',(265.13,140.7,138.49));
#11517=CARTESIAN_POINT('',(246.44,140.7,138.49));
#11518=CARTESIAN_POINT('',(265.13,140.7,138.49));
#11519=CARTESIAN_POINT('',(246.44,144.7,138.49));
#11520=CARTESIAN_POINT('',(246.44,140.7,138.49));
#11521=CARTESIAN_POINT('',(265.13,144.7,138.49));
#11522=CARTESIAN_POINT('',(265.13,144.7,138.49));
#11523=CARTESIAN_POINT('',(265.13,140.7,138.49));
#11524=CARTESIAN_POINT('Origin',(265.13,140.7,119.8));
#11525=CARTESIAN_POINT('',(265.13,140.7,119.8));
#11526=CARTESIAN_POINT('',(265.13,140.7,119.8));
#11527=CARTESIAN_POINT('',(265.13,144.7,119.8));
#11528=CARTESIAN_POINT('',(265.13,144.7,119.8));
#11529=CARTESIAN_POINT('',(265.13,140.7,119.8));
#11530=CARTESIAN_POINT('Origin',(246.44,140.7,119.8));
#11531=CARTESIAN_POINT('',(246.44,140.7,119.8));
#11532=CARTESIAN_POINT('',(246.44,140.7,119.8));
#11533=CARTESIAN_POINT('',(246.44,144.7,119.8));
#11534=CARTESIAN_POINT('',(246.44,144.7,119.8));
#11535=CARTESIAN_POINT('',(246.44,140.7,119.8));
#11536=CARTESIAN_POINT('Origin',(246.44,140.7,138.49));
#11537=CARTESIAN_POINT('',(246.44,140.7,138.49));
#11538=CARTESIAN_POINT('',(246.44,144.7,138.49));
#11539=CARTESIAN_POINT('Origin',(244.04,140.7,75.22));
#11540=CARTESIAN_POINT('',(244.04,140.7,75.22));
#11541=CARTESIAN_POINT('',(225.35,140.7,75.22));
#11542=CARTESIAN_POINT('',(244.04,140.7,75.22));
#11543=CARTESIAN_POINT('',(225.35,144.7,75.22));
#11544=CARTESIAN_POINT('',(225.35,140.7,75.22));
#11545=CARTESIAN_POINT('',(244.04,144.7,75.22));
#11546=CARTESIAN_POINT('',(244.04,144.7,75.22));
#11547=CARTESIAN_POINT('',(244.04,140.7,75.22));
#11548=CARTESIAN_POINT('Origin',(244.04,140.7,56.53));
#11549=CARTESIAN_POINT('',(244.04,140.7,56.53));
#11550=CARTESIAN_POINT('',(244.04,140.7,56.53));
#11551=CARTESIAN_POINT('',(244.04,144.7,56.53));
#11552=CARTESIAN_POINT('',(244.04,144.7,56.53));
#11553=CARTESIAN_POINT('',(244.04,140.7,56.53));
#11554=CARTESIAN_POINT('Origin',(225.35,140.7,56.53));
#11555=CARTESIAN_POINT('',(225.35,140.7,56.53));
#11556=CARTESIAN_POINT('',(225.35,140.7,56.53));
#11557=CARTESIAN_POINT('',(225.35,144.7,56.53));
#11558=CARTESIAN_POINT('',(225.35,144.7,56.53));
#11559=CARTESIAN_POINT('',(225.35,140.7,56.53));
#11560=CARTESIAN_POINT('Origin',(225.35,140.7,75.22));
#11561=CARTESIAN_POINT('',(225.35,140.7,75.22));
#11562=CARTESIAN_POINT('',(225.35,144.7,75.22));
#11563=CARTESIAN_POINT('Origin',(159.68,140.7,96.31));
#11564=CARTESIAN_POINT('',(159.68,140.7,96.31));
#11565=CARTESIAN_POINT('',(140.99,140.7,96.31));
#11566=CARTESIAN_POINT('',(159.68,140.7,96.31));
#11567=CARTESIAN_POINT('',(140.99,144.7,96.31));
#11568=CARTESIAN_POINT('',(140.99,140.7,96.31));
#11569=CARTESIAN_POINT('',(159.68,144.7,96.31));
#11570=CARTESIAN_POINT('',(159.68,144.7,96.31));
#11571=CARTESIAN_POINT('',(159.68,140.7,96.31));
#11572=CARTESIAN_POINT('Origin',(159.68,140.7,77.62));
#11573=CARTESIAN_POINT('',(159.68,140.7,77.62));
#11574=CARTESIAN_POINT('',(159.68,140.7,77.62));
#11575=CARTESIAN_POINT('',(159.68,144.7,77.62));
#11576=CARTESIAN_POINT('',(159.68,144.7,77.62));
#11577=CARTESIAN_POINT('',(159.68,140.7,77.62));
#11578=CARTESIAN_POINT('Origin',(140.99,140.7,77.62));
#11579=CARTESIAN_POINT('',(140.99,140.7,77.62));
#11580=CARTESIAN_POINT('',(140.99,140.7,77.62));
#11581=CARTESIAN_POINT('',(140.99,144.7,77.62));
#11582=CARTESIAN_POINT('',(140.99,144.7,77.62));
#11583=CARTESIAN_POINT('',(140.99,140.7,77.62));
#11584=CARTESIAN_POINT('Origin',(140.99,140.7,96.31));
#11585=CARTESIAN_POINT('',(140.99,140.7,96.31));
#11586=CARTESIAN_POINT('',(140.99,144.7,96.31));
#11587=CARTESIAN_POINT('Origin',(265.13,140.7,75.22));
#11588=CARTESIAN_POINT('',(265.13,140.7,75.22));
#11589=CARTESIAN_POINT('',(246.44,140.7,75.22));
#11590=CARTESIAN_POINT('',(265.13,140.7,75.22));
#11591=CARTESIAN_POINT('',(246.44,144.7,75.22));
#11592=CARTESIAN_POINT('',(246.44,140.7,75.22));
#11593=CARTESIAN_POINT('',(265.13,144.7,75.22));
#11594=CARTESIAN_POINT('',(265.13,144.7,75.22));
#11595=CARTESIAN_POINT('',(265.13,140.7,75.22));
#11596=CARTESIAN_POINT('Origin',(265.13,140.7,56.53));
#11597=CARTESIAN_POINT('',(265.13,140.7,56.53));
#11598=CARTESIAN_POINT('',(265.13,140.7,56.53));
#11599=CARTESIAN_POINT('',(265.13,144.7,56.53));
#11600=CARTESIAN_POINT('',(265.13,144.7,56.53));
#11601=CARTESIAN_POINT('',(265.13,140.7,56.53));
#11602=CARTESIAN_POINT('Origin',(246.44,140.7,56.53));
#11603=CARTESIAN_POINT('',(246.44,140.7,56.53));
#11604=CARTESIAN_POINT('',(246.44,140.7,56.53));
#11605=CARTESIAN_POINT('',(246.44,144.7,56.53));
#11606=CARTESIAN_POINT('',(246.44,144.7,56.53));
#11607=CARTESIAN_POINT('',(246.44,140.7,56.53));
#11608=CARTESIAN_POINT('Origin',(246.44,140.7,75.22));
#11609=CARTESIAN_POINT('',(246.44,140.7,75.22));
#11610=CARTESIAN_POINT('',(246.44,144.7,75.22));
#11611=CARTESIAN_POINT('Origin',(159.68,140.7,138.49));
#11612=CARTESIAN_POINT('',(159.68,140.7,138.49));
#11613=CARTESIAN_POINT('',(140.99,140.7,138.49));
#11614=CARTESIAN_POINT('',(159.68,140.7,138.49));
#11615=CARTESIAN_POINT('',(140.99,144.7,138.49));
#11616=CARTESIAN_POINT('',(140.99,140.7,138.49));
#11617=CARTESIAN_POINT('',(159.68,144.7,138.49));
#11618=CARTESIAN_POINT('',(159.68,144.7,138.49));
#11619=CARTESIAN_POINT('',(159.68,140.7,138.49));
#11620=CARTESIAN_POINT('Origin',(159.68,140.7,119.8));
#11621=CARTESIAN_POINT('',(159.68,140.7,119.8));
#11622=CARTESIAN_POINT('',(159.68,140.7,119.8));
#11623=CARTESIAN_POINT('',(159.68,144.7,119.8));
#11624=CARTESIAN_POINT('',(159.68,144.7,119.8));
#11625=CARTESIAN_POINT('',(159.68,140.7,119.8));
#11626=CARTESIAN_POINT('Origin',(140.99,140.7,119.8));
#11627=CARTESIAN_POINT('',(140.99,140.7,119.8));
#11628=CARTESIAN_POINT('',(140.99,140.7,119.8));
#11629=CARTESIAN_POINT('',(140.99,144.7,119.8));
#11630=CARTESIAN_POINT('',(140.99,144.7,119.8));
#11631=CARTESIAN_POINT('',(140.99,140.7,119.8));
#11632=CARTESIAN_POINT('Origin',(140.99,140.7,138.49));
#11633=CARTESIAN_POINT('',(140.99,140.7,138.49));
#11634=CARTESIAN_POINT('',(140.99,144.7,138.49));
#11635=CARTESIAN_POINT('Origin',(244.04,140.7,180.67));
#11636=CARTESIAN_POINT('',(244.04,140.7,180.67));
#11637=CARTESIAN_POINT('',(225.35,140.7,180.67));
#11638=CARTESIAN_POINT('',(244.04,140.7,180.67));
#11639=CARTESIAN_POINT('',(225.35,144.7,180.67));
#11640=CARTESIAN_POINT('',(225.35,140.7,180.67));
#11641=CARTESIAN_POINT('',(244.04,144.7,180.67));
#11642=CARTESIAN_POINT('',(244.04,144.7,180.67));
#11643=CARTESIAN_POINT('',(244.04,140.7,180.67));
#11644=CARTESIAN_POINT('Origin',(244.04,140.7,161.98));
#11645=CARTESIAN_POINT('',(244.04,140.7,161.98));
#11646=CARTESIAN_POINT('',(244.04,140.7,161.98));
#11647=CARTESIAN_POINT('',(244.04,144.7,161.98));
#11648=CARTESIAN_POINT('',(244.04,144.7,161.98));
#11649=CARTESIAN_POINT('',(244.04,140.7,161.98));
#11650=CARTESIAN_POINT('Origin',(225.35,140.7,161.98));
#11651=CARTESIAN_POINT('',(225.35,140.7,161.98));
#11652=CARTESIAN_POINT('',(225.35,140.7,161.98));
#11653=CARTESIAN_POINT('',(225.35,144.7,161.98));
#11654=CARTESIAN_POINT('',(225.35,144.7,161.98));
#11655=CARTESIAN_POINT('',(225.35,140.7,161.98));
#11656=CARTESIAN_POINT('Origin',(225.35,140.7,180.67));
#11657=CARTESIAN_POINT('',(225.35,140.7,180.67));
#11658=CARTESIAN_POINT('',(225.35,144.7,180.67));
#11659=CARTESIAN_POINT('Origin',(138.59,140.7,117.4));
#11660=CARTESIAN_POINT('',(138.59,140.7,117.4));
#11661=CARTESIAN_POINT('',(119.9,140.7,117.4));
#11662=CARTESIAN_POINT('',(138.59,140.7,117.4));
#11663=CARTESIAN_POINT('',(119.9,144.7,117.4));
#11664=CARTESIAN_POINT('',(119.9,140.7,117.4));
#11665=CARTESIAN_POINT('',(138.59,144.7,117.4));
#11666=CARTESIAN_POINT('',(138.59,144.7,117.4));
#11667=CARTESIAN_POINT('',(138.59,140.7,117.4));
#11668=CARTESIAN_POINT('Origin',(138.59,140.7,98.71));
#11669=CARTESIAN_POINT('',(138.59,140.7,98.71));
#11670=CARTESIAN_POINT('',(138.59,140.7,98.71));
#11671=CARTESIAN_POINT('',(138.59,144.7,98.71));
#11672=CARTESIAN_POINT('',(138.59,144.7,98.71));
#11673=CARTESIAN_POINT('',(138.59,140.7,98.71));
#11674=CARTESIAN_POINT('Origin',(119.9,140.7,98.71));
#11675=CARTESIAN_POINT('',(119.9,140.7,98.71));
#11676=CARTESIAN_POINT('',(119.9,140.7,98.71));
#11677=CARTESIAN_POINT('',(119.9,144.7,98.71));
#11678=CARTESIAN_POINT('',(119.9,144.7,98.71));
#11679=CARTESIAN_POINT('',(119.9,140.7,98.71));
#11680=CARTESIAN_POINT('Origin',(119.9,140.7,117.4));
#11681=CARTESIAN_POINT('',(119.9,140.7,117.4));
#11682=CARTESIAN_POINT('',(119.9,144.7,117.4));
#11683=CARTESIAN_POINT('Origin',(244.04,140.7,117.4));
#11684=CARTESIAN_POINT('',(244.04,140.7,117.4));
#11685=CARTESIAN_POINT('',(225.35,140.7,117.4));
#11686=CARTESIAN_POINT('',(244.04,140.7,117.4));
#11687=CARTESIAN_POINT('',(225.35,144.7,117.4));
#11688=CARTESIAN_POINT('',(225.35,140.7,117.4));
#11689=CARTESIAN_POINT('',(244.04,144.7,117.4));
#11690=CARTESIAN_POINT('',(244.04,144.7,117.4));
#11691=CARTESIAN_POINT('',(244.04,140.7,117.4));
#11692=CARTESIAN_POINT('Origin',(244.04,140.7,98.71));
#11693=CARTESIAN_POINT('',(244.04,140.7,98.71));
#11694=CARTESIAN_POINT('',(244.04,140.7,98.71));
#11695=CARTESIAN_POINT('',(244.04,144.7,98.71));
#11696=CARTESIAN_POINT('',(244.04,144.7,98.71));
#11697=CARTESIAN_POINT('',(244.04,140.7,98.71));
#11698=CARTESIAN_POINT('Origin',(225.35,140.7,98.71));
#11699=CARTESIAN_POINT('',(225.35,140.7,98.71));
#11700=CARTESIAN_POINT('',(225.35,140.7,98.71));
#11701=CARTESIAN_POINT('',(225.35,144.7,98.71));
#11702=CARTESIAN_POINT('',(225.35,144.7,98.71));
#11703=CARTESIAN_POINT('',(225.35,140.7,98.71));
#11704=CARTESIAN_POINT('Origin',(225.35,140.7,117.4));
#11705=CARTESIAN_POINT('',(225.35,140.7,117.4));
#11706=CARTESIAN_POINT('',(225.35,144.7,117.4));
#11707=CARTESIAN_POINT('Origin',(201.86,140.7,117.4));
#11708=CARTESIAN_POINT('',(201.86,140.7,117.4));
#11709=CARTESIAN_POINT('',(183.17,140.7,117.4));
#11710=CARTESIAN_POINT('',(201.86,140.7,117.4));
#11711=CARTESIAN_POINT('',(183.17,144.7,117.4));
#11712=CARTESIAN_POINT('',(183.17,140.7,117.4));
#11713=CARTESIAN_POINT('',(201.86,144.7,117.4));
#11714=CARTESIAN_POINT('',(201.86,144.7,117.4));
#11715=CARTESIAN_POINT('',(201.86,140.7,117.4));
#11716=CARTESIAN_POINT('Origin',(201.86,140.7,98.71));
#11717=CARTESIAN_POINT('',(201.86,140.7,98.71));
#11718=CARTESIAN_POINT('',(201.86,140.7,98.71));
#11719=CARTESIAN_POINT('',(201.86,144.7,98.71));
#11720=CARTESIAN_POINT('',(201.86,144.7,98.71));
#11721=CARTESIAN_POINT('',(201.86,140.7,98.71));
#11722=CARTESIAN_POINT('Origin',(183.17,140.7,98.71));
#11723=CARTESIAN_POINT('',(183.17,140.7,98.71));
#11724=CARTESIAN_POINT('',(183.17,140.7,98.71));
#11725=CARTESIAN_POINT('',(183.17,144.7,98.71));
#11726=CARTESIAN_POINT('',(183.17,144.7,98.71));
#11727=CARTESIAN_POINT('',(183.17,140.7,98.71));
#11728=CARTESIAN_POINT('Origin',(183.17,140.7,117.4));
#11729=CARTESIAN_POINT('',(183.17,140.7,117.4));
#11730=CARTESIAN_POINT('',(183.17,144.7,117.4));
#11731=CARTESIAN_POINT('Origin',(244.04,140.7,201.76));
#11732=CARTESIAN_POINT('',(244.04,140.7,201.76));
#11733=CARTESIAN_POINT('',(225.35,140.7,201.76));
#11734=CARTESIAN_POINT('',(244.04,140.7,201.76));
#11735=CARTESIAN_POINT('',(225.35,144.7,201.76));
#11736=CARTESIAN_POINT('',(225.35,140.7,201.76));
#11737=CARTESIAN_POINT('',(244.04,144.7,201.76));
#11738=CARTESIAN_POINT('',(244.04,144.7,201.76));
#11739=CARTESIAN_POINT('',(244.04,140.7,201.76));
#11740=CARTESIAN_POINT('Origin',(244.04,140.7,183.07));
#11741=CARTESIAN_POINT('',(244.04,140.7,183.07));
#11742=CARTESIAN_POINT('',(244.04,140.7,183.07));
#11743=CARTESIAN_POINT('',(244.04,144.7,183.07));
#11744=CARTESIAN_POINT('',(244.04,144.7,183.07));
#11745=CARTESIAN_POINT('',(244.04,140.7,183.07));
#11746=CARTESIAN_POINT('Origin',(225.35,140.7,183.07));
#11747=CARTESIAN_POINT('',(225.35,140.7,183.07));
#11748=CARTESIAN_POINT('',(225.35,140.7,183.07));
#11749=CARTESIAN_POINT('',(225.35,144.7,183.07));
#11750=CARTESIAN_POINT('',(225.35,144.7,183.07));
#11751=CARTESIAN_POINT('',(225.35,140.7,183.07));
#11752=CARTESIAN_POINT('Origin',(225.35,140.7,201.76));
#11753=CARTESIAN_POINT('',(225.35,140.7,201.76));
#11754=CARTESIAN_POINT('',(225.35,144.7,201.76));
#11755=CARTESIAN_POINT('Origin',(201.86,140.7,159.58));
#11756=CARTESIAN_POINT('',(201.86,140.7,159.58));
#11757=CARTESIAN_POINT('',(183.17,140.7,159.58));
#11758=CARTESIAN_POINT('',(201.86,140.7,159.58));
#11759=CARTESIAN_POINT('',(183.17,144.7,159.58));
#11760=CARTESIAN_POINT('',(183.17,140.7,159.58));
#11761=CARTESIAN_POINT('',(201.86,144.7,159.58));
#11762=CARTESIAN_POINT('',(201.86,144.7,159.58));
#11763=CARTESIAN_POINT('',(201.86,140.7,159.58));
#11764=CARTESIAN_POINT('Origin',(201.86,140.7,140.89));
#11765=CARTESIAN_POINT('',(201.86,140.7,140.89));
#11766=CARTESIAN_POINT('',(201.86,140.7,140.89));
#11767=CARTESIAN_POINT('',(201.86,144.7,140.89));
#11768=CARTESIAN_POINT('',(201.86,144.7,140.89));
#11769=CARTESIAN_POINT('',(201.86,140.7,140.89));
#11770=CARTESIAN_POINT('Origin',(183.17,140.7,140.89));
#11771=CARTESIAN_POINT('',(183.17,140.7,140.89));
#11772=CARTESIAN_POINT('',(183.17,140.7,140.89));
#11773=CARTESIAN_POINT('',(183.17,144.7,140.89));
#11774=CARTESIAN_POINT('',(183.17,144.7,140.89));
#11775=CARTESIAN_POINT('',(183.17,140.7,140.89));
#11776=CARTESIAN_POINT('Origin',(183.17,140.7,159.58));
#11777=CARTESIAN_POINT('',(183.17,140.7,159.58));
#11778=CARTESIAN_POINT('',(183.17,144.7,159.58));
#11779=CARTESIAN_POINT('Origin',(307.31,140.7,96.31));
#11780=CARTESIAN_POINT('',(307.31,140.7,96.31));
#11781=CARTESIAN_POINT('',(288.62,140.7,96.31));
#11782=CARTESIAN_POINT('',(307.31,140.7,96.31));
#11783=CARTESIAN_POINT('',(288.62,144.7,96.31));
#11784=CARTESIAN_POINT('',(288.62,140.7,96.31));
#11785=CARTESIAN_POINT('',(307.31,144.7,96.31));
#11786=CARTESIAN_POINT('',(307.31,144.7,96.31));
#11787=CARTESIAN_POINT('',(307.31,140.7,96.31));
#11788=CARTESIAN_POINT('Origin',(307.31,140.7,77.62));
#11789=CARTESIAN_POINT('',(307.31,140.7,77.62));
#11790=CARTESIAN_POINT('',(307.31,140.7,77.62));
#11791=CARTESIAN_POINT('',(307.31,144.7,77.62));
#11792=CARTESIAN_POINT('',(307.31,144.7,77.62));
#11793=CARTESIAN_POINT('',(307.31,140.7,77.62));
#11794=CARTESIAN_POINT('Origin',(288.62,140.7,77.62));
#11795=CARTESIAN_POINT('',(288.62,140.7,77.62));
#11796=CARTESIAN_POINT('',(288.62,140.7,77.62));
#11797=CARTESIAN_POINT('',(288.62,144.7,77.62));
#11798=CARTESIAN_POINT('',(288.62,144.7,77.62));
#11799=CARTESIAN_POINT('',(288.62,140.7,77.62));
#11800=CARTESIAN_POINT('Origin',(288.62,140.7,96.31));
#11801=CARTESIAN_POINT('',(288.62,140.7,96.31));
#11802=CARTESIAN_POINT('',(288.62,144.7,96.31));
#11803=CARTESIAN_POINT('Origin',(222.95,140.7,159.58));
#11804=CARTESIAN_POINT('',(222.95,140.7,159.58));
#11805=CARTESIAN_POINT('',(204.26,140.7,159.58));
#11806=CARTESIAN_POINT('',(222.95,140.7,159.58));
#11807=CARTESIAN_POINT('',(204.26,144.7,159.58));
#11808=CARTESIAN_POINT('',(204.26,140.7,159.58));
#11809=CARTESIAN_POINT('',(222.95,144.7,159.58));
#11810=CARTESIAN_POINT('',(222.95,144.7,159.58));
#11811=CARTESIAN_POINT('',(222.95,140.7,159.58));
#11812=CARTESIAN_POINT('Origin',(222.95,140.7,140.89));
#11813=CARTESIAN_POINT('',(222.95,140.7,140.89));
#11814=CARTESIAN_POINT('',(222.95,140.7,140.89));
#11815=CARTESIAN_POINT('',(222.95,144.7,140.89));
#11816=CARTESIAN_POINT('',(222.95,144.7,140.89));
#11817=CARTESIAN_POINT('',(222.95,140.7,140.89));
#11818=CARTESIAN_POINT('Origin',(204.26,140.7,140.89));
#11819=CARTESIAN_POINT('',(204.26,140.7,140.89));
#11820=CARTESIAN_POINT('',(204.26,140.7,140.89));
#11821=CARTESIAN_POINT('',(204.26,144.7,140.89));
#11822=CARTESIAN_POINT('',(204.26,144.7,140.89));
#11823=CARTESIAN_POINT('',(204.26,140.7,140.89));
#11824=CARTESIAN_POINT('Origin',(204.26,140.7,159.58));
#11825=CARTESIAN_POINT('',(204.26,140.7,159.58));
#11826=CARTESIAN_POINT('',(204.26,144.7,159.58));
#11827=CARTESIAN_POINT('Origin',(222.95,140.7,54.13));
#11828=CARTESIAN_POINT('',(222.95,140.7,54.13));
#11829=CARTESIAN_POINT('',(204.26,140.7,54.13));
#11830=CARTESIAN_POINT('',(222.95,140.7,54.13));
#11831=CARTESIAN_POINT('',(204.26,144.7,54.13));
#11832=CARTESIAN_POINT('',(204.26,140.7,54.13));
#11833=CARTESIAN_POINT('',(222.95,144.7,54.13));
#11834=CARTESIAN_POINT('',(222.95,144.7,54.13));
#11835=CARTESIAN_POINT('',(222.95,140.7,54.13));
#11836=CARTESIAN_POINT('Origin',(222.95,140.7,35.44));
#11837=CARTESIAN_POINT('',(222.95,140.7,35.44));
#11838=CARTESIAN_POINT('',(222.95,140.7,35.44));
#11839=CARTESIAN_POINT('',(222.95,144.7,35.44));
#11840=CARTESIAN_POINT('',(222.95,144.7,35.44));
#11841=CARTESIAN_POINT('',(222.95,140.7,35.44));
#11842=CARTESIAN_POINT('Origin',(204.26,140.7,35.44));
#11843=CARTESIAN_POINT('',(204.26,140.7,35.44));
#11844=CARTESIAN_POINT('',(204.26,140.7,35.44));
#11845=CARTESIAN_POINT('',(204.26,144.7,35.44));
#11846=CARTESIAN_POINT('',(204.26,144.7,35.44));
#11847=CARTESIAN_POINT('',(204.26,140.7,35.44));
#11848=CARTESIAN_POINT('Origin',(204.26,140.7,54.13));
#11849=CARTESIAN_POINT('',(204.26,140.7,54.13));
#11850=CARTESIAN_POINT('',(204.26,144.7,54.13));
#11851=CARTESIAN_POINT('Origin',(265.13,140.7,222.85));
#11852=CARTESIAN_POINT('',(265.13,140.7,222.85));
#11853=CARTESIAN_POINT('',(246.44,140.7,222.85));
#11854=CARTESIAN_POINT('',(265.13,140.7,222.85));
#11855=CARTESIAN_POINT('',(246.44,144.7,222.85));
#11856=CARTESIAN_POINT('',(246.44,140.7,222.85));
#11857=CARTESIAN_POINT('',(265.13,144.7,222.85));
#11858=CARTESIAN_POINT('',(265.13,144.7,222.85));
#11859=CARTESIAN_POINT('',(265.13,140.7,222.85));
#11860=CARTESIAN_POINT('Origin',(265.13,140.7,204.16));
#11861=CARTESIAN_POINT('',(265.13,140.7,204.16));
#11862=CARTESIAN_POINT('',(265.13,140.7,204.16));
#11863=CARTESIAN_POINT('',(265.13,144.7,204.16));
#11864=CARTESIAN_POINT('',(265.13,144.7,204.16));
#11865=CARTESIAN_POINT('',(265.13,140.7,204.16));
#11866=CARTESIAN_POINT('Origin',(246.44,140.7,204.16));
#11867=CARTESIAN_POINT('',(246.44,140.7,204.16));
#11868=CARTESIAN_POINT('',(246.44,140.7,204.16));
#11869=CARTESIAN_POINT('',(246.44,144.7,204.16));
#11870=CARTESIAN_POINT('',(246.44,144.7,204.16));
#11871=CARTESIAN_POINT('',(246.44,140.7,204.16));
#11872=CARTESIAN_POINT('Origin',(246.44,140.7,222.85));
#11873=CARTESIAN_POINT('',(246.44,140.7,222.85));
#11874=CARTESIAN_POINT('',(246.44,144.7,222.85));
#11875=CARTESIAN_POINT('Origin',(201.86,140.7,33.04));
#11876=CARTESIAN_POINT('',(201.86,140.7,33.04));
#11877=CARTESIAN_POINT('',(183.17,140.7,33.04));
#11878=CARTESIAN_POINT('',(201.86,140.7,33.04));
#11879=CARTESIAN_POINT('',(183.17,144.7,33.04));
#11880=CARTESIAN_POINT('',(183.17,140.7,33.04));
#11881=CARTESIAN_POINT('',(201.86,144.7,33.04));
#11882=CARTESIAN_POINT('',(201.86,144.7,33.04));
#11883=CARTESIAN_POINT('',(201.86,140.7,33.04));
#11884=CARTESIAN_POINT('Origin',(201.86,140.7,14.35));
#11885=CARTESIAN_POINT('',(201.86,140.7,14.35));
#11886=CARTESIAN_POINT('',(201.86,140.7,14.35));
#11887=CARTESIAN_POINT('',(201.86,144.7,14.35));
#11888=CARTESIAN_POINT('',(201.86,144.7,14.35));
#11889=CARTESIAN_POINT('',(201.86,140.7,14.35));
#11890=CARTESIAN_POINT('Origin',(183.17,140.7,14.35));
#11891=CARTESIAN_POINT('',(183.17,140.7,14.35));
#11892=CARTESIAN_POINT('',(183.17,140.7,14.35));
#11893=CARTESIAN_POINT('',(183.17,144.7,14.35));
#11894=CARTESIAN_POINT('',(183.17,144.7,14.35));
#11895=CARTESIAN_POINT('',(183.17,140.7,14.35));
#11896=CARTESIAN_POINT('Origin',(183.17,140.7,33.04));
#11897=CARTESIAN_POINT('',(183.17,140.7,33.04));
#11898=CARTESIAN_POINT('',(183.17,144.7,33.04));
#11899=CARTESIAN_POINT('Origin',(180.77,140.7,117.4));
#11900=CARTESIAN_POINT('',(180.77,140.7,117.4));
#11901=CARTESIAN_POINT('',(162.08,140.7,117.4));
#11902=CARTESIAN_POINT('',(180.77,140.7,117.4));
#11903=CARTESIAN_POINT('',(162.08,144.7,117.4));
#11904=CARTESIAN_POINT('',(162.08,140.7,117.4));
#11905=CARTESIAN_POINT('',(180.77,144.7,117.4));
#11906=CARTESIAN_POINT('',(180.77,144.7,117.4));
#11907=CARTESIAN_POINT('',(180.77,140.7,117.4));
#11908=CARTESIAN_POINT('Origin',(180.77,140.7,98.71));
#11909=CARTESIAN_POINT('',(180.77,140.7,98.71));
#11910=CARTESIAN_POINT('',(180.77,140.7,98.71));
#11911=CARTESIAN_POINT('',(180.77,144.7,98.71));
#11912=CARTESIAN_POINT('',(180.77,144.7,98.71));
#11913=CARTESIAN_POINT('',(180.77,140.7,98.71));
#11914=CARTESIAN_POINT('Origin',(162.08,140.7,98.71));
#11915=CARTESIAN_POINT('',(162.08,140.7,98.71));
#11916=CARTESIAN_POINT('',(162.08,140.7,98.71));
#11917=CARTESIAN_POINT('',(162.08,144.7,98.71));
#11918=CARTESIAN_POINT('',(162.08,144.7,98.71));
#11919=CARTESIAN_POINT('',(162.08,140.7,98.71));
#11920=CARTESIAN_POINT('Origin',(162.08,140.7,117.4));
#11921=CARTESIAN_POINT('',(162.08,140.7,117.4));
#11922=CARTESIAN_POINT('',(162.08,144.7,117.4));
#11923=CARTESIAN_POINT('Origin',(180.77,140.7,201.76));
#11924=CARTESIAN_POINT('',(180.77,140.7,201.76));
#11925=CARTESIAN_POINT('',(162.08,140.7,201.76));
#11926=CARTESIAN_POINT('',(180.77,140.7,201.76));
#11927=CARTESIAN_POINT('',(162.08,144.7,201.76));
#11928=CARTESIAN_POINT('',(162.08,140.7,201.76));
#11929=CARTESIAN_POINT('',(180.77,144.7,201.76));
#11930=CARTESIAN_POINT('',(180.77,144.7,201.76));
#11931=CARTESIAN_POINT('',(180.77,140.7,201.76));
#11932=CARTESIAN_POINT('Origin',(180.77,140.7,183.07));
#11933=CARTESIAN_POINT('',(180.77,140.7,183.07));
#11934=CARTESIAN_POINT('',(180.77,140.7,183.07));
#11935=CARTESIAN_POINT('',(180.77,144.7,183.07));
#11936=CARTESIAN_POINT('',(180.77,144.7,183.07));
#11937=CARTESIAN_POINT('',(180.77,140.7,183.07));
#11938=CARTESIAN_POINT('Origin',(162.08,140.7,183.07));
#11939=CARTESIAN_POINT('',(162.08,140.7,183.07));
#11940=CARTESIAN_POINT('',(162.08,140.7,183.07));
#11941=CARTESIAN_POINT('',(162.08,144.7,183.07));
#11942=CARTESIAN_POINT('',(162.08,144.7,183.07));
#11943=CARTESIAN_POINT('',(162.08,140.7,183.07));
#11944=CARTESIAN_POINT('Origin',(162.08,140.7,201.76));
#11945=CARTESIAN_POINT('',(162.08,140.7,201.76));
#11946=CARTESIAN_POINT('',(162.08,144.7,201.76));
#11947=CARTESIAN_POINT('Origin',(201.86,140.7,180.67));
#11948=CARTESIAN_POINT('',(201.86,140.7,180.67));
#11949=CARTESIAN_POINT('',(183.17,140.7,180.67));
#11950=CARTESIAN_POINT('',(201.86,140.7,180.67));
#11951=CARTESIAN_POINT('',(183.17,144.7,180.67));
#11952=CARTESIAN_POINT('',(183.17,140.7,180.67));
#11953=CARTESIAN_POINT('',(201.86,144.7,180.67));
#11954=CARTESIAN_POINT('',(201.86,144.7,180.67));
#11955=CARTESIAN_POINT('',(201.86,140.7,180.67));
#11956=CARTESIAN_POINT('Origin',(201.86,140.7,161.98));
#11957=CARTESIAN_POINT('',(201.86,140.7,161.98));
#11958=CARTESIAN_POINT('',(201.86,140.7,161.98));
#11959=CARTESIAN_POINT('',(201.86,144.7,161.98));
#11960=CARTESIAN_POINT('',(201.86,144.7,161.98));
#11961=CARTESIAN_POINT('',(201.86,140.7,161.98));
#11962=CARTESIAN_POINT('Origin',(183.17,140.7,161.98));
#11963=CARTESIAN_POINT('',(183.17,140.7,161.98));
#11964=CARTESIAN_POINT('',(183.17,140.7,161.98));
#11965=CARTESIAN_POINT('',(183.17,144.7,161.98));
#11966=CARTESIAN_POINT('',(183.17,144.7,161.98));
#11967=CARTESIAN_POINT('',(183.17,140.7,161.98));
#11968=CARTESIAN_POINT('Origin',(183.17,140.7,180.67));
#11969=CARTESIAN_POINT('',(183.17,140.7,180.67));
#11970=CARTESIAN_POINT('',(183.17,144.7,180.67));
#11971=CARTESIAN_POINT('Origin',(159.68,140.7,201.76));
#11972=CARTESIAN_POINT('',(159.68,140.7,201.76));
#11973=CARTESIAN_POINT('',(140.99,140.7,201.76));
#11974=CARTESIAN_POINT('',(159.68,140.7,201.76));
#11975=CARTESIAN_POINT('',(140.99,144.7,201.76));
#11976=CARTESIAN_POINT('',(140.99,140.7,201.76));
#11977=CARTESIAN_POINT('',(159.68,144.7,201.76));
#11978=CARTESIAN_POINT('',(159.68,144.7,201.76));
#11979=CARTESIAN_POINT('',(159.68,140.7,201.76));
#11980=CARTESIAN_POINT('Origin',(159.68,140.7,183.07));
#11981=CARTESIAN_POINT('',(159.68,140.7,183.07));
#11982=CARTESIAN_POINT('',(159.68,140.7,183.07));
#11983=CARTESIAN_POINT('',(159.68,144.7,183.07));
#11984=CARTESIAN_POINT('',(159.68,144.7,183.07));
#11985=CARTESIAN_POINT('',(159.68,140.7,183.07));
#11986=CARTESIAN_POINT('Origin',(140.99,140.7,183.07));
#11987=CARTESIAN_POINT('',(140.99,140.7,183.07));
#11988=CARTESIAN_POINT('',(140.99,140.7,183.07));
#11989=CARTESIAN_POINT('',(140.99,144.7,183.07));
#11990=CARTESIAN_POINT('',(140.99,144.7,183.07));
#11991=CARTESIAN_POINT('',(140.99,140.7,183.07));
#11992=CARTESIAN_POINT('Origin',(140.99,140.7,201.76));
#11993=CARTESIAN_POINT('',(140.99,140.7,201.76));
#11994=CARTESIAN_POINT('',(140.99,144.7,201.76));
#11995=CARTESIAN_POINT('Origin',(138.59,140.7,180.67));
#11996=CARTESIAN_POINT('',(138.59,140.7,180.67));
#11997=CARTESIAN_POINT('',(119.9,140.7,180.67));
#11998=CARTESIAN_POINT('',(138.59,140.7,180.67));
#11999=CARTESIAN_POINT('',(119.9,144.7,180.67));
#12000=CARTESIAN_POINT('',(119.9,140.7,180.67));
#12001=CARTESIAN_POINT('',(138.59,144.7,180.67));
#12002=CARTESIAN_POINT('',(138.59,144.7,180.67));
#12003=CARTESIAN_POINT('',(138.59,140.7,180.67));
#12004=CARTESIAN_POINT('Origin',(138.59,140.7,161.98));
#12005=CARTESIAN_POINT('',(138.59,140.7,161.98));
#12006=CARTESIAN_POINT('',(138.59,140.7,161.98));
#12007=CARTESIAN_POINT('',(138.59,144.7,161.98));
#12008=CARTESIAN_POINT('',(138.59,144.7,161.98));
#12009=CARTESIAN_POINT('',(138.59,140.7,161.98));
#12010=CARTESIAN_POINT('Origin',(119.9,140.7,161.98));
#12011=CARTESIAN_POINT('',(119.9,140.7,161.98));
#12012=CARTESIAN_POINT('',(119.9,140.7,161.98));
#12013=CARTESIAN_POINT('',(119.9,144.7,161.98));
#12014=CARTESIAN_POINT('',(119.9,144.7,161.98));
#12015=CARTESIAN_POINT('',(119.9,140.7,161.98));
#12016=CARTESIAN_POINT('Origin',(119.9,140.7,180.67));
#12017=CARTESIAN_POINT('',(119.9,140.7,180.67));
#12018=CARTESIAN_POINT('',(119.9,144.7,180.67));
#12019=CARTESIAN_POINT('Origin',(265.13,140.7,159.58));
#12020=CARTESIAN_POINT('',(265.13,140.7,159.58));
#12021=CARTESIAN_POINT('',(246.44,140.7,159.58));
#12022=CARTESIAN_POINT('',(265.13,140.7,159.58));
#12023=CARTESIAN_POINT('',(246.44,144.7,159.58));
#12024=CARTESIAN_POINT('',(246.44,140.7,159.58));
#12025=CARTESIAN_POINT('',(265.13,144.7,159.58));
#12026=CARTESIAN_POINT('',(265.13,144.7,159.58));
#12027=CARTESIAN_POINT('',(265.13,140.7,159.58));
#12028=CARTESIAN_POINT('Origin',(265.13,140.7,140.89));
#12029=CARTESIAN_POINT('',(265.13,140.7,140.89));
#12030=CARTESIAN_POINT('',(265.13,140.7,140.89));
#12031=CARTESIAN_POINT('',(265.13,144.7,140.89));
#12032=CARTESIAN_POINT('',(265.13,144.7,140.89));
#12033=CARTESIAN_POINT('',(265.13,140.7,140.89));
#12034=CARTESIAN_POINT('Origin',(246.44,140.7,140.89));
#12035=CARTESIAN_POINT('',(246.44,140.7,140.89));
#12036=CARTESIAN_POINT('',(246.44,140.7,140.89));
#12037=CARTESIAN_POINT('',(246.44,144.7,140.89));
#12038=CARTESIAN_POINT('',(246.44,144.7,140.89));
#12039=CARTESIAN_POINT('',(246.44,140.7,140.89));
#12040=CARTESIAN_POINT('Origin',(246.44,140.7,159.58));
#12041=CARTESIAN_POINT('',(246.44,140.7,159.58));
#12042=CARTESIAN_POINT('',(246.44,144.7,159.58));
#12043=CARTESIAN_POINT('Origin',(286.22,140.7,33.04));
#12044=CARTESIAN_POINT('',(286.22,140.7,33.04));
#12045=CARTESIAN_POINT('',(267.53,140.7,33.04));
#12046=CARTESIAN_POINT('',(286.22,140.7,33.04));
#12047=CARTESIAN_POINT('',(267.53,144.7,33.04));
#12048=CARTESIAN_POINT('',(267.53,140.7,33.04));
#12049=CARTESIAN_POINT('',(286.22,144.7,33.04));
#12050=CARTESIAN_POINT('',(286.22,144.7,33.04));
#12051=CARTESIAN_POINT('',(286.22,140.7,33.04));
#12052=CARTESIAN_POINT('Origin',(286.22,140.7,14.35));
#12053=CARTESIAN_POINT('',(286.22,140.7,14.35));
#12054=CARTESIAN_POINT('',(286.22,140.7,14.35));
#12055=CARTESIAN_POINT('',(286.22,144.7,14.35));
#12056=CARTESIAN_POINT('',(286.22,144.7,14.35));
#12057=CARTESIAN_POINT('',(286.22,140.7,14.35));
#12058=CARTESIAN_POINT('Origin',(267.53,140.7,14.35));
#12059=CARTESIAN_POINT('',(267.53,140.7,14.35));
#12060=CARTESIAN_POINT('',(267.53,140.7,14.35));
#12061=CARTESIAN_POINT('',(267.53,144.7,14.35));
#12062=CARTESIAN_POINT('',(267.53,144.7,14.35));
#12063=CARTESIAN_POINT('',(267.53,140.7,14.35));
#12064=CARTESIAN_POINT('Origin',(267.53,140.7,33.04));
#12065=CARTESIAN_POINT('',(267.53,140.7,33.04));
#12066=CARTESIAN_POINT('',(267.53,144.7,33.04));
#12067=CARTESIAN_POINT('Origin',(180.77,140.7,222.85));
#12068=CARTESIAN_POINT('',(180.77,140.7,222.85));
#12069=CARTESIAN_POINT('',(162.08,140.7,222.85));
#12070=CARTESIAN_POINT('',(180.77,140.7,222.85));
#12071=CARTESIAN_POINT('',(162.08,144.7,222.85));
#12072=CARTESIAN_POINT('',(162.08,140.7,222.85));
#12073=CARTESIAN_POINT('',(180.77,144.7,222.85));
#12074=CARTESIAN_POINT('',(180.77,144.7,222.85));
#12075=CARTESIAN_POINT('',(180.77,140.7,222.85));
#12076=CARTESIAN_POINT('Origin',(180.77,140.7,204.16));
#12077=CARTESIAN_POINT('',(180.77,140.7,204.16));
#12078=CARTESIAN_POINT('',(180.77,140.7,204.16));
#12079=CARTESIAN_POINT('',(180.77,144.7,204.16));
#12080=CARTESIAN_POINT('',(180.77,144.7,204.16));
#12081=CARTESIAN_POINT('',(180.77,140.7,204.16));
#12082=CARTESIAN_POINT('Origin',(162.08,140.7,204.16));
#12083=CARTESIAN_POINT('',(162.08,140.7,204.16));
#12084=CARTESIAN_POINT('',(162.08,140.7,204.16));
#12085=CARTESIAN_POINT('',(162.08,144.7,204.16));
#12086=CARTESIAN_POINT('',(162.08,144.7,204.16));
#12087=CARTESIAN_POINT('',(162.08,140.7,204.16));
#12088=CARTESIAN_POINT('Origin',(162.08,140.7,222.85));
#12089=CARTESIAN_POINT('',(162.08,140.7,222.85));
#12090=CARTESIAN_POINT('',(162.08,144.7,222.85));
#12091=CARTESIAN_POINT('Origin',(138.59,140.7,14.35));
#12092=CARTESIAN_POINT('',(138.59,140.7,14.35));
#12093=CARTESIAN_POINT('',(138.59,140.7,33.04));
#12094=CARTESIAN_POINT('',(138.59,140.7,14.35));
#12095=CARTESIAN_POINT('',(138.59,144.7,33.04));
#12096=CARTESIAN_POINT('',(138.59,140.7,33.04));
#12097=CARTESIAN_POINT('',(138.59,144.7,14.35));
#12098=CARTESIAN_POINT('',(138.59,144.7,14.35));
#12099=CARTESIAN_POINT('',(138.59,140.7,14.35));
#12100=CARTESIAN_POINT('Origin',(119.9,140.7,14.35));
#12101=CARTESIAN_POINT('',(119.9,140.7,14.35));
#12102=CARTESIAN_POINT('',(119.9,140.7,14.35));
#12103=CARTESIAN_POINT('',(119.9,144.7,14.35));
#12104=CARTESIAN_POINT('',(119.9,144.7,14.35));
#12105=CARTESIAN_POINT('',(119.9,140.7,14.35));
#12106=CARTESIAN_POINT('Origin',(119.9,140.7,33.04));
#12107=CARTESIAN_POINT('',(119.9,140.7,33.04));
#12108=CARTESIAN_POINT('',(119.9,140.7,33.04));
#12109=CARTESIAN_POINT('',(119.9,144.7,33.04));
#12110=CARTESIAN_POINT('',(119.9,144.7,33.04));
#12111=CARTESIAN_POINT('',(119.9,140.7,33.04));
#12112=CARTESIAN_POINT('Origin',(138.59,140.7,33.04));
#12113=CARTESIAN_POINT('',(138.59,140.7,33.04));
#12114=CARTESIAN_POINT('',(138.59,144.7,33.04));
#12115=CARTESIAN_POINT('Origin',(307.31,140.7,33.04));
#12116=CARTESIAN_POINT('',(307.31,140.7,33.04));
#12117=CARTESIAN_POINT('',(288.62,140.7,33.04));
#12118=CARTESIAN_POINT('',(307.31,140.7,33.04));
#12119=CARTESIAN_POINT('',(288.62,144.7,33.04));
#12120=CARTESIAN_POINT('',(288.62,140.7,33.04));
#12121=CARTESIAN_POINT('',(307.31,144.7,33.04));
#12122=CARTESIAN_POINT('',(307.31,144.7,33.04));
#12123=CARTESIAN_POINT('',(307.31,140.7,33.04));
#12124=CARTESIAN_POINT('Origin',(307.31,140.7,14.35));
#12125=CARTESIAN_POINT('',(307.31,140.7,14.35));
#12126=CARTESIAN_POINT('',(307.31,140.7,14.35));
#12127=CARTESIAN_POINT('',(307.31,144.7,14.35));
#12128=CARTESIAN_POINT('',(307.31,144.7,14.35));
#12129=CARTESIAN_POINT('',(307.31,140.7,14.35));
#12130=CARTESIAN_POINT('Origin',(288.62,140.7,14.35));
#12131=CARTESIAN_POINT('',(288.62,140.7,14.35));
#12132=CARTESIAN_POINT('',(288.62,140.7,14.35));
#12133=CARTESIAN_POINT('',(288.62,144.7,14.35));
#12134=CARTESIAN_POINT('',(288.62,144.7,14.35));
#12135=CARTESIAN_POINT('',(288.62,140.7,14.35));
#12136=CARTESIAN_POINT('Origin',(288.62,140.7,33.04));
#12137=CARTESIAN_POINT('',(288.62,140.7,33.04));
#12138=CARTESIAN_POINT('',(288.62,144.7,33.04));
#12139=CARTESIAN_POINT('Origin',(286.22,140.7,117.4));
#12140=CARTESIAN_POINT('',(286.22,140.7,117.4));
#12141=CARTESIAN_POINT('',(267.53,140.7,117.4));
#12142=CARTESIAN_POINT('',(286.22,140.7,117.4));
#12143=CARTESIAN_POINT('',(267.53,144.7,117.4));
#12144=CARTESIAN_POINT('',(267.53,140.7,117.4));
#12145=CARTESIAN_POINT('',(286.22,144.7,117.4));
#12146=CARTESIAN_POINT('',(286.22,144.7,117.4));
#12147=CARTESIAN_POINT('',(286.22,140.7,117.4));
#12148=CARTESIAN_POINT('Origin',(286.22,140.7,98.71));
#12149=CARTESIAN_POINT('',(286.22,140.7,98.71));
#12150=CARTESIAN_POINT('',(286.22,140.7,98.71));
#12151=CARTESIAN_POINT('',(286.22,144.7,98.71));
#12152=CARTESIAN_POINT('',(286.22,144.7,98.71));
#12153=CARTESIAN_POINT('',(286.22,140.7,98.71));
#12154=CARTESIAN_POINT('Origin',(267.53,140.7,98.71));
#12155=CARTESIAN_POINT('',(267.53,140.7,98.71));
#12156=CARTESIAN_POINT('',(267.53,140.7,98.71));
#12157=CARTESIAN_POINT('',(267.53,144.7,98.71));
#12158=CARTESIAN_POINT('',(267.53,144.7,98.71));
#12159=CARTESIAN_POINT('',(267.53,140.7,98.71));
#12160=CARTESIAN_POINT('Origin',(267.53,140.7,117.4));
#12161=CARTESIAN_POINT('',(267.53,140.7,117.4));
#12162=CARTESIAN_POINT('',(267.53,144.7,117.4));
#12163=CARTESIAN_POINT('Origin',(265.13,140.7,201.76));
#12164=CARTESIAN_POINT('',(265.13,140.7,201.76));
#12165=CARTESIAN_POINT('',(246.44,140.7,201.76));
#12166=CARTESIAN_POINT('',(265.13,140.7,201.76));
#12167=CARTESIAN_POINT('',(246.44,144.7,201.76));
#12168=CARTESIAN_POINT('',(246.44,140.7,201.76));
#12169=CARTESIAN_POINT('',(265.13,144.7,201.76));
#12170=CARTESIAN_POINT('',(265.13,144.7,201.76));
#12171=CARTESIAN_POINT('',(265.13,140.7,201.76));
#12172=CARTESIAN_POINT('Origin',(265.13,140.7,183.07));
#12173=CARTESIAN_POINT('',(265.13,140.7,183.07));
#12174=CARTESIAN_POINT('',(265.13,140.7,183.07));
#12175=CARTESIAN_POINT('',(265.13,144.7,183.07));
#12176=CARTESIAN_POINT('',(265.13,144.7,183.07));
#12177=CARTESIAN_POINT('',(265.13,140.7,183.07));
#12178=CARTESIAN_POINT('Origin',(246.44,140.7,183.07));
#12179=CARTESIAN_POINT('',(246.44,140.7,183.07));
#12180=CARTESIAN_POINT('',(246.44,140.7,183.07));
#12181=CARTESIAN_POINT('',(246.44,144.7,183.07));
#12182=CARTESIAN_POINT('',(246.44,144.7,183.07));
#12183=CARTESIAN_POINT('',(246.44,140.7,183.07));
#12184=CARTESIAN_POINT('Origin',(246.44,140.7,201.76));
#12185=CARTESIAN_POINT('',(246.44,140.7,201.76));
#12186=CARTESIAN_POINT('',(246.44,144.7,201.76));
#12187=CARTESIAN_POINT('Origin',(244.04,140.7,159.58));
#12188=CARTESIAN_POINT('',(244.04,140.7,159.58));
#12189=CARTESIAN_POINT('',(225.35,140.7,159.58));
#12190=CARTESIAN_POINT('',(244.04,140.7,159.58));
#12191=CARTESIAN_POINT('',(225.35,144.7,159.58));
#12192=CARTESIAN_POINT('',(225.35,140.7,159.58));
#12193=CARTESIAN_POINT('',(244.04,144.7,159.58));
#12194=CARTESIAN_POINT('',(244.04,144.7,159.58));
#12195=CARTESIAN_POINT('',(244.04,140.7,159.58));
#12196=CARTESIAN_POINT('Origin',(244.04,140.7,140.89));
#12197=CARTESIAN_POINT('',(244.04,140.7,140.89));
#12198=CARTESIAN_POINT('',(244.04,140.7,140.89));
#12199=CARTESIAN_POINT('',(244.04,144.7,140.89));
#12200=CARTESIAN_POINT('',(244.04,144.7,140.89));
#12201=CARTESIAN_POINT('',(244.04,140.7,140.89));
#12202=CARTESIAN_POINT('Origin',(225.35,140.7,140.89));
#12203=CARTESIAN_POINT('',(225.35,140.7,140.89));
#12204=CARTESIAN_POINT('',(225.35,140.7,140.89));
#12205=CARTESIAN_POINT('',(225.35,144.7,140.89));
#12206=CARTESIAN_POINT('',(225.35,144.7,140.89));
#12207=CARTESIAN_POINT('',(225.35,140.7,140.89));
#12208=CARTESIAN_POINT('Origin',(225.35,140.7,159.58));
#12209=CARTESIAN_POINT('',(225.35,140.7,159.58));
#12210=CARTESIAN_POINT('',(225.35,144.7,159.58));
#12211=CARTESIAN_POINT('Origin',(138.59,140.7,222.85));
#12212=CARTESIAN_POINT('',(138.59,140.7,222.85));
#12213=CARTESIAN_POINT('',(119.9,140.7,222.85));
#12214=CARTESIAN_POINT('',(138.59,140.7,222.85));
#12215=CARTESIAN_POINT('',(119.9,144.7,222.85));
#12216=CARTESIAN_POINT('',(119.9,140.7,222.85));
#12217=CARTESIAN_POINT('',(138.59,144.7,222.85));
#12218=CARTESIAN_POINT('',(138.59,144.7,222.85));
#12219=CARTESIAN_POINT('',(138.59,140.7,222.85));
#12220=CARTESIAN_POINT('Origin',(138.59,140.7,204.16));
#12221=CARTESIAN_POINT('',(138.59,140.7,204.16));
#12222=CARTESIAN_POINT('',(138.59,140.7,204.16));
#12223=CARTESIAN_POINT('',(138.59,144.7,204.16));
#12224=CARTESIAN_POINT('',(138.59,144.7,204.16));
#12225=CARTESIAN_POINT('',(138.59,140.7,204.16));
#12226=CARTESIAN_POINT('Origin',(119.9,140.7,204.16));
#12227=CARTESIAN_POINT('',(119.9,140.7,204.16));
#12228=CARTESIAN_POINT('',(119.9,140.7,204.16));
#12229=CARTESIAN_POINT('',(119.9,144.7,204.16));
#12230=CARTESIAN_POINT('',(119.9,144.7,204.16));
#12231=CARTESIAN_POINT('',(119.9,140.7,204.16));
#12232=CARTESIAN_POINT('Origin',(119.9,140.7,222.85));
#12233=CARTESIAN_POINT('',(119.9,140.7,222.85));
#12234=CARTESIAN_POINT('',(119.9,144.7,222.85));
#12235=CARTESIAN_POINT('Origin',(328.4,140.7,222.85));
#12236=CARTESIAN_POINT('',(328.4,140.7,222.85));
#12237=CARTESIAN_POINT('',(309.71,140.7,222.85));
#12238=CARTESIAN_POINT('',(328.4,140.7,222.85));
#12239=CARTESIAN_POINT('',(309.71,144.7,222.85));
#12240=CARTESIAN_POINT('',(309.71,140.7,222.85));
#12241=CARTESIAN_POINT('',(328.4,144.7,222.85));
#12242=CARTESIAN_POINT('',(328.4,144.7,222.85));
#12243=CARTESIAN_POINT('',(328.4,140.7,222.85));
#12244=CARTESIAN_POINT('Origin',(328.4,140.7,204.16));
#12245=CARTESIAN_POINT('',(328.4,140.7,204.16));
#12246=CARTESIAN_POINT('',(328.4,140.7,204.16));
#12247=CARTESIAN_POINT('',(328.4,144.7,204.16));
#12248=CARTESIAN_POINT('',(328.4,144.7,204.16));
#12249=CARTESIAN_POINT('',(328.4,140.7,204.16));
#12250=CARTESIAN_POINT('Origin',(309.71,140.7,204.16));
#12251=CARTESIAN_POINT('',(309.71,140.7,204.16));
#12252=CARTESIAN_POINT('',(309.71,140.7,204.16));
#12253=CARTESIAN_POINT('',(309.71,144.7,204.16));
#12254=CARTESIAN_POINT('',(309.71,144.7,204.16));
#12255=CARTESIAN_POINT('',(309.71,140.7,204.16));
#12256=CARTESIAN_POINT('Origin',(309.71,140.7,222.85));
#12257=CARTESIAN_POINT('',(309.71,140.7,222.85));
#12258=CARTESIAN_POINT('',(309.71,144.7,222.85));
#12259=CARTESIAN_POINT('Origin',(307.31,140.7,222.85));
#12260=CARTESIAN_POINT('',(307.31,140.7,222.85));
#12261=CARTESIAN_POINT('',(288.62,140.7,222.85));
#12262=CARTESIAN_POINT('',(307.31,140.7,222.85));
#12263=CARTESIAN_POINT('',(288.62,144.7,222.85));
#12264=CARTESIAN_POINT('',(288.62,140.7,222.85));
#12265=CARTESIAN_POINT('',(307.31,144.7,222.85));
#12266=CARTESIAN_POINT('',(307.31,144.7,222.85));
#12267=CARTESIAN_POINT('',(307.31,140.7,222.85));
#12268=CARTESIAN_POINT('Origin',(307.31,140.7,204.16));
#12269=CARTESIAN_POINT('',(307.31,140.7,204.16));
#12270=CARTESIAN_POINT('',(307.31,140.7,204.16));
#12271=CARTESIAN_POINT('',(307.31,144.7,204.16));
#12272=CARTESIAN_POINT('',(307.31,144.7,204.16));
#12273=CARTESIAN_POINT('',(307.31,140.7,204.16));
#12274=CARTESIAN_POINT('Origin',(288.62,140.7,204.16));
#12275=CARTESIAN_POINT('',(288.62,140.7,204.16));
#12276=CARTESIAN_POINT('',(288.62,140.7,204.16));
#12277=CARTESIAN_POINT('',(288.62,144.7,204.16));
#12278=CARTESIAN_POINT('',(288.62,144.7,204.16));
#12279=CARTESIAN_POINT('',(288.62,140.7,204.16));
#12280=CARTESIAN_POINT('Origin',(288.62,140.7,222.85));
#12281=CARTESIAN_POINT('',(288.62,140.7,222.85));
#12282=CARTESIAN_POINT('',(288.62,144.7,222.85));
#12283=CARTESIAN_POINT('Origin',(201.86,140.7,201.76));
#12284=CARTESIAN_POINT('',(201.86,140.7,201.76));
#12285=CARTESIAN_POINT('',(183.17,140.7,201.76));
#12286=CARTESIAN_POINT('',(201.86,140.7,201.76));
#12287=CARTESIAN_POINT('',(183.17,144.7,201.76));
#12288=CARTESIAN_POINT('',(183.17,140.7,201.76));
#12289=CARTESIAN_POINT('',(201.86,144.7,201.76));
#12290=CARTESIAN_POINT('',(201.86,144.7,201.76));
#12291=CARTESIAN_POINT('',(201.86,140.7,201.76));
#12292=CARTESIAN_POINT('Origin',(201.86,140.7,183.07));
#12293=CARTESIAN_POINT('',(201.86,140.7,183.07));
#12294=CARTESIAN_POINT('',(201.86,140.7,183.07));
#12295=CARTESIAN_POINT('',(201.86,144.7,183.07));
#12296=CARTESIAN_POINT('',(201.86,144.7,183.07));
#12297=CARTESIAN_POINT('',(201.86,140.7,183.07));
#12298=CARTESIAN_POINT('Origin',(183.17,140.7,183.07));
#12299=CARTESIAN_POINT('',(183.17,140.7,183.07));
#12300=CARTESIAN_POINT('',(183.17,140.7,183.07));
#12301=CARTESIAN_POINT('',(183.17,144.7,183.07));
#12302=CARTESIAN_POINT('',(183.17,144.7,183.07));
#12303=CARTESIAN_POINT('',(183.17,140.7,183.07));
#12304=CARTESIAN_POINT('Origin',(183.17,140.7,201.76));
#12305=CARTESIAN_POINT('',(183.17,140.7,201.76));
#12306=CARTESIAN_POINT('',(183.17,144.7,201.76));
#12307=CARTESIAN_POINT('Origin',(222.95,140.7,180.67));
#12308=CARTESIAN_POINT('',(222.95,140.7,180.67));
#12309=CARTESIAN_POINT('',(204.26,140.7,180.67));
#12310=CARTESIAN_POINT('',(222.95,140.7,180.67));
#12311=CARTESIAN_POINT('',(204.26,144.7,180.67));
#12312=CARTESIAN_POINT('',(204.26,140.7,180.67));
#12313=CARTESIAN_POINT('',(222.95,144.7,180.67));
#12314=CARTESIAN_POINT('',(222.95,144.7,180.67));
#12315=CARTESIAN_POINT('',(222.95,140.7,180.67));
#12316=CARTESIAN_POINT('Origin',(222.95,140.7,161.98));
#12317=CARTESIAN_POINT('',(222.95,140.7,161.98));
#12318=CARTESIAN_POINT('',(222.95,140.7,161.98));
#12319=CARTESIAN_POINT('',(222.95,144.7,161.98));
#12320=CARTESIAN_POINT('',(222.95,144.7,161.98));
#12321=CARTESIAN_POINT('',(222.95,140.7,161.98));
#12322=CARTESIAN_POINT('Origin',(204.26,140.7,161.98));
#12323=CARTESIAN_POINT('',(204.26,140.7,161.98));
#12324=CARTESIAN_POINT('',(204.26,140.7,161.98));
#12325=CARTESIAN_POINT('',(204.26,144.7,161.98));
#12326=CARTESIAN_POINT('',(204.26,144.7,161.98));
#12327=CARTESIAN_POINT('',(204.26,140.7,161.98));
#12328=CARTESIAN_POINT('Origin',(204.26,140.7,180.67));
#12329=CARTESIAN_POINT('',(204.26,140.7,180.67));
#12330=CARTESIAN_POINT('',(204.26,144.7,180.67));
#12331=CARTESIAN_POINT('Origin',(307.31,140.7,159.58));
#12332=CARTESIAN_POINT('',(307.31,140.7,159.58));
#12333=CARTESIAN_POINT('',(288.62,140.7,159.58));
#12334=CARTESIAN_POINT('',(307.31,140.7,159.58));
#12335=CARTESIAN_POINT('',(288.62,144.7,159.58));
#12336=CARTESIAN_POINT('',(288.62,140.7,159.58));
#12337=CARTESIAN_POINT('',(307.31,144.7,159.58));
#12338=CARTESIAN_POINT('',(307.31,144.7,159.58));
#12339=CARTESIAN_POINT('',(307.31,140.7,159.58));
#12340=CARTESIAN_POINT('Origin',(307.31,140.7,140.89));
#12341=CARTESIAN_POINT('',(307.31,140.7,140.89));
#12342=CARTESIAN_POINT('',(307.31,140.7,140.89));
#12343=CARTESIAN_POINT('',(307.31,144.7,140.89));
#12344=CARTESIAN_POINT('',(307.31,144.7,140.89));
#12345=CARTESIAN_POINT('',(307.31,140.7,140.89));
#12346=CARTESIAN_POINT('Origin',(288.62,140.7,140.89));
#12347=CARTESIAN_POINT('',(288.62,140.7,140.89));
#12348=CARTESIAN_POINT('',(288.62,140.7,140.89));
#12349=CARTESIAN_POINT('',(288.62,144.7,140.89));
#12350=CARTESIAN_POINT('',(288.62,144.7,140.89));
#12351=CARTESIAN_POINT('',(288.62,140.7,140.89));
#12352=CARTESIAN_POINT('Origin',(288.62,140.7,159.58));
#12353=CARTESIAN_POINT('',(288.62,140.7,159.58));
#12354=CARTESIAN_POINT('',(288.62,144.7,159.58));
#12355=CARTESIAN_POINT('Origin',(138.59,140.7,75.22));
#12356=CARTESIAN_POINT('',(138.59,140.7,75.22));
#12357=CARTESIAN_POINT('',(119.9,140.7,75.22));
#12358=CARTESIAN_POINT('',(138.59,140.7,75.22));
#12359=CARTESIAN_POINT('',(119.9,144.7,75.22));
#12360=CARTESIAN_POINT('',(119.9,140.7,75.22));
#12361=CARTESIAN_POINT('',(138.59,144.7,75.22));
#12362=CARTESIAN_POINT('',(138.59,144.7,75.22));
#12363=CARTESIAN_POINT('',(138.59,140.7,75.22));
#12364=CARTESIAN_POINT('Origin',(138.59,140.7,56.53));
#12365=CARTESIAN_POINT('',(138.59,140.7,56.53));
#12366=CARTESIAN_POINT('',(138.59,140.7,56.53));
#12367=CARTESIAN_POINT('',(138.59,144.7,56.53));
#12368=CARTESIAN_POINT('',(138.59,144.7,56.53));
#12369=CARTESIAN_POINT('',(138.59,140.7,56.53));
#12370=CARTESIAN_POINT('Origin',(119.9,140.7,56.53));
#12371=CARTESIAN_POINT('',(119.9,140.7,56.53));
#12372=CARTESIAN_POINT('',(119.9,140.7,56.53));
#12373=CARTESIAN_POINT('',(119.9,144.7,56.53));
#12374=CARTESIAN_POINT('',(119.9,144.7,56.53));
#12375=CARTESIAN_POINT('',(119.9,140.7,56.53));
#12376=CARTESIAN_POINT('Origin',(119.9,140.7,75.22));
#12377=CARTESIAN_POINT('',(119.9,140.7,75.22));
#12378=CARTESIAN_POINT('',(119.9,144.7,75.22));
#12379=CARTESIAN_POINT('Origin',(265.13,140.7,96.31));
#12380=CARTESIAN_POINT('',(265.13,140.7,96.31));
#12381=CARTESIAN_POINT('',(246.44,140.7,96.31));
#12382=CARTESIAN_POINT('',(265.13,140.7,96.31));
#12383=CARTESIAN_POINT('',(246.44,144.7,96.31));
#12384=CARTESIAN_POINT('',(246.44,140.7,96.31));
#12385=CARTESIAN_POINT('',(265.13,144.7,96.31));
#12386=CARTESIAN_POINT('',(265.13,144.7,96.31));
#12387=CARTESIAN_POINT('',(265.13,140.7,96.31));
#12388=CARTESIAN_POINT('Origin',(265.13,140.7,77.62));
#12389=CARTESIAN_POINT('',(265.13,140.7,77.62));
#12390=CARTESIAN_POINT('',(265.13,140.7,77.62));
#12391=CARTESIAN_POINT('',(265.13,144.7,77.62));
#12392=CARTESIAN_POINT('',(265.13,144.7,77.62));
#12393=CARTESIAN_POINT('',(265.13,140.7,77.62));
#12394=CARTESIAN_POINT('Origin',(246.44,140.7,77.62));
#12395=CARTESIAN_POINT('',(246.44,140.7,77.62));
#12396=CARTESIAN_POINT('',(246.44,140.7,77.62));
#12397=CARTESIAN_POINT('',(246.44,144.7,77.62));
#12398=CARTESIAN_POINT('',(246.44,144.7,77.62));
#12399=CARTESIAN_POINT('',(246.44,140.7,77.62));
#12400=CARTESIAN_POINT('Origin',(246.44,140.7,96.31));
#12401=CARTESIAN_POINT('',(246.44,140.7,96.31));
#12402=CARTESIAN_POINT('',(246.44,144.7,96.31));
#12403=CARTESIAN_POINT('Origin',(244.04,140.7,138.49));
#12404=CARTESIAN_POINT('',(244.04,140.7,138.49));
#12405=CARTESIAN_POINT('',(225.35,140.7,138.49));
#12406=CARTESIAN_POINT('',(244.04,140.7,138.49));
#12407=CARTESIAN_POINT('',(225.35,144.7,138.49));
#12408=CARTESIAN_POINT('',(225.35,140.7,138.49));
#12409=CARTESIAN_POINT('',(244.04,144.7,138.49));
#12410=CARTESIAN_POINT('',(244.04,144.7,138.49));
#12411=CARTESIAN_POINT('',(244.04,140.7,138.49));
#12412=CARTESIAN_POINT('Origin',(244.04,140.7,119.8));
#12413=CARTESIAN_POINT('',(244.04,140.7,119.8));
#12414=CARTESIAN_POINT('',(244.04,140.7,119.8));
#12415=CARTESIAN_POINT('',(244.04,144.7,119.8));
#12416=CARTESIAN_POINT('',(244.04,144.7,119.8));
#12417=CARTESIAN_POINT('',(244.04,140.7,119.8));
#12418=CARTESIAN_POINT('Origin',(225.35,140.7,119.8));
#12419=CARTESIAN_POINT('',(225.35,140.7,119.8));
#12420=CARTESIAN_POINT('',(225.35,140.7,119.8));
#12421=CARTESIAN_POINT('',(225.35,144.7,119.8));
#12422=CARTESIAN_POINT('',(225.35,144.7,119.8));
#12423=CARTESIAN_POINT('',(225.35,140.7,119.8));
#12424=CARTESIAN_POINT('Origin',(225.35,140.7,138.49));
#12425=CARTESIAN_POINT('',(225.35,140.7,138.49));
#12426=CARTESIAN_POINT('',(225.35,144.7,138.49));
#12427=CARTESIAN_POINT('Origin',(201.86,140.7,96.31));
#12428=CARTESIAN_POINT('',(201.86,140.7,96.31));
#12429=CARTESIAN_POINT('',(183.17,140.7,96.31));
#12430=CARTESIAN_POINT('',(201.86,140.7,96.31));
#12431=CARTESIAN_POINT('',(183.17,144.7,96.31));
#12432=CARTESIAN_POINT('',(183.17,140.7,96.31));
#12433=CARTESIAN_POINT('',(201.86,144.7,96.31));
#12434=CARTESIAN_POINT('',(201.86,144.7,96.31));
#12435=CARTESIAN_POINT('',(201.86,140.7,96.31));
#12436=CARTESIAN_POINT('Origin',(201.86,140.7,77.62));
#12437=CARTESIAN_POINT('',(201.86,140.7,77.62));
#12438=CARTESIAN_POINT('',(201.86,140.7,77.62));
#12439=CARTESIAN_POINT('',(201.86,144.7,77.62));
#12440=CARTESIAN_POINT('',(201.86,144.7,77.62));
#12441=CARTESIAN_POINT('',(201.86,140.7,77.62));
#12442=CARTESIAN_POINT('Origin',(183.17,140.7,77.62));
#12443=CARTESIAN_POINT('',(183.17,140.7,77.62));
#12444=CARTESIAN_POINT('',(183.17,140.7,77.62));
#12445=CARTESIAN_POINT('',(183.17,144.7,77.62));
#12446=CARTESIAN_POINT('',(183.17,144.7,77.62));
#12447=CARTESIAN_POINT('',(183.17,140.7,77.62));
#12448=CARTESIAN_POINT('Origin',(183.17,140.7,96.31));
#12449=CARTESIAN_POINT('',(183.17,140.7,96.31));
#12450=CARTESIAN_POINT('',(183.17,144.7,96.31));
#12451=CARTESIAN_POINT('Origin',(180.77,140.7,96.31));
#12452=CARTESIAN_POINT('',(180.77,140.7,96.31));
#12453=CARTESIAN_POINT('',(162.08,140.7,96.31));
#12454=CARTESIAN_POINT('',(180.77,140.7,96.31));
#12455=CARTESIAN_POINT('',(162.08,144.7,96.31));
#12456=CARTESIAN_POINT('',(162.08,140.7,96.31));
#12457=CARTESIAN_POINT('',(180.77,144.7,96.31));
#12458=CARTESIAN_POINT('',(180.77,144.7,96.31));
#12459=CARTESIAN_POINT('',(180.77,140.7,96.31));
#12460=CARTESIAN_POINT('Origin',(180.77,140.7,77.62));
#12461=CARTESIAN_POINT('',(180.77,140.7,77.62));
#12462=CARTESIAN_POINT('',(180.77,140.7,77.62));
#12463=CARTESIAN_POINT('',(180.77,144.7,77.62));
#12464=CARTESIAN_POINT('',(180.77,144.7,77.62));
#12465=CARTESIAN_POINT('',(180.77,140.7,77.62));
#12466=CARTESIAN_POINT('Origin',(162.08,140.7,77.62));
#12467=CARTESIAN_POINT('',(162.08,140.7,77.62));
#12468=CARTESIAN_POINT('',(162.08,140.7,77.62));
#12469=CARTESIAN_POINT('',(162.08,144.7,77.62));
#12470=CARTESIAN_POINT('',(162.08,144.7,77.62));
#12471=CARTESIAN_POINT('',(162.08,140.7,77.62));
#12472=CARTESIAN_POINT('Origin',(162.08,140.7,96.31));
#12473=CARTESIAN_POINT('',(162.08,140.7,96.31));
#12474=CARTESIAN_POINT('',(162.08,144.7,96.31));
#12475=CARTESIAN_POINT('Origin',(328.4,140.7,33.04));
#12476=CARTESIAN_POINT('',(328.4,140.7,33.04));
#12477=CARTESIAN_POINT('',(309.71,140.7,33.04));
#12478=CARTESIAN_POINT('',(328.4,140.7,33.04));
#12479=CARTESIAN_POINT('',(309.71,144.7,33.04));
#12480=CARTESIAN_POINT('',(309.71,140.7,33.04));
#12481=CARTESIAN_POINT('',(328.4,144.7,33.04));
#12482=CARTESIAN_POINT('',(328.4,144.7,33.04));
#12483=CARTESIAN_POINT('',(328.4,140.7,33.04));
#12484=CARTESIAN_POINT('Origin',(328.4,140.7,14.35));
#12485=CARTESIAN_POINT('',(328.4,140.7,14.35));
#12486=CARTESIAN_POINT('',(328.4,140.7,14.35));
#12487=CARTESIAN_POINT('',(328.4,144.7,14.35));
#12488=CARTESIAN_POINT('',(328.4,144.7,14.35));
#12489=CARTESIAN_POINT('',(328.4,140.7,14.35));
#12490=CARTESIAN_POINT('Origin',(309.71,140.7,14.35));
#12491=CARTESIAN_POINT('',(309.71,140.7,14.35));
#12492=CARTESIAN_POINT('',(309.71,140.7,14.35));
#12493=CARTESIAN_POINT('',(309.71,144.7,14.35));
#12494=CARTESIAN_POINT('',(309.71,144.7,14.35));
#12495=CARTESIAN_POINT('',(309.71,140.7,14.35));
#12496=CARTESIAN_POINT('Origin',(309.71,140.7,33.04));
#12497=CARTESIAN_POINT('',(309.71,140.7,33.04));
#12498=CARTESIAN_POINT('',(309.71,144.7,33.04));
#12499=CARTESIAN_POINT('Origin',(307.31,140.7,54.13));
#12500=CARTESIAN_POINT('',(307.31,140.7,54.13));
#12501=CARTESIAN_POINT('',(288.62,140.7,54.13));
#12502=CARTESIAN_POINT('',(307.31,140.7,54.13));
#12503=CARTESIAN_POINT('',(288.62,144.7,54.13));
#12504=CARTESIAN_POINT('',(288.62,140.7,54.13));
#12505=CARTESIAN_POINT('',(307.31,144.7,54.13));
#12506=CARTESIAN_POINT('',(307.31,144.7,54.13));
#12507=CARTESIAN_POINT('',(307.31,140.7,54.13));
#12508=CARTESIAN_POINT('Origin',(307.31,140.7,35.44));
#12509=CARTESIAN_POINT('',(307.31,140.7,35.44));
#12510=CARTESIAN_POINT('',(307.31,140.7,35.44));
#12511=CARTESIAN_POINT('',(307.31,144.7,35.44));
#12512=CARTESIAN_POINT('',(307.31,144.7,35.44));
#12513=CARTESIAN_POINT('',(307.31,140.7,35.44));
#12514=CARTESIAN_POINT('Origin',(288.62,140.7,35.44));
#12515=CARTESIAN_POINT('',(288.62,140.7,35.44));
#12516=CARTESIAN_POINT('',(288.62,140.7,35.44));
#12517=CARTESIAN_POINT('',(288.62,144.7,35.44));
#12518=CARTESIAN_POINT('',(288.62,144.7,35.44));
#12519=CARTESIAN_POINT('',(288.62,140.7,35.44));
#12520=CARTESIAN_POINT('Origin',(288.62,140.7,54.13));
#12521=CARTESIAN_POINT('',(288.62,140.7,54.13));
#12522=CARTESIAN_POINT('',(288.62,144.7,54.13));
#12523=CARTESIAN_POINT('Origin',(307.31,140.7,138.49));
#12524=CARTESIAN_POINT('',(307.31,140.7,138.49));
#12525=CARTESIAN_POINT('',(288.62,140.7,138.49));
#12526=CARTESIAN_POINT('',(307.31,140.7,138.49));
#12527=CARTESIAN_POINT('',(288.62,144.7,138.49));
#12528=CARTESIAN_POINT('',(288.62,140.7,138.49));
#12529=CARTESIAN_POINT('',(307.31,144.7,138.49));
#12530=CARTESIAN_POINT('',(307.31,144.7,138.49));
#12531=CARTESIAN_POINT('',(307.31,140.7,138.49));
#12532=CARTESIAN_POINT('Origin',(307.31,140.7,119.8));
#12533=CARTESIAN_POINT('',(307.31,140.7,119.8));
#12534=CARTESIAN_POINT('',(307.31,140.7,119.8));
#12535=CARTESIAN_POINT('',(307.31,144.7,119.8));
#12536=CARTESIAN_POINT('',(307.31,144.7,119.8));
#12537=CARTESIAN_POINT('',(307.31,140.7,119.8));
#12538=CARTESIAN_POINT('Origin',(288.62,140.7,119.8));
#12539=CARTESIAN_POINT('',(288.62,140.7,119.8));
#12540=CARTESIAN_POINT('',(288.62,140.7,119.8));
#12541=CARTESIAN_POINT('',(288.62,144.7,119.8));
#12542=CARTESIAN_POINT('',(288.62,144.7,119.8));
#12543=CARTESIAN_POINT('',(288.62,140.7,119.8));
#12544=CARTESIAN_POINT('Origin',(288.62,140.7,138.49));
#12545=CARTESIAN_POINT('',(288.62,140.7,138.49));
#12546=CARTESIAN_POINT('',(288.62,144.7,138.49));
#12547=CARTESIAN_POINT('Origin',(265.13,140.7,180.67));
#12548=CARTESIAN_POINT('',(265.13,140.7,180.67));
#12549=CARTESIAN_POINT('',(246.44,140.7,180.67));
#12550=CARTESIAN_POINT('',(265.13,140.7,180.67));
#12551=CARTESIAN_POINT('',(246.44,144.7,180.67));
#12552=CARTESIAN_POINT('',(246.44,140.7,180.67));
#12553=CARTESIAN_POINT('',(265.13,144.7,180.67));
#12554=CARTESIAN_POINT('',(265.13,144.7,180.67));
#12555=CARTESIAN_POINT('',(265.13,140.7,180.67));
#12556=CARTESIAN_POINT('Origin',(265.13,140.7,161.98));
#12557=CARTESIAN_POINT('',(265.13,140.7,161.98));
#12558=CARTESIAN_POINT('',(265.13,140.7,161.98));
#12559=CARTESIAN_POINT('',(265.13,144.7,161.98));
#12560=CARTESIAN_POINT('',(265.13,144.7,161.98));
#12561=CARTESIAN_POINT('',(265.13,140.7,161.98));
#12562=CARTESIAN_POINT('Origin',(246.44,140.7,161.98));
#12563=CARTESIAN_POINT('',(246.44,140.7,161.98));
#12564=CARTESIAN_POINT('',(246.44,140.7,161.98));
#12565=CARTESIAN_POINT('',(246.44,144.7,161.98));
#12566=CARTESIAN_POINT('',(246.44,144.7,161.98));
#12567=CARTESIAN_POINT('',(246.44,140.7,161.98));
#12568=CARTESIAN_POINT('Origin',(246.44,140.7,180.67));
#12569=CARTESIAN_POINT('',(246.44,140.7,180.67));
#12570=CARTESIAN_POINT('',(246.44,144.7,180.67));
#12571=CARTESIAN_POINT('Origin',(244.04,140.7,222.85));
#12572=CARTESIAN_POINT('',(244.04,140.7,222.85));
#12573=CARTESIAN_POINT('',(225.35,140.7,222.85));
#12574=CARTESIAN_POINT('',(244.04,140.7,222.85));
#12575=CARTESIAN_POINT('',(225.35,144.7,222.85));
#12576=CARTESIAN_POINT('',(225.35,140.7,222.85));
#12577=CARTESIAN_POINT('',(244.04,144.7,222.85));
#12578=CARTESIAN_POINT('',(244.04,144.7,222.85));
#12579=CARTESIAN_POINT('',(244.04,140.7,222.85));
#12580=CARTESIAN_POINT('Origin',(244.04,140.7,204.16));
#12581=CARTESIAN_POINT('',(244.04,140.7,204.16));
#12582=CARTESIAN_POINT('',(244.04,140.7,204.16));
#12583=CARTESIAN_POINT('',(244.04,144.7,204.16));
#12584=CARTESIAN_POINT('',(244.04,144.7,204.16));
#12585=CARTESIAN_POINT('',(244.04,140.7,204.16));
#12586=CARTESIAN_POINT('Origin',(225.35,140.7,204.16));
#12587=CARTESIAN_POINT('',(225.35,140.7,204.16));
#12588=CARTESIAN_POINT('',(225.35,140.7,204.16));
#12589=CARTESIAN_POINT('',(225.35,144.7,204.16));
#12590=CARTESIAN_POINT('',(225.35,144.7,204.16));
#12591=CARTESIAN_POINT('',(225.35,140.7,204.16));
#12592=CARTESIAN_POINT('Origin',(225.35,140.7,222.85));
#12593=CARTESIAN_POINT('',(225.35,140.7,222.85));
#12594=CARTESIAN_POINT('',(225.35,144.7,222.85));
#12595=CARTESIAN_POINT('Origin',(222.95,140.7,75.22));
#12596=CARTESIAN_POINT('',(222.95,140.7,75.22));
#12597=CARTESIAN_POINT('',(204.26,140.7,75.22));
#12598=CARTESIAN_POINT('',(222.95,140.7,75.22));
#12599=CARTESIAN_POINT('',(204.26,144.7,75.22));
#12600=CARTESIAN_POINT('',(204.26,140.7,75.22));
#12601=CARTESIAN_POINT('',(222.95,144.7,75.22));
#12602=CARTESIAN_POINT('',(222.95,144.7,75.22));
#12603=CARTESIAN_POINT('',(222.95,140.7,75.22));
#12604=CARTESIAN_POINT('Origin',(222.95,140.7,56.53));
#12605=CARTESIAN_POINT('',(222.95,140.7,56.53));
#12606=CARTESIAN_POINT('',(222.95,140.7,56.53));
#12607=CARTESIAN_POINT('',(222.95,144.7,56.53));
#12608=CARTESIAN_POINT('',(222.95,144.7,56.53));
#12609=CARTESIAN_POINT('',(222.95,140.7,56.53));
#12610=CARTESIAN_POINT('Origin',(204.26,140.7,56.53));
#12611=CARTESIAN_POINT('',(204.26,140.7,56.53));
#12612=CARTESIAN_POINT('',(204.26,140.7,56.53));
#12613=CARTESIAN_POINT('',(204.26,144.7,56.53));
#12614=CARTESIAN_POINT('',(204.26,144.7,56.53));
#12615=CARTESIAN_POINT('',(204.26,140.7,56.53));
#12616=CARTESIAN_POINT('Origin',(204.26,140.7,75.22));
#12617=CARTESIAN_POINT('',(204.26,140.7,75.22));
#12618=CARTESIAN_POINT('',(204.26,144.7,75.22));
#12619=CARTESIAN_POINT('Origin',(222.95,140.7,117.4));
#12620=CARTESIAN_POINT('',(222.95,140.7,117.4));
#12621=CARTESIAN_POINT('',(204.26,140.7,117.4));
#12622=CARTESIAN_POINT('',(222.95,140.7,117.4));
#12623=CARTESIAN_POINT('',(204.26,144.7,117.4));
#12624=CARTESIAN_POINT('',(204.26,140.7,117.4));
#12625=CARTESIAN_POINT('',(222.95,144.7,117.4));
#12626=CARTESIAN_POINT('',(222.95,144.7,117.4));
#12627=CARTESIAN_POINT('',(222.95,140.7,117.4));
#12628=CARTESIAN_POINT('Origin',(222.95,140.7,98.71));
#12629=CARTESIAN_POINT('',(222.95,140.7,98.71));
#12630=CARTESIAN_POINT('',(222.95,140.7,98.71));
#12631=CARTESIAN_POINT('',(222.95,144.7,98.71));
#12632=CARTESIAN_POINT('',(222.95,144.7,98.71));
#12633=CARTESIAN_POINT('',(222.95,140.7,98.71));
#12634=CARTESIAN_POINT('Origin',(204.26,140.7,98.71));
#12635=CARTESIAN_POINT('',(204.26,140.7,98.71));
#12636=CARTESIAN_POINT('',(204.26,140.7,98.71));
#12637=CARTESIAN_POINT('',(204.26,144.7,98.71));
#12638=CARTESIAN_POINT('',(204.26,144.7,98.71));
#12639=CARTESIAN_POINT('',(204.26,140.7,98.71));
#12640=CARTESIAN_POINT('Origin',(204.26,140.7,117.4));
#12641=CARTESIAN_POINT('',(204.26,140.7,117.4));
#12642=CARTESIAN_POINT('',(204.26,144.7,117.4));
#12643=CARTESIAN_POINT('Origin',(286.22,140.7,201.76));
#12644=CARTESIAN_POINT('',(286.22,140.7,201.76));
#12645=CARTESIAN_POINT('',(267.53,140.7,201.76));
#12646=CARTESIAN_POINT('',(286.22,140.7,201.76));
#12647=CARTESIAN_POINT('',(267.53,144.7,201.76));
#12648=CARTESIAN_POINT('',(267.53,140.7,201.76));
#12649=CARTESIAN_POINT('',(286.22,144.7,201.76));
#12650=CARTESIAN_POINT('',(286.22,144.7,201.76));
#12651=CARTESIAN_POINT('',(286.22,140.7,201.76));
#12652=CARTESIAN_POINT('Origin',(286.22,140.7,183.07));
#12653=CARTESIAN_POINT('',(286.22,140.7,183.07));
#12654=CARTESIAN_POINT('',(286.22,140.7,183.07));
#12655=CARTESIAN_POINT('',(286.22,144.7,183.07));
#12656=CARTESIAN_POINT('',(286.22,144.7,183.07));
#12657=CARTESIAN_POINT('',(286.22,140.7,183.07));
#12658=CARTESIAN_POINT('Origin',(267.53,140.7,183.07));
#12659=CARTESIAN_POINT('',(267.53,140.7,183.07));
#12660=CARTESIAN_POINT('',(267.53,140.7,183.07));
#12661=CARTESIAN_POINT('',(267.53,144.7,183.07));
#12662=CARTESIAN_POINT('',(267.53,144.7,183.07));
#12663=CARTESIAN_POINT('',(267.53,140.7,183.07));
#12664=CARTESIAN_POINT('Origin',(267.53,140.7,201.76));
#12665=CARTESIAN_POINT('',(267.53,140.7,201.76));
#12666=CARTESIAN_POINT('',(267.53,144.7,201.76));
#12667=CARTESIAN_POINT('Origin',(180.77,140.7,138.49));
#12668=CARTESIAN_POINT('',(180.77,140.7,138.49));
#12669=CARTESIAN_POINT('',(162.08,140.7,138.49));
#12670=CARTESIAN_POINT('',(180.77,140.7,138.49));
#12671=CARTESIAN_POINT('',(162.08,144.7,138.49));
#12672=CARTESIAN_POINT('',(162.08,140.7,138.49));
#12673=CARTESIAN_POINT('',(180.77,144.7,138.49));
#12674=CARTESIAN_POINT('',(180.77,144.7,138.49));
#12675=CARTESIAN_POINT('',(180.77,140.7,138.49));
#12676=CARTESIAN_POINT('Origin',(180.77,140.7,119.8));
#12677=CARTESIAN_POINT('',(180.77,140.7,119.8));
#12678=CARTESIAN_POINT('',(180.77,140.7,119.8));
#12679=CARTESIAN_POINT('',(180.77,144.7,119.8));
#12680=CARTESIAN_POINT('',(180.77,144.7,119.8));
#12681=CARTESIAN_POINT('',(180.77,140.7,119.8));
#12682=CARTESIAN_POINT('Origin',(162.08,140.7,119.8));
#12683=CARTESIAN_POINT('',(162.08,140.7,119.8));
#12684=CARTESIAN_POINT('',(162.08,140.7,119.8));
#12685=CARTESIAN_POINT('',(162.08,144.7,119.8));
#12686=CARTESIAN_POINT('',(162.08,144.7,119.8));
#12687=CARTESIAN_POINT('',(162.08,140.7,119.8));
#12688=CARTESIAN_POINT('Origin',(162.08,140.7,138.49));
#12689=CARTESIAN_POINT('',(162.08,140.7,138.49));
#12690=CARTESIAN_POINT('',(162.08,144.7,138.49));
#12691=CARTESIAN_POINT('Origin',(159.68,140.7,180.67));
#12692=CARTESIAN_POINT('',(159.68,140.7,180.67));
#12693=CARTESIAN_POINT('',(140.99,140.7,180.67));
#12694=CARTESIAN_POINT('',(159.68,140.7,180.67));
#12695=CARTESIAN_POINT('',(140.99,144.7,180.67));
#12696=CARTESIAN_POINT('',(140.99,140.7,180.67));
#12697=CARTESIAN_POINT('',(159.68,144.7,180.67));
#12698=CARTESIAN_POINT('',(159.68,144.7,180.67));
#12699=CARTESIAN_POINT('',(159.68,140.7,180.67));
#12700=CARTESIAN_POINT('Origin',(159.68,140.7,161.98));
#12701=CARTESIAN_POINT('',(159.68,140.7,161.98));
#12702=CARTESIAN_POINT('',(159.68,140.7,161.98));
#12703=CARTESIAN_POINT('',(159.68,144.7,161.98));
#12704=CARTESIAN_POINT('',(159.68,144.7,161.98));
#12705=CARTESIAN_POINT('',(159.68,140.7,161.98));
#12706=CARTESIAN_POINT('Origin',(140.99,140.7,161.98));
#12707=CARTESIAN_POINT('',(140.99,140.7,161.98));
#12708=CARTESIAN_POINT('',(140.99,140.7,161.98));
#12709=CARTESIAN_POINT('',(140.99,144.7,161.98));
#12710=CARTESIAN_POINT('',(140.99,144.7,161.98));
#12711=CARTESIAN_POINT('',(140.99,140.7,161.98));
#12712=CARTESIAN_POINT('Origin',(140.99,140.7,180.67));
#12713=CARTESIAN_POINT('',(140.99,140.7,180.67));
#12714=CARTESIAN_POINT('',(140.99,144.7,180.67));
#12715=CARTESIAN_POINT('Origin',(328.4,140.7,180.67));
#12716=CARTESIAN_POINT('',(328.4,140.7,180.67));
#12717=CARTESIAN_POINT('',(309.71,140.7,180.67));
#12718=CARTESIAN_POINT('',(328.4,140.7,180.67));
#12719=CARTESIAN_POINT('',(309.71,144.7,180.67));
#12720=CARTESIAN_POINT('',(309.71,140.7,180.67));
#12721=CARTESIAN_POINT('',(328.4,144.7,180.67));
#12722=CARTESIAN_POINT('',(328.4,144.7,180.67));
#12723=CARTESIAN_POINT('',(328.4,140.7,180.67));
#12724=CARTESIAN_POINT('Origin',(328.4,140.7,161.98));
#12725=CARTESIAN_POINT('',(328.4,140.7,161.98));
#12726=CARTESIAN_POINT('',(328.4,140.7,161.98));
#12727=CARTESIAN_POINT('',(328.4,144.7,161.98));
#12728=CARTESIAN_POINT('',(328.4,144.7,161.98));
#12729=CARTESIAN_POINT('',(328.4,140.7,161.98));
#12730=CARTESIAN_POINT('Origin',(309.71,140.7,161.98));
#12731=CARTESIAN_POINT('',(309.71,140.7,161.98));
#12732=CARTESIAN_POINT('',(309.71,140.7,161.98));
#12733=CARTESIAN_POINT('',(309.71,144.7,161.98));
#12734=CARTESIAN_POINT('',(309.71,144.7,161.98));
#12735=CARTESIAN_POINT('',(309.71,140.7,161.98));
#12736=CARTESIAN_POINT('Origin',(309.71,140.7,180.67));
#12737=CARTESIAN_POINT('',(309.71,140.7,180.67));
#12738=CARTESIAN_POINT('',(309.71,144.7,180.67));
#12739=CARTESIAN_POINT('Origin',(138.59,140.7,96.31));
#12740=CARTESIAN_POINT('',(138.59,140.7,96.31));
#12741=CARTESIAN_POINT('',(119.9,140.7,96.31));
#12742=CARTESIAN_POINT('',(138.59,140.7,96.31));
#12743=CARTESIAN_POINT('',(119.9,144.7,96.31));
#12744=CARTESIAN_POINT('',(119.9,140.7,96.31));
#12745=CARTESIAN_POINT('',(138.59,144.7,96.31));
#12746=CARTESIAN_POINT('',(138.59,144.7,96.31));
#12747=CARTESIAN_POINT('',(138.59,140.7,96.31));
#12748=CARTESIAN_POINT('Origin',(138.59,140.7,77.62));
#12749=CARTESIAN_POINT('',(138.59,140.7,77.62));
#12750=CARTESIAN_POINT('',(138.59,140.7,77.62));
#12751=CARTESIAN_POINT('',(138.59,144.7,77.62));
#12752=CARTESIAN_POINT('',(138.59,144.7,77.62));
#12753=CARTESIAN_POINT('',(138.59,140.7,77.62));
#12754=CARTESIAN_POINT('Origin',(119.9,140.7,77.62));
#12755=CARTESIAN_POINT('',(119.9,140.7,77.62));
#12756=CARTESIAN_POINT('',(119.9,140.7,77.62));
#12757=CARTESIAN_POINT('',(119.9,144.7,77.62));
#12758=CARTESIAN_POINT('',(119.9,144.7,77.62));
#12759=CARTESIAN_POINT('',(119.9,140.7,77.62));
#12760=CARTESIAN_POINT('Origin',(119.9,140.7,96.31));
#12761=CARTESIAN_POINT('',(119.9,140.7,96.31));
#12762=CARTESIAN_POINT('',(119.9,144.7,96.31));
#12763=CARTESIAN_POINT('Origin',(286.22,140.7,180.67));
#12764=CARTESIAN_POINT('',(286.22,140.7,180.67));
#12765=CARTESIAN_POINT('',(267.53,140.7,180.67));
#12766=CARTESIAN_POINT('',(286.22,140.7,180.67));
#12767=CARTESIAN_POINT('',(267.53,144.7,180.67));
#12768=CARTESIAN_POINT('',(267.53,140.7,180.67));
#12769=CARTESIAN_POINT('',(286.22,144.7,180.67));
#12770=CARTESIAN_POINT('',(286.22,144.7,180.67));
#12771=CARTESIAN_POINT('',(286.22,140.7,180.67));
#12772=CARTESIAN_POINT('Origin',(286.22,140.7,161.98));
#12773=CARTESIAN_POINT('',(286.22,140.7,161.98));
#12774=CARTESIAN_POINT('',(286.22,140.7,161.98));
#12775=CARTESIAN_POINT('',(286.22,144.7,161.98));
#12776=CARTESIAN_POINT('',(286.22,144.7,161.98));
#12777=CARTESIAN_POINT('',(286.22,140.7,161.98));
#12778=CARTESIAN_POINT('Origin',(267.53,140.7,161.98));
#12779=CARTESIAN_POINT('',(267.53,140.7,161.98));
#12780=CARTESIAN_POINT('',(267.53,140.7,161.98));
#12781=CARTESIAN_POINT('',(267.53,144.7,161.98));
#12782=CARTESIAN_POINT('',(267.53,144.7,161.98));
#12783=CARTESIAN_POINT('',(267.53,140.7,161.98));
#12784=CARTESIAN_POINT('Origin',(267.53,140.7,180.67));
#12785=CARTESIAN_POINT('',(267.53,140.7,180.67));
#12786=CARTESIAN_POINT('',(267.53,144.7,180.67));
#12787=CARTESIAN_POINT('Origin',(159.68,140.7,222.85));
#12788=CARTESIAN_POINT('',(159.68,140.7,222.85));
#12789=CARTESIAN_POINT('',(140.99,140.7,222.85));
#12790=CARTESIAN_POINT('',(159.68,140.7,222.85));
#12791=CARTESIAN_POINT('',(140.99,144.7,222.85));
#12792=CARTESIAN_POINT('',(140.99,140.7,222.85));
#12793=CARTESIAN_POINT('',(159.68,144.7,222.85));
#12794=CARTESIAN_POINT('',(159.68,144.7,222.85));
#12795=CARTESIAN_POINT('',(159.68,140.7,222.85));
#12796=CARTESIAN_POINT('Origin',(159.68,140.7,204.16));
#12797=CARTESIAN_POINT('',(159.68,140.7,204.16));
#12798=CARTESIAN_POINT('',(159.68,140.7,204.16));
#12799=CARTESIAN_POINT('',(159.68,144.7,204.16));
#12800=CARTESIAN_POINT('',(159.68,144.7,204.16));
#12801=CARTESIAN_POINT('',(159.68,140.7,204.16));
#12802=CARTESIAN_POINT('Origin',(140.99,140.7,204.16));
#12803=CARTESIAN_POINT('',(140.99,140.7,204.16));
#12804=CARTESIAN_POINT('',(140.99,140.7,204.16));
#12805=CARTESIAN_POINT('',(140.99,144.7,204.16));
#12806=CARTESIAN_POINT('',(140.99,144.7,204.16));
#12807=CARTESIAN_POINT('',(140.99,140.7,204.16));
#12808=CARTESIAN_POINT('Origin',(140.99,140.7,222.85));
#12809=CARTESIAN_POINT('',(140.99,140.7,222.85));
#12810=CARTESIAN_POINT('',(140.99,144.7,222.85));
#12811=CARTESIAN_POINT('Origin',(159.68,140.7,75.22));
#12812=CARTESIAN_POINT('',(159.68,140.7,75.22));
#12813=CARTESIAN_POINT('',(140.99,140.7,75.22));
#12814=CARTESIAN_POINT('',(159.68,140.7,75.22));
#12815=CARTESIAN_POINT('',(140.99,144.7,75.22));
#12816=CARTESIAN_POINT('',(140.99,140.7,75.22));
#12817=CARTESIAN_POINT('',(159.68,144.7,75.22));
#12818=CARTESIAN_POINT('',(159.68,144.7,75.22));
#12819=CARTESIAN_POINT('',(159.68,140.7,75.22));
#12820=CARTESIAN_POINT('Origin',(159.68,140.7,56.53));
#12821=CARTESIAN_POINT('',(159.68,140.7,56.53));
#12822=CARTESIAN_POINT('',(159.68,140.7,56.53));
#12823=CARTESIAN_POINT('',(159.68,144.7,56.53));
#12824=CARTESIAN_POINT('',(159.68,144.7,56.53));
#12825=CARTESIAN_POINT('',(159.68,140.7,56.53));
#12826=CARTESIAN_POINT('Origin',(140.99,140.7,56.53));
#12827=CARTESIAN_POINT('',(140.99,140.7,56.53));
#12828=CARTESIAN_POINT('',(140.99,140.7,56.53));
#12829=CARTESIAN_POINT('',(140.99,144.7,56.53));
#12830=CARTESIAN_POINT('',(140.99,144.7,56.53));
#12831=CARTESIAN_POINT('',(140.99,140.7,56.53));
#12832=CARTESIAN_POINT('Origin',(140.99,140.7,75.22));
#12833=CARTESIAN_POINT('',(140.99,140.7,75.22));
#12834=CARTESIAN_POINT('',(140.99,144.7,75.22));
#12835=CARTESIAN_POINT('Origin',(222.95,140.7,201.76));
#12836=CARTESIAN_POINT('',(222.95,140.7,201.76));
#12837=CARTESIAN_POINT('',(204.26,140.7,201.76));
#12838=CARTESIAN_POINT('',(222.95,140.7,201.76));
#12839=CARTESIAN_POINT('',(204.26,144.7,201.76));
#12840=CARTESIAN_POINT('',(204.26,140.7,201.76));
#12841=CARTESIAN_POINT('',(222.95,144.7,201.76));
#12842=CARTESIAN_POINT('',(222.95,144.7,201.76));
#12843=CARTESIAN_POINT('',(222.95,140.7,201.76));
#12844=CARTESIAN_POINT('Origin',(222.95,140.7,183.07));
#12845=CARTESIAN_POINT('',(222.95,140.7,183.07));
#12846=CARTESIAN_POINT('',(222.95,140.7,183.07));
#12847=CARTESIAN_POINT('',(222.95,144.7,183.07));
#12848=CARTESIAN_POINT('',(222.95,144.7,183.07));
#12849=CARTESIAN_POINT('',(222.95,140.7,183.07));
#12850=CARTESIAN_POINT('Origin',(204.26,140.7,183.07));
#12851=CARTESIAN_POINT('',(204.26,140.7,183.07));
#12852=CARTESIAN_POINT('',(204.26,140.7,183.07));
#12853=CARTESIAN_POINT('',(204.26,144.7,183.07));
#12854=CARTESIAN_POINT('',(204.26,144.7,183.07));
#12855=CARTESIAN_POINT('',(204.26,140.7,183.07));
#12856=CARTESIAN_POINT('Origin',(204.26,140.7,201.76));
#12857=CARTESIAN_POINT('',(204.26,140.7,201.76));
#12858=CARTESIAN_POINT('',(204.26,144.7,201.76));
#12859=CARTESIAN_POINT('Origin',(180.77,140.7,33.04));
#12860=CARTESIAN_POINT('',(180.77,140.7,33.04));
#12861=CARTESIAN_POINT('',(162.08,140.7,33.04));
#12862=CARTESIAN_POINT('',(180.77,140.7,33.04));
#12863=CARTESIAN_POINT('',(162.08,144.7,33.04));
#12864=CARTESIAN_POINT('',(162.08,140.7,33.04));
#12865=CARTESIAN_POINT('',(180.77,144.7,33.04));
#12866=CARTESIAN_POINT('',(180.77,144.7,33.04));
#12867=CARTESIAN_POINT('',(180.77,140.7,33.04));
#12868=CARTESIAN_POINT('Origin',(180.77,140.7,14.35));
#12869=CARTESIAN_POINT('',(180.77,140.7,14.35));
#12870=CARTESIAN_POINT('',(180.77,140.7,14.35));
#12871=CARTESIAN_POINT('',(180.77,144.7,14.35));
#12872=CARTESIAN_POINT('',(180.77,144.7,14.35));
#12873=CARTESIAN_POINT('',(180.77,140.7,14.35));
#12874=CARTESIAN_POINT('Origin',(162.08,140.7,14.35));
#12875=CARTESIAN_POINT('',(162.08,140.7,14.35));
#12876=CARTESIAN_POINT('',(162.08,140.7,14.35));
#12877=CARTESIAN_POINT('',(162.08,144.7,14.35));
#12878=CARTESIAN_POINT('',(162.08,144.7,14.35));
#12879=CARTESIAN_POINT('',(162.08,140.7,14.35));
#12880=CARTESIAN_POINT('Origin',(162.08,140.7,33.04));
#12881=CARTESIAN_POINT('',(162.08,140.7,33.04));
#12882=CARTESIAN_POINT('',(162.08,144.7,33.04));
#12883=CARTESIAN_POINT('Origin',(265.13,140.7,54.13));
#12884=CARTESIAN_POINT('',(265.13,140.7,54.13));
#12885=CARTESIAN_POINT('',(246.44,140.7,54.13));
#12886=CARTESIAN_POINT('',(265.13,140.7,54.13));
#12887=CARTESIAN_POINT('',(246.44,144.7,54.13));
#12888=CARTESIAN_POINT('',(246.44,140.7,54.13));
#12889=CARTESIAN_POINT('',(265.13,144.7,54.13));
#12890=CARTESIAN_POINT('',(265.13,144.7,54.13));
#12891=CARTESIAN_POINT('',(265.13,140.7,54.13));
#12892=CARTESIAN_POINT('Origin',(265.13,140.7,35.44));
#12893=CARTESIAN_POINT('',(265.13,140.7,35.44));
#12894=CARTESIAN_POINT('',(265.13,140.7,35.44));
#12895=CARTESIAN_POINT('',(265.13,144.7,35.44));
#12896=CARTESIAN_POINT('',(265.13,144.7,35.44));
#12897=CARTESIAN_POINT('',(265.13,140.7,35.44));
#12898=CARTESIAN_POINT('Origin',(246.44,140.7,35.44));
#12899=CARTESIAN_POINT('',(246.44,140.7,35.44));
#12900=CARTESIAN_POINT('',(246.44,140.7,35.44));
#12901=CARTESIAN_POINT('',(246.44,144.7,35.44));
#12902=CARTESIAN_POINT('',(246.44,144.7,35.44));
#12903=CARTESIAN_POINT('',(246.44,140.7,35.44));
#12904=CARTESIAN_POINT('Origin',(246.44,140.7,54.13));
#12905=CARTESIAN_POINT('',(246.44,140.7,54.13));
#12906=CARTESIAN_POINT('',(246.44,144.7,54.13));
#12907=CARTESIAN_POINT('Origin',(159.68,140.7,117.4));
#12908=CARTESIAN_POINT('',(159.68,140.7,117.4));
#12909=CARTESIAN_POINT('',(140.99,140.7,117.4));
#12910=CARTESIAN_POINT('',(159.68,140.7,117.4));
#12911=CARTESIAN_POINT('',(140.99,144.7,117.4));
#12912=CARTESIAN_POINT('',(140.99,140.7,117.4));
#12913=CARTESIAN_POINT('',(159.68,144.7,117.4));
#12914=CARTESIAN_POINT('',(159.68,144.7,117.4));
#12915=CARTESIAN_POINT('',(159.68,140.7,117.4));
#12916=CARTESIAN_POINT('Origin',(159.68,140.7,98.71));
#12917=CARTESIAN_POINT('',(159.68,140.7,98.71));
#12918=CARTESIAN_POINT('',(159.68,140.7,98.71));
#12919=CARTESIAN_POINT('',(159.68,144.7,98.71));
#12920=CARTESIAN_POINT('',(159.68,144.7,98.71));
#12921=CARTESIAN_POINT('',(159.68,140.7,98.71));
#12922=CARTESIAN_POINT('Origin',(140.99,140.7,98.71));
#12923=CARTESIAN_POINT('',(140.99,140.7,98.71));
#12924=CARTESIAN_POINT('',(140.99,140.7,98.71));
#12925=CARTESIAN_POINT('',(140.99,144.7,98.71));
#12926=CARTESIAN_POINT('',(140.99,144.7,98.71));
#12927=CARTESIAN_POINT('',(140.99,140.7,98.71));
#12928=CARTESIAN_POINT('Origin',(140.99,140.7,117.4));
#12929=CARTESIAN_POINT('',(140.99,140.7,117.4));
#12930=CARTESIAN_POINT('',(140.99,144.7,117.4));
#12931=CARTESIAN_POINT('Origin',(201.86,140.7,75.22));
#12932=CARTESIAN_POINT('',(201.86,140.7,75.22));
#12933=CARTESIAN_POINT('',(183.17,140.7,75.22));
#12934=CARTESIAN_POINT('',(201.86,140.7,75.22));
#12935=CARTESIAN_POINT('',(183.17,144.7,75.22));
#12936=CARTESIAN_POINT('',(183.17,140.7,75.22));
#12937=CARTESIAN_POINT('',(201.86,144.7,75.22));
#12938=CARTESIAN_POINT('',(201.86,144.7,75.22));
#12939=CARTESIAN_POINT('',(201.86,140.7,75.22));
#12940=CARTESIAN_POINT('Origin',(201.86,140.7,56.53));
#12941=CARTESIAN_POINT('',(201.86,140.7,56.53));
#12942=CARTESIAN_POINT('',(201.86,140.7,56.53));
#12943=CARTESIAN_POINT('',(201.86,144.7,56.53));
#12944=CARTESIAN_POINT('',(201.86,144.7,56.53));
#12945=CARTESIAN_POINT('',(201.86,140.7,56.53));
#12946=CARTESIAN_POINT('Origin',(183.17,140.7,56.53));
#12947=CARTESIAN_POINT('',(183.17,140.7,56.53));
#12948=CARTESIAN_POINT('',(183.17,140.7,56.53));
#12949=CARTESIAN_POINT('',(183.17,144.7,56.53));
#12950=CARTESIAN_POINT('',(183.17,144.7,56.53));
#12951=CARTESIAN_POINT('',(183.17,140.7,56.53));
#12952=CARTESIAN_POINT('Origin',(183.17,140.7,75.22));
#12953=CARTESIAN_POINT('',(183.17,140.7,75.22));
#12954=CARTESIAN_POINT('',(183.17,144.7,75.22));
#12955=CARTESIAN_POINT('Origin',(138.59,140.7,54.13));
#12956=CARTESIAN_POINT('',(138.59,140.7,54.13));
#12957=CARTESIAN_POINT('',(119.9,140.7,54.13));
#12958=CARTESIAN_POINT('',(138.59,140.7,54.13));
#12959=CARTESIAN_POINT('',(119.9,144.7,54.13));
#12960=CARTESIAN_POINT('',(119.9,140.7,54.13));
#12961=CARTESIAN_POINT('',(138.59,144.7,54.13));
#12962=CARTESIAN_POINT('',(138.59,144.7,54.13));
#12963=CARTESIAN_POINT('',(138.59,140.7,54.13));
#12964=CARTESIAN_POINT('Origin',(138.59,140.7,35.44));
#12965=CARTESIAN_POINT('',(138.59,140.7,35.44));
#12966=CARTESIAN_POINT('',(138.59,140.7,35.44));
#12967=CARTESIAN_POINT('',(138.59,144.7,35.44));
#12968=CARTESIAN_POINT('',(138.59,144.7,35.44));
#12969=CARTESIAN_POINT('',(138.59,140.7,35.44));
#12970=CARTESIAN_POINT('Origin',(119.9,140.7,35.44));
#12971=CARTESIAN_POINT('',(119.9,140.7,35.44));
#12972=CARTESIAN_POINT('',(119.9,140.7,35.44));
#12973=CARTESIAN_POINT('',(119.9,144.7,35.44));
#12974=CARTESIAN_POINT('',(119.9,144.7,35.44));
#12975=CARTESIAN_POINT('',(119.9,140.7,35.44));
#12976=CARTESIAN_POINT('Origin',(119.9,140.7,54.13));
#12977=CARTESIAN_POINT('',(119.9,140.7,54.13));
#12978=CARTESIAN_POINT('',(119.9,144.7,54.13));
#12979=CARTESIAN_POINT('Origin',(286.22,140.7,159.58));
#12980=CARTESIAN_POINT('',(286.22,140.7,159.58));
#12981=CARTESIAN_POINT('',(267.53,140.7,159.58));
#12982=CARTESIAN_POINT('',(286.22,140.7,159.58));
#12983=CARTESIAN_POINT('',(267.53,144.7,159.58));
#12984=CARTESIAN_POINT('',(267.53,140.7,159.58));
#12985=CARTESIAN_POINT('',(286.22,144.7,159.58));
#12986=CARTESIAN_POINT('',(286.22,144.7,159.58));
#12987=CARTESIAN_POINT('',(286.22,140.7,159.58));
#12988=CARTESIAN_POINT('Origin',(286.22,140.7,140.89));
#12989=CARTESIAN_POINT('',(286.22,140.7,140.89));
#12990=CARTESIAN_POINT('',(286.22,140.7,140.89));
#12991=CARTESIAN_POINT('',(286.22,144.7,140.89));
#12992=CARTESIAN_POINT('',(286.22,144.7,140.89));
#12993=CARTESIAN_POINT('',(286.22,140.7,140.89));
#12994=CARTESIAN_POINT('Origin',(267.53,140.7,140.89));
#12995=CARTESIAN_POINT('',(267.53,140.7,140.89));
#12996=CARTESIAN_POINT('',(267.53,140.7,140.89));
#12997=CARTESIAN_POINT('',(267.53,144.7,140.89));
#12998=CARTESIAN_POINT('',(267.53,144.7,140.89));
#12999=CARTESIAN_POINT('',(267.53,140.7,140.89));
#13000=CARTESIAN_POINT('Origin',(267.53,140.7,159.58));
#13001=CARTESIAN_POINT('',(267.53,140.7,159.58));
#13002=CARTESIAN_POINT('',(267.53,144.7,159.58));
#13003=CARTESIAN_POINT('Origin',(286.22,140.7,96.31));
#13004=CARTESIAN_POINT('',(286.22,140.7,96.31));
#13005=CARTESIAN_POINT('',(267.53,140.7,96.31));
#13006=CARTESIAN_POINT('',(286.22,140.7,96.31));
#13007=CARTESIAN_POINT('',(267.53,144.7,96.31));
#13008=CARTESIAN_POINT('',(267.53,140.7,96.31));
#13009=CARTESIAN_POINT('',(286.22,144.7,96.31));
#13010=CARTESIAN_POINT('',(286.22,144.7,96.31));
#13011=CARTESIAN_POINT('',(286.22,140.7,96.31));
#13012=CARTESIAN_POINT('Origin',(286.22,140.7,77.62));
#13013=CARTESIAN_POINT('',(286.22,140.7,77.62));
#13014=CARTESIAN_POINT('',(286.22,140.7,77.62));
#13015=CARTESIAN_POINT('',(286.22,144.7,77.62));
#13016=CARTESIAN_POINT('',(286.22,144.7,77.62));
#13017=CARTESIAN_POINT('',(286.22,140.7,77.62));
#13018=CARTESIAN_POINT('Origin',(267.53,140.7,77.62));
#13019=CARTESIAN_POINT('',(267.53,140.7,77.62));
#13020=CARTESIAN_POINT('',(267.53,140.7,77.62));
#13021=CARTESIAN_POINT('',(267.53,144.7,77.62));
#13022=CARTESIAN_POINT('',(267.53,144.7,77.62));
#13023=CARTESIAN_POINT('',(267.53,140.7,77.62));
#13024=CARTESIAN_POINT('Origin',(267.53,140.7,96.31));
#13025=CARTESIAN_POINT('',(267.53,140.7,96.31));
#13026=CARTESIAN_POINT('',(267.53,144.7,96.31));
#13027=CARTESIAN_POINT('Origin',(244.04,140.7,54.13));
#13028=CARTESIAN_POINT('',(244.04,140.7,54.13));
#13029=CARTESIAN_POINT('',(225.35,140.7,54.13));
#13030=CARTESIAN_POINT('',(244.04,140.7,54.13));
#13031=CARTESIAN_POINT('',(225.35,144.7,54.13));
#13032=CARTESIAN_POINT('',(225.35,140.7,54.13));
#13033=CARTESIAN_POINT('',(244.04,144.7,54.13));
#13034=CARTESIAN_POINT('',(244.04,144.7,54.13));
#13035=CARTESIAN_POINT('',(244.04,140.7,54.13));
#13036=CARTESIAN_POINT('Origin',(244.04,140.7,35.44));
#13037=CARTESIAN_POINT('',(244.04,140.7,35.44));
#13038=CARTESIAN_POINT('',(244.04,140.7,35.44));
#13039=CARTESIAN_POINT('',(244.04,144.7,35.44));
#13040=CARTESIAN_POINT('',(244.04,144.7,35.44));
#13041=CARTESIAN_POINT('',(244.04,140.7,35.44));
#13042=CARTESIAN_POINT('Origin',(225.35,140.7,35.44));
#13043=CARTESIAN_POINT('',(225.35,140.7,35.44));
#13044=CARTESIAN_POINT('',(225.35,140.7,35.44));
#13045=CARTESIAN_POINT('',(225.35,144.7,35.44));
#13046=CARTESIAN_POINT('',(225.35,144.7,35.44));
#13047=CARTESIAN_POINT('',(225.35,140.7,35.44));
#13048=CARTESIAN_POINT('Origin',(225.35,140.7,54.13));
#13049=CARTESIAN_POINT('',(225.35,140.7,54.13));
#13050=CARTESIAN_POINT('',(225.35,144.7,54.13));
#13051=CARTESIAN_POINT('Origin',(244.04,140.7,96.31));
#13052=CARTESIAN_POINT('',(244.04,140.7,96.31));
#13053=CARTESIAN_POINT('',(225.35,140.7,96.31));
#13054=CARTESIAN_POINT('',(244.04,140.7,96.31));
#13055=CARTESIAN_POINT('',(225.35,144.7,96.31));
#13056=CARTESIAN_POINT('',(225.35,140.7,96.31));
#13057=CARTESIAN_POINT('',(244.04,144.7,96.31));
#13058=CARTESIAN_POINT('',(244.04,144.7,96.31));
#13059=CARTESIAN_POINT('',(244.04,140.7,96.31));
#13060=CARTESIAN_POINT('Origin',(244.04,140.7,77.62));
#13061=CARTESIAN_POINT('',(244.04,140.7,77.62));
#13062=CARTESIAN_POINT('',(244.04,140.7,77.62));
#13063=CARTESIAN_POINT('',(244.04,144.7,77.62));
#13064=CARTESIAN_POINT('',(244.04,144.7,77.62));
#13065=CARTESIAN_POINT('',(244.04,140.7,77.62));
#13066=CARTESIAN_POINT('Origin',(225.35,140.7,77.62));
#13067=CARTESIAN_POINT('',(225.35,140.7,77.62));
#13068=CARTESIAN_POINT('',(225.35,140.7,77.62));
#13069=CARTESIAN_POINT('',(225.35,144.7,77.62));
#13070=CARTESIAN_POINT('',(225.35,144.7,77.62));
#13071=CARTESIAN_POINT('',(225.35,140.7,77.62));
#13072=CARTESIAN_POINT('Origin',(225.35,140.7,96.31));
#13073=CARTESIAN_POINT('',(225.35,140.7,96.31));
#13074=CARTESIAN_POINT('',(225.35,144.7,96.31));
#13075=CARTESIAN_POINT('Origin',(244.04,140.7,33.04));
#13076=CARTESIAN_POINT('',(244.04,140.7,33.04));
#13077=CARTESIAN_POINT('',(225.35,140.7,33.04));
#13078=CARTESIAN_POINT('',(244.04,140.7,33.04));
#13079=CARTESIAN_POINT('',(225.35,144.7,33.04));
#13080=CARTESIAN_POINT('',(225.35,140.7,33.04));
#13081=CARTESIAN_POINT('',(244.04,144.7,33.04));
#13082=CARTESIAN_POINT('',(244.04,144.7,33.04));
#13083=CARTESIAN_POINT('',(244.04,140.7,33.04));
#13084=CARTESIAN_POINT('Origin',(244.04,140.7,14.35));
#13085=CARTESIAN_POINT('',(244.04,140.7,14.35));
#13086=CARTESIAN_POINT('',(244.04,140.7,14.35));
#13087=CARTESIAN_POINT('',(244.04,144.7,14.35));
#13088=CARTESIAN_POINT('',(244.04,144.7,14.35));
#13089=CARTESIAN_POINT('',(244.04,140.7,14.35));
#13090=CARTESIAN_POINT('Origin',(225.35,140.7,14.35));
#13091=CARTESIAN_POINT('',(225.35,140.7,14.35));
#13092=CARTESIAN_POINT('',(225.35,140.7,14.35));
#13093=CARTESIAN_POINT('',(225.35,144.7,14.35));
#13094=CARTESIAN_POINT('',(225.35,144.7,14.35));
#13095=CARTESIAN_POINT('',(225.35,140.7,14.35));
#13096=CARTESIAN_POINT('Origin',(225.35,140.7,33.04));
#13097=CARTESIAN_POINT('',(225.35,140.7,33.04));
#13098=CARTESIAN_POINT('',(225.35,144.7,33.04));
#13099=CARTESIAN_POINT('Origin',(138.59,140.7,159.58));
#13100=CARTESIAN_POINT('',(138.59,140.7,159.58));
#13101=CARTESIAN_POINT('',(119.9,140.7,159.58));
#13102=CARTESIAN_POINT('',(138.59,140.7,159.58));
#13103=CARTESIAN_POINT('',(119.9,144.7,159.58));
#13104=CARTESIAN_POINT('',(119.9,140.7,159.58));
#13105=CARTESIAN_POINT('',(138.59,144.7,159.58));
#13106=CARTESIAN_POINT('',(138.59,144.7,159.58));
#13107=CARTESIAN_POINT('',(138.59,140.7,159.58));
#13108=CARTESIAN_POINT('Origin',(138.59,140.7,140.89));
#13109=CARTESIAN_POINT('',(138.59,140.7,140.89));
#13110=CARTESIAN_POINT('',(138.59,140.7,140.89));
#13111=CARTESIAN_POINT('',(138.59,144.7,140.89));
#13112=CARTESIAN_POINT('',(138.59,144.7,140.89));
#13113=CARTESIAN_POINT('',(138.59,140.7,140.89));
#13114=CARTESIAN_POINT('Origin',(119.9,140.7,140.89));
#13115=CARTESIAN_POINT('',(119.9,140.7,140.89));
#13116=CARTESIAN_POINT('',(119.9,140.7,140.89));
#13117=CARTESIAN_POINT('',(119.9,144.7,140.89));
#13118=CARTESIAN_POINT('',(119.9,144.7,140.89));
#13119=CARTESIAN_POINT('',(119.9,140.7,140.89));
#13120=CARTESIAN_POINT('Origin',(119.9,140.7,159.58));
#13121=CARTESIAN_POINT('',(119.9,140.7,159.58));
#13122=CARTESIAN_POINT('',(119.9,144.7,159.58));
#13123=CARTESIAN_POINT('Origin',(201.86,140.7,222.85));
#13124=CARTESIAN_POINT('',(201.86,140.7,222.85));
#13125=CARTESIAN_POINT('',(183.17,140.7,222.85));
#13126=CARTESIAN_POINT('',(201.86,140.7,222.85));
#13127=CARTESIAN_POINT('',(183.17,144.7,222.85));
#13128=CARTESIAN_POINT('',(183.17,140.7,222.85));
#13129=CARTESIAN_POINT('',(201.86,144.7,222.85));
#13130=CARTESIAN_POINT('',(201.86,144.7,222.85));
#13131=CARTESIAN_POINT('',(201.86,140.7,222.85));
#13132=CARTESIAN_POINT('Origin',(201.86,140.7,204.16));
#13133=CARTESIAN_POINT('',(201.86,140.7,204.16));
#13134=CARTESIAN_POINT('',(201.86,140.7,204.16));
#13135=CARTESIAN_POINT('',(201.86,144.7,204.16));
#13136=CARTESIAN_POINT('',(201.86,144.7,204.16));
#13137=CARTESIAN_POINT('',(201.86,140.7,204.16));
#13138=CARTESIAN_POINT('Origin',(183.17,140.7,204.16));
#13139=CARTESIAN_POINT('',(183.17,140.7,204.16));
#13140=CARTESIAN_POINT('',(183.17,140.7,204.16));
#13141=CARTESIAN_POINT('',(183.17,144.7,204.16));
#13142=CARTESIAN_POINT('',(183.17,144.7,204.16));
#13143=CARTESIAN_POINT('',(183.17,140.7,204.16));
#13144=CARTESIAN_POINT('Origin',(183.17,140.7,222.85));
#13145=CARTESIAN_POINT('',(183.17,140.7,222.85));
#13146=CARTESIAN_POINT('',(183.17,144.7,222.85));
#13147=CARTESIAN_POINT('Origin',(328.4,140.7,159.58));
#13148=CARTESIAN_POINT('',(328.4,140.7,159.58));
#13149=CARTESIAN_POINT('',(309.71,140.7,159.58));
#13150=CARTESIAN_POINT('',(328.4,140.7,159.58));
#13151=CARTESIAN_POINT('',(309.71,144.7,159.58));
#13152=CARTESIAN_POINT('',(309.71,140.7,159.58));
#13153=CARTESIAN_POINT('',(328.4,144.7,159.58));
#13154=CARTESIAN_POINT('',(328.4,144.7,159.58));
#13155=CARTESIAN_POINT('',(328.4,140.7,159.58));
#13156=CARTESIAN_POINT('Origin',(328.4,140.7,140.89));
#13157=CARTESIAN_POINT('',(328.4,140.7,140.89));
#13158=CARTESIAN_POINT('',(328.4,140.7,140.89));
#13159=CARTESIAN_POINT('',(328.4,144.7,140.89));
#13160=CARTESIAN_POINT('',(328.4,144.7,140.89));
#13161=CARTESIAN_POINT('',(328.4,140.7,140.89));
#13162=CARTESIAN_POINT('Origin',(309.71,140.7,140.89));
#13163=CARTESIAN_POINT('',(309.71,140.7,140.89));
#13164=CARTESIAN_POINT('',(309.71,140.7,140.89));
#13165=CARTESIAN_POINT('',(309.71,144.7,140.89));
#13166=CARTESIAN_POINT('',(309.71,144.7,140.89));
#13167=CARTESIAN_POINT('',(309.71,140.7,140.89));
#13168=CARTESIAN_POINT('Origin',(309.71,140.7,159.58));
#13169=CARTESIAN_POINT('',(309.71,140.7,159.58));
#13170=CARTESIAN_POINT('',(309.71,144.7,159.58));
#13171=CARTESIAN_POINT('Origin',(159.68,140.7,33.04));
#13172=CARTESIAN_POINT('',(159.68,140.7,33.04));
#13173=CARTESIAN_POINT('',(140.99,140.7,33.04));
#13174=CARTESIAN_POINT('',(159.68,140.7,33.04));
#13175=CARTESIAN_POINT('',(140.99,144.7,33.04));
#13176=CARTESIAN_POINT('',(140.99,140.7,33.04));
#13177=CARTESIAN_POINT('',(159.68,144.7,33.04));
#13178=CARTESIAN_POINT('',(159.68,144.7,33.04));
#13179=CARTESIAN_POINT('',(159.68,140.7,33.04));
#13180=CARTESIAN_POINT('Origin',(159.68,140.7,14.35));
#13181=CARTESIAN_POINT('',(159.68,140.7,14.35));
#13182=CARTESIAN_POINT('',(159.68,140.7,14.35));
#13183=CARTESIAN_POINT('',(159.68,144.7,14.35));
#13184=CARTESIAN_POINT('',(159.68,144.7,14.35));
#13185=CARTESIAN_POINT('',(159.68,140.7,14.35));
#13186=CARTESIAN_POINT('Origin',(140.99,140.7,14.35));
#13187=CARTESIAN_POINT('',(140.99,140.7,14.35));
#13188=CARTESIAN_POINT('',(140.99,140.7,14.35));
#13189=CARTESIAN_POINT('',(140.99,144.7,14.35));
#13190=CARTESIAN_POINT('',(140.99,144.7,14.35));
#13191=CARTESIAN_POINT('',(140.99,140.7,14.35));
#13192=CARTESIAN_POINT('Origin',(140.99,140.7,33.04));
#13193=CARTESIAN_POINT('',(140.99,140.7,33.04));
#13194=CARTESIAN_POINT('',(140.99,144.7,33.04));
#13195=CARTESIAN_POINT('Origin',(138.59,140.7,138.49));
#13196=CARTESIAN_POINT('',(138.59,140.7,138.49));
#13197=CARTESIAN_POINT('',(119.9,140.7,138.49));
#13198=CARTESIAN_POINT('',(138.59,140.7,138.49));
#13199=CARTESIAN_POINT('',(119.9,144.7,138.49));
#13200=CARTESIAN_POINT('',(119.9,140.7,138.49));
#13201=CARTESIAN_POINT('',(138.59,144.7,138.49));
#13202=CARTESIAN_POINT('',(138.59,144.7,138.49));
#13203=CARTESIAN_POINT('',(138.59,140.7,138.49));
#13204=CARTESIAN_POINT('Origin',(138.59,140.7,119.8));
#13205=CARTESIAN_POINT('',(138.59,140.7,119.8));
#13206=CARTESIAN_POINT('',(138.59,140.7,119.8));
#13207=CARTESIAN_POINT('',(138.59,144.7,119.8));
#13208=CARTESIAN_POINT('',(138.59,144.7,119.8));
#13209=CARTESIAN_POINT('',(138.59,140.7,119.8));
#13210=CARTESIAN_POINT('Origin',(119.9,140.7,119.8));
#13211=CARTESIAN_POINT('',(119.9,140.7,119.8));
#13212=CARTESIAN_POINT('',(119.9,140.7,119.8));
#13213=CARTESIAN_POINT('',(119.9,144.7,119.8));
#13214=CARTESIAN_POINT('',(119.9,144.7,119.8));
#13215=CARTESIAN_POINT('',(119.9,140.7,119.8));
#13216=CARTESIAN_POINT('Origin',(119.9,140.7,138.49));
#13217=CARTESIAN_POINT('',(119.9,140.7,138.49));
#13218=CARTESIAN_POINT('',(119.9,144.7,138.49));
#13219=CARTESIAN_POINT('Origin',(286.22,140.7,222.85));
#13220=CARTESIAN_POINT('',(286.22,140.7,222.85));
#13221=CARTESIAN_POINT('',(267.53,140.7,222.85));
#13222=CARTESIAN_POINT('',(286.22,140.7,222.85));
#13223=CARTESIAN_POINT('',(267.53,144.7,222.85));
#13224=CARTESIAN_POINT('',(267.53,140.7,222.85));
#13225=CARTESIAN_POINT('',(286.22,144.7,222.85));
#13226=CARTESIAN_POINT('',(286.22,144.7,222.85));
#13227=CARTESIAN_POINT('',(286.22,140.7,222.85));
#13228=CARTESIAN_POINT('Origin',(286.22,140.7,204.16));
#13229=CARTESIAN_POINT('',(286.22,140.7,204.16));
#13230=CARTESIAN_POINT('',(286.22,140.7,204.16));
#13231=CARTESIAN_POINT('',(286.22,144.7,204.16));
#13232=CARTESIAN_POINT('',(286.22,144.7,204.16));
#13233=CARTESIAN_POINT('',(286.22,140.7,204.16));
#13234=CARTESIAN_POINT('Origin',(267.53,140.7,204.16));
#13235=CARTESIAN_POINT('',(267.53,140.7,204.16));
#13236=CARTESIAN_POINT('',(267.53,140.7,204.16));
#13237=CARTESIAN_POINT('',(267.53,144.7,204.16));
#13238=CARTESIAN_POINT('',(267.53,144.7,204.16));
#13239=CARTESIAN_POINT('',(267.53,140.7,204.16));
#13240=CARTESIAN_POINT('Origin',(267.53,140.7,222.85));
#13241=CARTESIAN_POINT('',(267.53,140.7,222.85));
#13242=CARTESIAN_POINT('',(267.53,144.7,222.85));
#13243=CARTESIAN_POINT('Origin',(180.77,140.7,75.22));
#13244=CARTESIAN_POINT('',(180.77,140.7,75.22));
#13245=CARTESIAN_POINT('',(162.08,140.7,75.22));
#13246=CARTESIAN_POINT('',(180.77,140.7,75.22));
#13247=CARTESIAN_POINT('',(162.08,144.7,75.22));
#13248=CARTESIAN_POINT('',(162.08,140.7,75.22));
#13249=CARTESIAN_POINT('',(180.77,144.7,75.22));
#13250=CARTESIAN_POINT('',(180.77,144.7,75.22));
#13251=CARTESIAN_POINT('',(180.77,140.7,75.22));
#13252=CARTESIAN_POINT('Origin',(180.77,140.7,56.53));
#13253=CARTESIAN_POINT('',(180.77,140.7,56.53));
#13254=CARTESIAN_POINT('',(180.77,140.7,56.53));
#13255=CARTESIAN_POINT('',(180.77,144.7,56.53));
#13256=CARTESIAN_POINT('',(180.77,144.7,56.53));
#13257=CARTESIAN_POINT('',(180.77,140.7,56.53));
#13258=CARTESIAN_POINT('Origin',(162.08,140.7,56.53));
#13259=CARTESIAN_POINT('',(162.08,140.7,56.53));
#13260=CARTESIAN_POINT('',(162.08,140.7,56.53));
#13261=CARTESIAN_POINT('',(162.08,144.7,56.53));
#13262=CARTESIAN_POINT('',(162.08,144.7,56.53));
#13263=CARTESIAN_POINT('',(162.08,140.7,56.53));
#13264=CARTESIAN_POINT('Origin',(162.08,140.7,75.22));
#13265=CARTESIAN_POINT('',(162.08,140.7,75.22));
#13266=CARTESIAN_POINT('',(162.08,144.7,75.22));
#13267=CARTESIAN_POINT('Origin',(328.4,140.7,201.76));
#13268=CARTESIAN_POINT('',(328.4,140.7,201.76));
#13269=CARTESIAN_POINT('',(309.71,140.7,201.76));
#13270=CARTESIAN_POINT('',(328.4,140.7,201.76));
#13271=CARTESIAN_POINT('',(309.71,144.7,201.76));
#13272=CARTESIAN_POINT('',(309.71,140.7,201.76));
#13273=CARTESIAN_POINT('',(328.4,144.7,201.76));
#13274=CARTESIAN_POINT('',(328.4,144.7,201.76));
#13275=CARTESIAN_POINT('',(328.4,140.7,201.76));
#13276=CARTESIAN_POINT('Origin',(328.4,140.7,183.07));
#13277=CARTESIAN_POINT('',(328.4,140.7,183.07));
#13278=CARTESIAN_POINT('',(328.4,140.7,183.07));
#13279=CARTESIAN_POINT('',(328.4,144.7,183.07));
#13280=CARTESIAN_POINT('',(328.4,144.7,183.07));
#13281=CARTESIAN_POINT('',(328.4,140.7,183.07));
#13282=CARTESIAN_POINT('Origin',(309.71,140.7,183.07));
#13283=CARTESIAN_POINT('',(309.71,140.7,183.07));
#13284=CARTESIAN_POINT('',(309.71,140.7,183.07));
#13285=CARTESIAN_POINT('',(309.71,144.7,183.07));
#13286=CARTESIAN_POINT('',(309.71,144.7,183.07));
#13287=CARTESIAN_POINT('',(309.71,140.7,183.07));
#13288=CARTESIAN_POINT('Origin',(309.71,140.7,201.76));
#13289=CARTESIAN_POINT('',(309.71,140.7,201.76));
#13290=CARTESIAN_POINT('',(309.71,144.7,201.76));
#13291=CARTESIAN_POINT('Origin',(307.31,140.7,180.67));
#13292=CARTESIAN_POINT('',(307.31,140.7,180.67));
#13293=CARTESIAN_POINT('',(288.62,140.7,180.67));
#13294=CARTESIAN_POINT('',(307.31,140.7,180.67));
#13295=CARTESIAN_POINT('',(288.62,144.7,180.67));
#13296=CARTESIAN_POINT('',(288.62,140.7,180.67));
#13297=CARTESIAN_POINT('',(307.31,144.7,180.67));
#13298=CARTESIAN_POINT('',(307.31,144.7,180.67));
#13299=CARTESIAN_POINT('',(307.31,140.7,180.67));
#13300=CARTESIAN_POINT('Origin',(307.31,140.7,161.98));
#13301=CARTESIAN_POINT('',(307.31,140.7,161.98));
#13302=CARTESIAN_POINT('',(307.31,140.7,161.98));
#13303=CARTESIAN_POINT('',(307.31,144.7,161.98));
#13304=CARTESIAN_POINT('',(307.31,144.7,161.98));
#13305=CARTESIAN_POINT('',(307.31,140.7,161.98));
#13306=CARTESIAN_POINT('Origin',(288.62,140.7,161.98));
#13307=CARTESIAN_POINT('',(288.62,140.7,161.98));
#13308=CARTESIAN_POINT('',(288.62,140.7,161.98));
#13309=CARTESIAN_POINT('',(288.62,144.7,161.98));
#13310=CARTESIAN_POINT('',(288.62,144.7,161.98));
#13311=CARTESIAN_POINT('',(288.62,140.7,161.98));
#13312=CARTESIAN_POINT('Origin',(288.62,140.7,180.67));
#13313=CARTESIAN_POINT('',(288.62,140.7,180.67));
#13314=CARTESIAN_POINT('',(288.62,144.7,180.67));
#13315=CARTESIAN_POINT('Origin',(328.4,140.7,117.4));
#13316=CARTESIAN_POINT('',(328.4,140.7,117.4));
#13317=CARTESIAN_POINT('',(309.71,140.7,117.4));
#13318=CARTESIAN_POINT('',(328.4,140.7,117.4));
#13319=CARTESIAN_POINT('',(309.71,144.7,117.4));
#13320=CARTESIAN_POINT('',(309.71,140.7,117.4));
#13321=CARTESIAN_POINT('',(328.4,144.7,117.4));
#13322=CARTESIAN_POINT('',(328.4,144.7,117.4));
#13323=CARTESIAN_POINT('',(328.4,140.7,117.4));
#13324=CARTESIAN_POINT('Origin',(328.4,140.7,98.71));
#13325=CARTESIAN_POINT('',(328.4,140.7,98.71));
#13326=CARTESIAN_POINT('',(328.4,140.7,98.71));
#13327=CARTESIAN_POINT('',(328.4,144.7,98.71));
#13328=CARTESIAN_POINT('',(328.4,144.7,98.71));
#13329=CARTESIAN_POINT('',(328.4,140.7,98.71));
#13330=CARTESIAN_POINT('Origin',(309.71,140.7,98.71));
#13331=CARTESIAN_POINT('',(309.71,140.7,98.71));
#13332=CARTESIAN_POINT('',(309.71,140.7,98.71));
#13333=CARTESIAN_POINT('',(309.71,144.7,98.71));
#13334=CARTESIAN_POINT('',(309.71,144.7,98.71));
#13335=CARTESIAN_POINT('',(309.71,140.7,98.71));
#13336=CARTESIAN_POINT('Origin',(309.71,140.7,117.4));
#13337=CARTESIAN_POINT('',(309.71,140.7,117.4));
#13338=CARTESIAN_POINT('',(309.71,144.7,117.4));
#13339=CARTESIAN_POINT('Origin',(222.95,140.7,33.04));
#13340=CARTESIAN_POINT('',(222.95,140.7,33.04));
#13341=CARTESIAN_POINT('',(204.26,140.7,33.04));
#13342=CARTESIAN_POINT('',(222.95,140.7,33.04));
#13343=CARTESIAN_POINT('',(204.26,144.7,33.04));
#13344=CARTESIAN_POINT('',(204.26,140.7,33.04));
#13345=CARTESIAN_POINT('',(222.95,144.7,33.04));
#13346=CARTESIAN_POINT('',(222.95,144.7,33.04));
#13347=CARTESIAN_POINT('',(222.95,140.7,33.04));
#13348=CARTESIAN_POINT('Origin',(222.95,140.7,14.35));
#13349=CARTESIAN_POINT('',(222.95,140.7,14.35));
#13350=CARTESIAN_POINT('',(222.95,140.7,14.35));
#13351=CARTESIAN_POINT('',(222.95,144.7,14.35));
#13352=CARTESIAN_POINT('',(222.95,144.7,14.35));
#13353=CARTESIAN_POINT('',(222.95,140.7,14.35));
#13354=CARTESIAN_POINT('Origin',(204.26,140.7,14.35));
#13355=CARTESIAN_POINT('',(204.26,140.7,14.35));
#13356=CARTESIAN_POINT('',(204.26,140.7,14.35));
#13357=CARTESIAN_POINT('',(204.26,144.7,14.35));
#13358=CARTESIAN_POINT('',(204.26,144.7,14.35));
#13359=CARTESIAN_POINT('',(204.26,140.7,14.35));
#13360=CARTESIAN_POINT('Origin',(204.26,140.7,33.04));
#13361=CARTESIAN_POINT('',(204.26,140.7,33.04));
#13362=CARTESIAN_POINT('',(204.26,144.7,33.04));
#13363=CARTESIAN_POINT('Origin',(307.31,140.7,75.22));
#13364=CARTESIAN_POINT('',(307.31,140.7,75.22));
#13365=CARTESIAN_POINT('',(288.62,140.7,75.22));
#13366=CARTESIAN_POINT('',(307.31,140.7,75.22));
#13367=CARTESIAN_POINT('',(288.62,144.7,75.22));
#13368=CARTESIAN_POINT('',(288.62,140.7,75.22));
#13369=CARTESIAN_POINT('',(307.31,144.7,75.22));
#13370=CARTESIAN_POINT('',(307.31,144.7,75.22));
#13371=CARTESIAN_POINT('',(307.31,140.7,75.22));
#13372=CARTESIAN_POINT('Origin',(307.31,140.7,56.53));
#13373=CARTESIAN_POINT('',(307.31,140.7,56.53));
#13374=CARTESIAN_POINT('',(307.31,140.7,56.53));
#13375=CARTESIAN_POINT('',(307.31,144.7,56.53));
#13376=CARTESIAN_POINT('',(307.31,144.7,56.53));
#13377=CARTESIAN_POINT('',(307.31,140.7,56.53));
#13378=CARTESIAN_POINT('Origin',(288.62,140.7,56.53));
#13379=CARTESIAN_POINT('',(288.62,140.7,56.53));
#13380=CARTESIAN_POINT('',(288.62,140.7,56.53));
#13381=CARTESIAN_POINT('',(288.62,144.7,56.53));
#13382=CARTESIAN_POINT('',(288.62,144.7,56.53));
#13383=CARTESIAN_POINT('',(288.62,140.7,56.53));
#13384=CARTESIAN_POINT('Origin',(288.62,140.7,75.22));
#13385=CARTESIAN_POINT('',(288.62,140.7,75.22));
#13386=CARTESIAN_POINT('',(288.62,144.7,75.22));
#13387=CARTESIAN_POINT('Origin',(201.86,140.7,138.49));
#13388=CARTESIAN_POINT('',(201.86,140.7,138.49));
#13389=CARTESIAN_POINT('',(183.17,140.7,138.49));
#13390=CARTESIAN_POINT('',(201.86,140.7,138.49));
#13391=CARTESIAN_POINT('',(183.17,144.7,138.49));
#13392=CARTESIAN_POINT('',(183.17,140.7,138.49));
#13393=CARTESIAN_POINT('',(201.86,144.7,138.49));
#13394=CARTESIAN_POINT('',(201.86,144.7,138.49));
#13395=CARTESIAN_POINT('',(201.86,140.7,138.49));
#13396=CARTESIAN_POINT('Origin',(201.86,140.7,119.8));
#13397=CARTESIAN_POINT('',(201.86,140.7,119.8));
#13398=CARTESIAN_POINT('',(201.86,140.7,119.8));
#13399=CARTESIAN_POINT('',(201.86,144.7,119.8));
#13400=CARTESIAN_POINT('',(201.86,144.7,119.8));
#13401=CARTESIAN_POINT('',(201.86,140.7,119.8));
#13402=CARTESIAN_POINT('Origin',(183.17,140.7,119.8));
#13403=CARTESIAN_POINT('',(183.17,140.7,119.8));
#13404=CARTESIAN_POINT('',(183.17,140.7,119.8));
#13405=CARTESIAN_POINT('',(183.17,144.7,119.8));
#13406=CARTESIAN_POINT('',(183.17,144.7,119.8));
#13407=CARTESIAN_POINT('',(183.17,140.7,119.8));
#13408=CARTESIAN_POINT('Origin',(183.17,140.7,138.49));
#13409=CARTESIAN_POINT('',(183.17,140.7,138.49));
#13410=CARTESIAN_POINT('',(183.17,144.7,138.49));
#13411=CARTESIAN_POINT('Origin',(180.77,140.7,180.67));
#13412=CARTESIAN_POINT('',(180.77,140.7,180.67));
#13413=CARTESIAN_POINT('',(162.08,140.7,180.67));
#13414=CARTESIAN_POINT('',(180.77,140.7,180.67));
#13415=CARTESIAN_POINT('',(162.08,144.7,180.67));
#13416=CARTESIAN_POINT('',(162.08,140.7,180.67));
#13417=CARTESIAN_POINT('',(180.77,144.7,180.67));
#13418=CARTESIAN_POINT('',(180.77,144.7,180.67));
#13419=CARTESIAN_POINT('',(180.77,140.7,180.67));
#13420=CARTESIAN_POINT('Origin',(180.77,140.7,161.98));
#13421=CARTESIAN_POINT('',(180.77,140.7,161.98));
#13422=CARTESIAN_POINT('',(180.77,140.7,161.98));
#13423=CARTESIAN_POINT('',(180.77,144.7,161.98));
#13424=CARTESIAN_POINT('',(180.77,144.7,161.98));
#13425=CARTESIAN_POINT('',(180.77,140.7,161.98));
#13426=CARTESIAN_POINT('Origin',(162.08,140.7,161.98));
#13427=CARTESIAN_POINT('',(162.08,140.7,161.98));
#13428=CARTESIAN_POINT('',(162.08,140.7,161.98));
#13429=CARTESIAN_POINT('',(162.08,144.7,161.98));
#13430=CARTESIAN_POINT('',(162.08,144.7,161.98));
#13431=CARTESIAN_POINT('',(162.08,140.7,161.98));
#13432=CARTESIAN_POINT('Origin',(162.08,140.7,180.67));
#13433=CARTESIAN_POINT('',(162.08,140.7,180.67));
#13434=CARTESIAN_POINT('',(162.08,144.7,180.67));
#13435=CARTESIAN_POINT('Origin',(328.4,140.7,138.49));
#13436=CARTESIAN_POINT('',(328.4,140.7,138.49));
#13437=CARTESIAN_POINT('',(309.71,140.7,138.49));
#13438=CARTESIAN_POINT('',(328.4,140.7,138.49));
#13439=CARTESIAN_POINT('',(309.71,144.7,138.49));
#13440=CARTESIAN_POINT('',(309.71,140.7,138.49));
#13441=CARTESIAN_POINT('',(328.4,144.7,138.49));
#13442=CARTESIAN_POINT('',(328.4,144.7,138.49));
#13443=CARTESIAN_POINT('',(328.4,140.7,138.49));
#13444=CARTESIAN_POINT('Origin',(328.4,140.7,119.8));
#13445=CARTESIAN_POINT('',(328.4,140.7,119.8));
#13446=CARTESIAN_POINT('',(328.4,140.7,119.8));
#13447=CARTESIAN_POINT('',(328.4,144.7,119.8));
#13448=CARTESIAN_POINT('',(328.4,144.7,119.8));
#13449=CARTESIAN_POINT('',(328.4,140.7,119.8));
#13450=CARTESIAN_POINT('Origin',(309.71,140.7,119.8));
#13451=CARTESIAN_POINT('',(309.71,140.7,119.8));
#13452=CARTESIAN_POINT('',(309.71,140.7,119.8));
#13453=CARTESIAN_POINT('',(309.71,144.7,119.8));
#13454=CARTESIAN_POINT('',(309.71,144.7,119.8));
#13455=CARTESIAN_POINT('',(309.71,140.7,119.8));
#13456=CARTESIAN_POINT('Origin',(309.71,140.7,138.49));
#13457=CARTESIAN_POINT('',(309.71,140.7,138.49));
#13458=CARTESIAN_POINT('',(309.71,144.7,138.49));
#13459=CARTESIAN_POINT('Origin',(138.59,140.7,201.76));
#13460=CARTESIAN_POINT('',(138.59,140.7,201.76));
#13461=CARTESIAN_POINT('',(119.9,140.7,201.76));
#13462=CARTESIAN_POINT('',(138.59,140.7,201.76));
#13463=CARTESIAN_POINT('',(119.9,144.7,201.76));
#13464=CARTESIAN_POINT('',(119.9,140.7,201.76));
#13465=CARTESIAN_POINT('',(138.59,144.7,201.76));
#13466=CARTESIAN_POINT('',(138.59,144.7,201.76));
#13467=CARTESIAN_POINT('',(138.59,140.7,201.76));
#13468=CARTESIAN_POINT('Origin',(138.59,140.7,183.07));
#13469=CARTESIAN_POINT('',(138.59,140.7,183.07));
#13470=CARTESIAN_POINT('',(138.59,140.7,183.07));
#13471=CARTESIAN_POINT('',(138.59,144.7,183.07));
#13472=CARTESIAN_POINT('',(138.59,144.7,183.07));
#13473=CARTESIAN_POINT('',(138.59,140.7,183.07));
#13474=CARTESIAN_POINT('Origin',(119.9,140.7,183.07));
#13475=CARTESIAN_POINT('',(119.9,140.7,183.07));
#13476=CARTESIAN_POINT('',(119.9,140.7,183.07));
#13477=CARTESIAN_POINT('',(119.9,144.7,183.07));
#13478=CARTESIAN_POINT('',(119.9,144.7,183.07));
#13479=CARTESIAN_POINT('',(119.9,140.7,183.07));
#13480=CARTESIAN_POINT('Origin',(119.9,140.7,201.76));
#13481=CARTESIAN_POINT('',(119.9,140.7,201.76));
#13482=CARTESIAN_POINT('',(119.9,144.7,201.76));
#13483=CARTESIAN_POINT('Origin',(307.31,140.7,201.76));
#13484=CARTESIAN_POINT('',(307.31,140.7,201.76));
#13485=CARTESIAN_POINT('',(288.62,140.7,201.76));
#13486=CARTESIAN_POINT('',(307.31,140.7,201.76));
#13487=CARTESIAN_POINT('',(288.62,144.7,201.76));
#13488=CARTESIAN_POINT('',(288.62,140.7,201.76));
#13489=CARTESIAN_POINT('',(307.31,144.7,201.76));
#13490=CARTESIAN_POINT('',(307.31,144.7,201.76));
#13491=CARTESIAN_POINT('',(307.31,140.7,201.76));
#13492=CARTESIAN_POINT('Origin',(307.31,140.7,183.07));
#13493=CARTESIAN_POINT('',(307.31,140.7,183.07));
#13494=CARTESIAN_POINT('',(307.31,140.7,183.07));
#13495=CARTESIAN_POINT('',(307.31,144.7,183.07));
#13496=CARTESIAN_POINT('',(307.31,144.7,183.07));
#13497=CARTESIAN_POINT('',(307.31,140.7,183.07));
#13498=CARTESIAN_POINT('Origin',(288.62,140.7,183.07));
#13499=CARTESIAN_POINT('',(288.62,140.7,183.07));
#13500=CARTESIAN_POINT('',(288.62,140.7,183.07));
#13501=CARTESIAN_POINT('',(288.62,144.7,183.07));
#13502=CARTESIAN_POINT('',(288.62,144.7,183.07));
#13503=CARTESIAN_POINT('',(288.62,140.7,183.07));
#13504=CARTESIAN_POINT('Origin',(288.62,140.7,201.76));
#13505=CARTESIAN_POINT('',(288.62,140.7,201.76));
#13506=CARTESIAN_POINT('',(288.62,144.7,201.76));
#13507=CARTESIAN_POINT('Origin',(159.68,140.7,159.58));
#13508=CARTESIAN_POINT('',(159.68,140.7,159.58));
#13509=CARTESIAN_POINT('',(140.99,140.7,159.58));
#13510=CARTESIAN_POINT('',(159.68,140.7,159.58));
#13511=CARTESIAN_POINT('',(140.99,144.7,159.58));
#13512=CARTESIAN_POINT('',(140.99,140.7,159.58));
#13513=CARTESIAN_POINT('',(159.68,144.7,159.58));
#13514=CARTESIAN_POINT('',(159.68,144.7,159.58));
#13515=CARTESIAN_POINT('',(159.68,140.7,159.58));
#13516=CARTESIAN_POINT('Origin',(159.68,140.7,140.89));
#13517=CARTESIAN_POINT('',(159.68,140.7,140.89));
#13518=CARTESIAN_POINT('',(159.68,140.7,140.89));
#13519=CARTESIAN_POINT('',(159.68,144.7,140.89));
#13520=CARTESIAN_POINT('',(159.68,144.7,140.89));
#13521=CARTESIAN_POINT('',(159.68,140.7,140.89));
#13522=CARTESIAN_POINT('Origin',(140.99,140.7,140.89));
#13523=CARTESIAN_POINT('',(140.99,140.7,140.89));
#13524=CARTESIAN_POINT('',(140.99,140.7,140.89));
#13525=CARTESIAN_POINT('',(140.99,144.7,140.89));
#13526=CARTESIAN_POINT('',(140.99,144.7,140.89));
#13527=CARTESIAN_POINT('',(140.99,140.7,140.89));
#13528=CARTESIAN_POINT('Origin',(140.99,140.7,159.58));
#13529=CARTESIAN_POINT('',(140.99,140.7,159.58));
#13530=CARTESIAN_POINT('',(140.99,144.7,159.58));
#13531=CARTESIAN_POINT('Origin',(265.13,140.7,33.04));
#13532=CARTESIAN_POINT('',(265.13,140.7,33.04));
#13533=CARTESIAN_POINT('',(246.44,140.7,33.04));
#13534=CARTESIAN_POINT('',(265.13,140.7,33.04));
#13535=CARTESIAN_POINT('',(246.44,144.7,33.04));
#13536=CARTESIAN_POINT('',(246.44,140.7,33.04));
#13537=CARTESIAN_POINT('',(265.13,144.7,33.04));
#13538=CARTESIAN_POINT('',(265.13,144.7,33.04));
#13539=CARTESIAN_POINT('',(265.13,140.7,33.04));
#13540=CARTESIAN_POINT('Origin',(265.13,140.7,14.35));
#13541=CARTESIAN_POINT('',(265.13,140.7,14.35));
#13542=CARTESIAN_POINT('',(265.13,140.7,14.35));
#13543=CARTESIAN_POINT('',(265.13,144.7,14.35));
#13544=CARTESIAN_POINT('',(265.13,144.7,14.35));
#13545=CARTESIAN_POINT('',(265.13,140.7,14.35));
#13546=CARTESIAN_POINT('Origin',(246.44,140.7,14.35));
#13547=CARTESIAN_POINT('',(246.44,140.7,14.35));
#13548=CARTESIAN_POINT('',(246.44,140.7,14.35));
#13549=CARTESIAN_POINT('',(246.44,144.7,14.35));
#13550=CARTESIAN_POINT('',(246.44,144.7,14.35));
#13551=CARTESIAN_POINT('',(246.44,140.7,14.35));
#13552=CARTESIAN_POINT('Origin',(246.44,140.7,33.04));
#13553=CARTESIAN_POINT('',(246.44,140.7,33.04));
#13554=CARTESIAN_POINT('',(246.44,144.7,33.04));
#13555=CARTESIAN_POINT('Origin',(159.68,140.7,54.13));
#13556=CARTESIAN_POINT('',(159.68,140.7,54.13));
#13557=CARTESIAN_POINT('',(140.99,140.7,54.13));
#13558=CARTESIAN_POINT('',(159.68,140.7,54.13));
#13559=CARTESIAN_POINT('',(140.99,144.7,54.13));
#13560=CARTESIAN_POINT('',(140.99,140.7,54.13));
#13561=CARTESIAN_POINT('',(159.68,144.7,54.13));
#13562=CARTESIAN_POINT('',(159.68,144.7,54.13));
#13563=CARTESIAN_POINT('',(159.68,140.7,54.13));
#13564=CARTESIAN_POINT('Origin',(159.68,140.7,35.44));
#13565=CARTESIAN_POINT('',(159.68,140.7,35.44));
#13566=CARTESIAN_POINT('',(159.68,140.7,35.44));
#13567=CARTESIAN_POINT('',(159.68,144.7,35.44));
#13568=CARTESIAN_POINT('',(159.68,144.7,35.44));
#13569=CARTESIAN_POINT('',(159.68,140.7,35.44));
#13570=CARTESIAN_POINT('Origin',(140.99,140.7,35.44));
#13571=CARTESIAN_POINT('',(140.99,140.7,35.44));
#13572=CARTESIAN_POINT('',(140.99,140.7,35.44));
#13573=CARTESIAN_POINT('',(140.99,144.7,35.44));
#13574=CARTESIAN_POINT('',(140.99,144.7,35.44));
#13575=CARTESIAN_POINT('',(140.99,140.7,35.44));
#13576=CARTESIAN_POINT('Origin',(140.99,140.7,54.13));
#13577=CARTESIAN_POINT('',(140.99,140.7,54.13));
#13578=CARTESIAN_POINT('',(140.99,144.7,54.13));
#13579=CARTESIAN_POINT('Origin',(201.86,140.7,54.13));
#13580=CARTESIAN_POINT('',(201.86,140.7,54.13));
#13581=CARTESIAN_POINT('',(183.17,140.7,54.13));
#13582=CARTESIAN_POINT('',(201.86,140.7,54.13));
#13583=CARTESIAN_POINT('',(183.17,144.7,54.13));
#13584=CARTESIAN_POINT('',(183.17,140.7,54.13));
#13585=CARTESIAN_POINT('',(201.86,144.7,54.13));
#13586=CARTESIAN_POINT('',(201.86,144.7,54.13));
#13587=CARTESIAN_POINT('',(201.86,140.7,54.13));
#13588=CARTESIAN_POINT('Origin',(201.86,140.7,35.44));
#13589=CARTESIAN_POINT('',(201.86,140.7,35.44));
#13590=CARTESIAN_POINT('',(201.86,140.7,35.44));
#13591=CARTESIAN_POINT('',(201.86,144.7,35.44));
#13592=CARTESIAN_POINT('',(201.86,144.7,35.44));
#13593=CARTESIAN_POINT('',(201.86,140.7,35.44));
#13594=CARTESIAN_POINT('Origin',(183.17,140.7,35.44));
#13595=CARTESIAN_POINT('',(183.17,140.7,35.44));
#13596=CARTESIAN_POINT('',(183.17,140.7,35.44));
#13597=CARTESIAN_POINT('',(183.17,144.7,35.44));
#13598=CARTESIAN_POINT('',(183.17,144.7,35.44));
#13599=CARTESIAN_POINT('',(183.17,140.7,35.44));
#13600=CARTESIAN_POINT('Origin',(183.17,140.7,54.13));
#13601=CARTESIAN_POINT('',(183.17,140.7,54.13));
#13602=CARTESIAN_POINT('',(183.17,144.7,54.13));
#13603=CARTESIAN_POINT('Origin',(328.4,140.7,96.31));
#13604=CARTESIAN_POINT('',(328.4,140.7,96.31));
#13605=CARTESIAN_POINT('',(309.71,140.7,96.31));
#13606=CARTESIAN_POINT('',(328.4,140.7,96.31));
#13607=CARTESIAN_POINT('',(309.71,144.7,96.31));
#13608=CARTESIAN_POINT('',(309.71,140.7,96.31));
#13609=CARTESIAN_POINT('',(328.4,144.7,96.31));
#13610=CARTESIAN_POINT('',(328.4,144.7,96.31));
#13611=CARTESIAN_POINT('',(328.4,140.7,96.31));
#13612=CARTESIAN_POINT('Origin',(328.4,140.7,77.62));
#13613=CARTESIAN_POINT('',(328.4,140.7,77.62));
#13614=CARTESIAN_POINT('',(328.4,140.7,77.62));
#13615=CARTESIAN_POINT('',(328.4,144.7,77.62));
#13616=CARTESIAN_POINT('',(328.4,144.7,77.62));
#13617=CARTESIAN_POINT('',(328.4,140.7,77.62));
#13618=CARTESIAN_POINT('Origin',(309.71,140.7,77.62));
#13619=CARTESIAN_POINT('',(309.71,140.7,77.62));
#13620=CARTESIAN_POINT('',(309.71,140.7,77.62));
#13621=CARTESIAN_POINT('',(309.71,144.7,77.62));
#13622=CARTESIAN_POINT('',(309.71,144.7,77.62));
#13623=CARTESIAN_POINT('',(309.71,140.7,77.62));
#13624=CARTESIAN_POINT('Origin',(309.71,140.7,96.31));
#13625=CARTESIAN_POINT('',(309.71,140.7,96.31));
#13626=CARTESIAN_POINT('',(309.71,144.7,96.31));
#13627=CARTESIAN_POINT('Origin',(286.22,140.7,54.13));
#13628=CARTESIAN_POINT('',(286.22,140.7,54.13));
#13629=CARTESIAN_POINT('',(267.53,140.7,54.13));
#13630=CARTESIAN_POINT('',(286.22,140.7,54.13));
#13631=CARTESIAN_POINT('',(267.53,144.7,54.13));
#13632=CARTESIAN_POINT('',(267.53,140.7,54.13));
#13633=CARTESIAN_POINT('',(286.22,144.7,54.13));
#13634=CARTESIAN_POINT('',(286.22,144.7,54.13));
#13635=CARTESIAN_POINT('',(286.22,140.7,54.13));
#13636=CARTESIAN_POINT('Origin',(286.22,140.7,35.44));
#13637=CARTESIAN_POINT('',(286.22,140.7,35.44));
#13638=CARTESIAN_POINT('',(286.22,140.7,35.44));
#13639=CARTESIAN_POINT('',(286.22,144.7,35.44));
#13640=CARTESIAN_POINT('',(286.22,144.7,35.44));
#13641=CARTESIAN_POINT('',(286.22,140.7,35.44));
#13642=CARTESIAN_POINT('Origin',(267.53,140.7,35.44));
#13643=CARTESIAN_POINT('',(267.53,140.7,35.44));
#13644=CARTESIAN_POINT('',(267.53,140.7,35.44));
#13645=CARTESIAN_POINT('',(267.53,144.7,35.44));
#13646=CARTESIAN_POINT('',(267.53,144.7,35.44));
#13647=CARTESIAN_POINT('',(267.53,140.7,35.44));
#13648=CARTESIAN_POINT('Origin',(267.53,140.7,54.13));
#13649=CARTESIAN_POINT('',(267.53,140.7,54.13));
#13650=CARTESIAN_POINT('',(267.53,144.7,54.13));
#13651=CARTESIAN_POINT('Origin',(265.13,140.7,117.4));
#13652=CARTESIAN_POINT('',(265.13,140.7,117.4));
#13653=CARTESIAN_POINT('',(246.44,140.7,117.4));
#13654=CARTESIAN_POINT('',(265.13,140.7,117.4));
#13655=CARTESIAN_POINT('',(246.44,144.7,117.4));
#13656=CARTESIAN_POINT('',(246.44,140.7,117.4));
#13657=CARTESIAN_POINT('',(265.13,144.7,117.4));
#13658=CARTESIAN_POINT('',(265.13,144.7,117.4));
#13659=CARTESIAN_POINT('',(265.13,140.7,117.4));
#13660=CARTESIAN_POINT('Origin',(265.13,140.7,98.71));
#13661=CARTESIAN_POINT('',(265.13,140.7,98.71));
#13662=CARTESIAN_POINT('',(265.13,140.7,98.71));
#13663=CARTESIAN_POINT('',(265.13,144.7,98.71));
#13664=CARTESIAN_POINT('',(265.13,144.7,98.71));
#13665=CARTESIAN_POINT('',(265.13,140.7,98.71));
#13666=CARTESIAN_POINT('Origin',(246.44,140.7,98.71));
#13667=CARTESIAN_POINT('',(246.44,140.7,98.71));
#13668=CARTESIAN_POINT('',(246.44,140.7,98.71));
#13669=CARTESIAN_POINT('',(246.44,144.7,98.71));
#13670=CARTESIAN_POINT('',(246.44,144.7,98.71));
#13671=CARTESIAN_POINT('',(246.44,140.7,98.71));
#13672=CARTESIAN_POINT('Origin',(246.44,140.7,117.4));
#13673=CARTESIAN_POINT('',(246.44,140.7,117.4));
#13674=CARTESIAN_POINT('',(246.44,144.7,117.4));
#13675=CARTESIAN_POINT('Origin',(180.77,140.7,159.58));
#13676=CARTESIAN_POINT('',(180.77,140.7,159.58));
#13677=CARTESIAN_POINT('',(162.08,140.7,159.58));
#13678=CARTESIAN_POINT('',(180.77,140.7,159.58));
#13679=CARTESIAN_POINT('',(162.08,144.7,159.58));
#13680=CARTESIAN_POINT('',(162.08,140.7,159.58));
#13681=CARTESIAN_POINT('',(180.77,144.7,159.58));
#13682=CARTESIAN_POINT('',(180.77,144.7,159.58));
#13683=CARTESIAN_POINT('',(180.77,140.7,159.58));
#13684=CARTESIAN_POINT('Origin',(180.77,140.7,140.89));
#13685=CARTESIAN_POINT('',(180.77,140.7,140.89));
#13686=CARTESIAN_POINT('',(180.77,140.7,140.89));
#13687=CARTESIAN_POINT('',(180.77,144.7,140.89));
#13688=CARTESIAN_POINT('',(180.77,144.7,140.89));
#13689=CARTESIAN_POINT('',(180.77,140.7,140.89));
#13690=CARTESIAN_POINT('Origin',(162.08,140.7,140.89));
#13691=CARTESIAN_POINT('',(162.08,140.7,140.89));
#13692=CARTESIAN_POINT('',(162.08,140.7,140.89));
#13693=CARTESIAN_POINT('',(162.08,144.7,140.89));
#13694=CARTESIAN_POINT('',(162.08,144.7,140.89));
#13695=CARTESIAN_POINT('',(162.08,140.7,140.89));
#13696=CARTESIAN_POINT('Origin',(162.08,140.7,159.58));
#13697=CARTESIAN_POINT('',(162.08,140.7,159.58));
#13698=CARTESIAN_POINT('',(162.08,144.7,159.58));
#13699=CARTESIAN_POINT('Origin',(286.22,140.7,75.22));
#13700=CARTESIAN_POINT('',(286.22,140.7,75.22));
#13701=CARTESIAN_POINT('',(267.53,140.7,75.22));
#13702=CARTESIAN_POINT('',(286.22,140.7,75.22));
#13703=CARTESIAN_POINT('',(267.53,144.7,75.22));
#13704=CARTESIAN_POINT('',(267.53,140.7,75.22));
#13705=CARTESIAN_POINT('',(286.22,144.7,75.22));
#13706=CARTESIAN_POINT('',(286.22,144.7,75.22));
#13707=CARTESIAN_POINT('',(286.22,140.7,75.22));
#13708=CARTESIAN_POINT('Origin',(286.22,140.7,56.53));
#13709=CARTESIAN_POINT('',(286.22,140.7,56.53));
#13710=CARTESIAN_POINT('',(286.22,140.7,56.53));
#13711=CARTESIAN_POINT('',(286.22,144.7,56.53));
#13712=CARTESIAN_POINT('',(286.22,144.7,56.53));
#13713=CARTESIAN_POINT('',(286.22,140.7,56.53));
#13714=CARTESIAN_POINT('Origin',(267.53,140.7,56.53));
#13715=CARTESIAN_POINT('',(267.53,140.7,56.53));
#13716=CARTESIAN_POINT('',(267.53,140.7,56.53));
#13717=CARTESIAN_POINT('',(267.53,144.7,56.53));
#13718=CARTESIAN_POINT('',(267.53,144.7,56.53));
#13719=CARTESIAN_POINT('',(267.53,140.7,56.53));
#13720=CARTESIAN_POINT('Origin',(267.53,140.7,75.22));
#13721=CARTESIAN_POINT('',(267.53,140.7,75.22));
#13722=CARTESIAN_POINT('',(267.53,144.7,75.22));
#13723=CARTESIAN_POINT('Origin',(222.95,140.7,138.49));
#13724=CARTESIAN_POINT('',(222.95,140.7,138.49));
#13725=CARTESIAN_POINT('',(204.26,140.7,138.49));
#13726=CARTESIAN_POINT('',(222.95,140.7,138.49));
#13727=CARTESIAN_POINT('',(204.26,144.7,138.49));
#13728=CARTESIAN_POINT('',(204.26,140.7,138.49));
#13729=CARTESIAN_POINT('',(222.95,144.7,138.49));
#13730=CARTESIAN_POINT('',(222.95,144.7,138.49));
#13731=CARTESIAN_POINT('',(222.95,140.7,138.49));
#13732=CARTESIAN_POINT('Origin',(222.95,140.7,119.8));
#13733=CARTESIAN_POINT('',(222.95,140.7,119.8));
#13734=CARTESIAN_POINT('',(222.95,140.7,119.8));
#13735=CARTESIAN_POINT('',(222.95,144.7,119.8));
#13736=CARTESIAN_POINT('',(222.95,144.7,119.8));
#13737=CARTESIAN_POINT('',(222.95,140.7,119.8));
#13738=CARTESIAN_POINT('Origin',(204.26,140.7,119.8));
#13739=CARTESIAN_POINT('',(204.26,140.7,119.8));
#13740=CARTESIAN_POINT('',(204.26,140.7,119.8));
#13741=CARTESIAN_POINT('',(204.26,144.7,119.8));
#13742=CARTESIAN_POINT('',(204.26,144.7,119.8));
#13743=CARTESIAN_POINT('',(204.26,140.7,119.8));
#13744=CARTESIAN_POINT('Origin',(204.26,140.7,138.49));
#13745=CARTESIAN_POINT('',(204.26,140.7,138.49));
#13746=CARTESIAN_POINT('',(204.26,144.7,138.49));
#13747=CARTESIAN_POINT('Origin',(286.22,140.7,138.49));
#13748=CARTESIAN_POINT('',(286.22,140.7,138.49));
#13749=CARTESIAN_POINT('',(267.53,140.7,138.49));
#13750=CARTESIAN_POINT('',(286.22,140.7,138.49));
#13751=CARTESIAN_POINT('',(267.53,144.7,138.49));
#13752=CARTESIAN_POINT('',(267.53,140.7,138.49));
#13753=CARTESIAN_POINT('',(286.22,144.7,138.49));
#13754=CARTESIAN_POINT('',(286.22,144.7,138.49));
#13755=CARTESIAN_POINT('',(286.22,140.7,138.49));
#13756=CARTESIAN_POINT('Origin',(286.22,140.7,119.8));
#13757=CARTESIAN_POINT('',(286.22,140.7,119.8));
#13758=CARTESIAN_POINT('',(286.22,140.7,119.8));
#13759=CARTESIAN_POINT('',(286.22,144.7,119.8));
#13760=CARTESIAN_POINT('',(286.22,144.7,119.8));
#13761=CARTESIAN_POINT('',(286.22,140.7,119.8));
#13762=CARTESIAN_POINT('Origin',(267.53,140.7,119.8));
#13763=CARTESIAN_POINT('',(267.53,140.7,119.8));
#13764=CARTESIAN_POINT('',(267.53,140.7,119.8));
#13765=CARTESIAN_POINT('',(267.53,144.7,119.8));
#13766=CARTESIAN_POINT('',(267.53,144.7,119.8));
#13767=CARTESIAN_POINT('',(267.53,140.7,119.8));
#13768=CARTESIAN_POINT('Origin',(267.53,140.7,138.49));
#13769=CARTESIAN_POINT('',(267.53,140.7,138.49));
#13770=CARTESIAN_POINT('',(267.53,144.7,138.49));
#13771=CARTESIAN_POINT('Origin',(222.95,140.7,96.31));
#13772=CARTESIAN_POINT('',(222.95,140.7,96.31));
#13773=CARTESIAN_POINT('',(204.26,140.7,96.31));
#13774=CARTESIAN_POINT('',(222.95,140.7,96.31));
#13775=CARTESIAN_POINT('',(204.26,144.7,96.31));
#13776=CARTESIAN_POINT('',(204.26,140.7,96.31));
#13777=CARTESIAN_POINT('',(222.95,144.7,96.31));
#13778=CARTESIAN_POINT('',(222.95,144.7,96.31));
#13779=CARTESIAN_POINT('',(222.95,140.7,96.31));
#13780=CARTESIAN_POINT('Origin',(222.95,140.7,77.62));
#13781=CARTESIAN_POINT('',(222.95,140.7,77.62));
#13782=CARTESIAN_POINT('',(222.95,140.7,77.62));
#13783=CARTESIAN_POINT('',(222.95,144.7,77.62));
#13784=CARTESIAN_POINT('',(222.95,144.7,77.62));
#13785=CARTESIAN_POINT('',(222.95,140.7,77.62));
#13786=CARTESIAN_POINT('Origin',(204.26,140.7,77.62));
#13787=CARTESIAN_POINT('',(204.26,140.7,77.62));
#13788=CARTESIAN_POINT('',(204.26,140.7,77.62));
#13789=CARTESIAN_POINT('',(204.26,144.7,77.62));
#13790=CARTESIAN_POINT('',(204.26,144.7,77.62));
#13791=CARTESIAN_POINT('',(204.26,140.7,77.62));
#13792=CARTESIAN_POINT('Origin',(204.26,140.7,96.31));
#13793=CARTESIAN_POINT('',(204.26,140.7,96.31));
#13794=CARTESIAN_POINT('',(204.26,144.7,96.31));
#13795=CARTESIAN_POINT('Origin',(307.31,140.7,117.4));
#13796=CARTESIAN_POINT('',(307.31,140.7,117.4));
#13797=CARTESIAN_POINT('',(288.62,140.7,117.4));
#13798=CARTESIAN_POINT('',(307.31,140.7,117.4));
#13799=CARTESIAN_POINT('',(288.62,144.7,117.4));
#13800=CARTESIAN_POINT('',(288.62,140.7,117.4));
#13801=CARTESIAN_POINT('',(307.31,144.7,117.4));
#13802=CARTESIAN_POINT('',(307.31,144.7,117.4));
#13803=CARTESIAN_POINT('',(307.31,140.7,117.4));
#13804=CARTESIAN_POINT('Origin',(307.31,140.7,98.71));
#13805=CARTESIAN_POINT('',(307.31,140.7,98.71));
#13806=CARTESIAN_POINT('',(307.31,140.7,98.71));
#13807=CARTESIAN_POINT('',(307.31,144.7,98.71));
#13808=CARTESIAN_POINT('',(307.31,144.7,98.71));
#13809=CARTESIAN_POINT('',(307.31,140.7,98.71));
#13810=CARTESIAN_POINT('Origin',(288.62,140.7,98.71));
#13811=CARTESIAN_POINT('',(288.62,140.7,98.71));
#13812=CARTESIAN_POINT('',(288.62,140.7,98.71));
#13813=CARTESIAN_POINT('',(288.62,144.7,98.71));
#13814=CARTESIAN_POINT('',(288.62,144.7,98.71));
#13815=CARTESIAN_POINT('',(288.62,140.7,98.71));
#13816=CARTESIAN_POINT('Origin',(288.62,140.7,117.4));
#13817=CARTESIAN_POINT('',(288.62,140.7,117.4));
#13818=CARTESIAN_POINT('',(288.62,144.7,117.4));
#13819=CARTESIAN_POINT('Origin',(180.77,140.7,54.13));
#13820=CARTESIAN_POINT('',(180.77,140.7,54.13));
#13821=CARTESIAN_POINT('',(162.08,140.7,54.13));
#13822=CARTESIAN_POINT('',(180.77,140.7,54.13));
#13823=CARTESIAN_POINT('',(162.08,144.7,54.13));
#13824=CARTESIAN_POINT('',(162.08,140.7,54.13));
#13825=CARTESIAN_POINT('',(180.77,144.7,54.13));
#13826=CARTESIAN_POINT('',(180.77,144.7,54.13));
#13827=CARTESIAN_POINT('',(180.77,140.7,54.13));
#13828=CARTESIAN_POINT('Origin',(180.77,140.7,35.44));
#13829=CARTESIAN_POINT('',(180.77,140.7,35.44));
#13830=CARTESIAN_POINT('',(180.77,140.7,35.44));
#13831=CARTESIAN_POINT('',(180.77,144.7,35.44));
#13832=CARTESIAN_POINT('',(180.77,144.7,35.44));
#13833=CARTESIAN_POINT('',(180.77,140.7,35.44));
#13834=CARTESIAN_POINT('Origin',(162.08,140.7,35.44));
#13835=CARTESIAN_POINT('',(162.08,140.7,35.44));
#13836=CARTESIAN_POINT('',(162.08,140.7,35.44));
#13837=CARTESIAN_POINT('',(162.08,144.7,35.44));
#13838=CARTESIAN_POINT('',(162.08,144.7,35.44));
#13839=CARTESIAN_POINT('',(162.08,140.7,35.44));
#13840=CARTESIAN_POINT('Origin',(162.08,140.7,54.13));
#13841=CARTESIAN_POINT('',(162.08,140.7,54.13));
#13842=CARTESIAN_POINT('',(162.08,144.7,54.13));
#13843=CARTESIAN_POINT('Origin',(329.8,140.7,10.2));
#13844=CARTESIAN_POINT('',(329.8,140.7,10.2));
#13845=CARTESIAN_POINT('',(118.5,140.7,10.2));
#13846=CARTESIAN_POINT('',(329.8,140.7,10.2));
#13847=CARTESIAN_POINT('',(118.5,144.7,10.2));
#13848=CARTESIAN_POINT('',(118.5,140.7,10.2));
#13849=CARTESIAN_POINT('',(329.8,144.7,10.2));
#13850=CARTESIAN_POINT('',(329.8,144.7,10.2));
#13851=CARTESIAN_POINT('',(329.8,140.7,10.2));
#13852=CARTESIAN_POINT('Origin',(329.8,140.7,227.));
#13853=CARTESIAN_POINT('',(329.8,140.7,227.));
#13854=CARTESIAN_POINT('',(329.8,140.7,227.));
#13855=CARTESIAN_POINT('',(329.8,144.7,227.));
#13856=CARTESIAN_POINT('',(329.8,144.7,227.));
#13857=CARTESIAN_POINT('',(329.8,140.7,227.));
#13858=CARTESIAN_POINT('Origin',(118.5,140.7,227.));
#13859=CARTESIAN_POINT('',(118.5,140.7,227.));
#13860=CARTESIAN_POINT('',(118.5,140.7,227.));
#13861=CARTESIAN_POINT('',(118.5,144.7,227.));
#13862=CARTESIAN_POINT('',(118.5,144.7,227.));
#13863=CARTESIAN_POINT('',(118.5,140.7,227.));
#13864=CARTESIAN_POINT('Origin',(118.5,140.7,10.2));
#13865=CARTESIAN_POINT('',(118.5,140.7,10.2));
#13866=CARTESIAN_POINT('',(118.5,144.7,10.2));
#13867=CARTESIAN_POINT('Origin',(224.15,144.7,118.6));
#13868=CARTESIAN_POINT('Origin',(224.15,140.7,118.6));
#13869=CARTESIAN_POINT('',(0.,0.,0.));
#13870=CARTESIAN_POINT('',(0.,0.,0.));
#13871=CARTESIAN_POINT('',(0.,0.,0.));
#13872=CARTESIAN_POINT('',(0.,0.,0.));
#13873=CARTESIAN_POINT('',(0.,0.,0.));
#13874=CARTESIAN_POINT('',(0.,0.,0.));
#13875=UNCERTAINTY_MEASURE_WITH_UNIT(LENGTH_MEASURE(0.01),#13893,
'DISTANCE_ACCURACY_VALUE',
'Maximum model space distance between geometric entities at asserted c
onnectivities');
#13876=UNCERTAINTY_MEASURE_WITH_UNIT(LENGTH_MEASURE(0.01),#13893,
'DISTANCE_ACCURACY_VALUE',
'Maximum model space distance between geometric entities at asserted c
onnectivities');
#13877=UNCERTAINTY_MEASURE_WITH_UNIT(LENGTH_MEASURE(0.01),#13893,
'DISTANCE_ACCURACY_VALUE',
'Maximum model space distance between geometric entities at asserted c
onnectivities');
#13878=UNCERTAINTY_MEASURE_WITH_UNIT(LENGTH_MEASURE(0.01),#13893,
'DISTANCE_ACCURACY_VALUE',
'Maximum model space distance between geometric entities at asserted c
onnectivities');
#13879=UNCERTAINTY_MEASURE_WITH_UNIT(LENGTH_MEASURE(0.01),#13893,
'DISTANCE_ACCURACY_VALUE',
'Maximum model space distance between geometric entities at asserted c
onnectivities');
#13880=UNCERTAINTY_MEASURE_WITH_UNIT(LENGTH_MEASURE(0.01),#13893,
'DISTANCE_ACCURACY_VALUE',
'Maximum model space distance between geometric entities at asserted c
onnectivities');
#13881=UNCERTAINTY_MEASURE_WITH_UNIT(LENGTH_MEASURE(0.01),#13893,
'DISTANCE_ACCURACY_VALUE',
'Maximum model space distance between geometric entities at asserted c
onnectivities');
#13882=UNCERTAINTY_MEASURE_WITH_UNIT(LENGTH_MEASURE(0.01),#13893,
'DISTANCE_ACCURACY_VALUE',
'Maximum model space distance between geometric entities at asserted c
onnectivities');
#13883=UNCERTAINTY_MEASURE_WITH_UNIT(LENGTH_MEASURE(0.01),#13893,
'DISTANCE_ACCURACY_VALUE',
'Maximum model space distance between geometric entities at asserted c
onnectivities');
#13884=(
GEOMETRIC_REPRESENTATION_CONTEXT(3)
GLOBAL_UNCERTAINTY_ASSIGNED_CONTEXT((#13875))
GLOBAL_UNIT_ASSIGNED_CONTEXT((#13893,#13895,#13896))
REPRESENTATION_CONTEXT('','3D')
);
#13885=(
GEOMETRIC_REPRESENTATION_CONTEXT(3)
GLOBAL_UNCERTAINTY_ASSIGNED_CONTEXT((#13876))
GLOBAL_UNIT_ASSIGNED_CONTEXT((#13893,#13895,#13896))
REPRESENTATION_CONTEXT('','3D')
);
#13886=(
GEOMETRIC_REPRESENTATION_CONTEXT(3)
GLOBAL_UNCERTAINTY_ASSIGNED_CONTEXT((#13877))
GLOBAL_UNIT_ASSIGNED_CONTEXT((#13893,#13895,#13896))
REPRESENTATION_CONTEXT('','3D')
);
#13887=(
GEOMETRIC_REPRESENTATION_CONTEXT(3)
GLOBAL_UNCERTAINTY_ASSIGNED_CONTEXT((#13878))
GLOBAL_UNIT_ASSIGNED_CONTEXT((#13893,#13895,#13896))
REPRESENTATION_CONTEXT('','3D')
);
#13888=(
GEOMETRIC_REPRESENTATION_CONTEXT(3)
GLOBAL_UNCERTAINTY_ASSIGNED_CONTEXT((#13879))
GLOBAL_UNIT_ASSIGNED_CONTEXT((#13893,#13895,#13896))
REPRESENTATION_CONTEXT('','3D')
);
#13889=(
GEOMETRIC_REPRESENTATION_CONTEXT(3)
GLOBAL_UNCERTAINTY_ASSIGNED_CONTEXT((#13880))
GLOBAL_UNIT_ASSIGNED_CONTEXT((#13893,#13895,#13896))
REPRESENTATION_CONTEXT('','3D')
);
#13890=(
GEOMETRIC_REPRESENTATION_CONTEXT(3)
GLOBAL_UNCERTAINTY_ASSIGNED_CONTEXT((#13881))
GLOBAL_UNIT_ASSIGNED_CONTEXT((#13893,#13895,#13896))
REPRESENTATION_CONTEXT('','3D')
);
#13891=(
GEOMETRIC_REPRESENTATION_CONTEXT(3)
GLOBAL_UNCERTAINTY_ASSIGNED_CONTEXT((#13882))
GLOBAL_UNIT_ASSIGNED_CONTEXT((#13893,#13895,#13896))
REPRESENTATION_CONTEXT('','3D')
);
#13892=(
GEOMETRIC_REPRESENTATION_CONTEXT(3)
GLOBAL_UNCERTAINTY_ASSIGNED_CONTEXT((#13883))
GLOBAL_UNIT_ASSIGNED_CONTEXT((#13893,#13895,#13896))
REPRESENTATION_CONTEXT('','3D')
);
#13893=(
LENGTH_UNIT()
NAMED_UNIT(*)
SI_UNIT(.MILLI.,.METRE.)
);
#13894=(
LENGTH_UNIT()
NAMED_UNIT(*)
SI_UNIT($,.METRE.)
);
#13895=(
NAMED_UNIT(*)
PLANE_ANGLE_UNIT()
SI_UNIT($,.RADIAN.)
);
#13896=(
NAMED_UNIT(*)
SI_UNIT($,.STERADIAN.)
SOLID_ANGLE_UNIT()
);
#13897=SHAPE_DEFINITION_REPRESENTATION(#13905,#13920);
#13898=SHAPE_DEFINITION_REPRESENTATION(#13906,#13921);
#13899=SHAPE_DEFINITION_REPRESENTATION(#13907,#13922);
#13900=SHAPE_DEFINITION_REPRESENTATION(#13908,#13923);
#13901=SHAPE_DEFINITION_REPRESENTATION(#13910,#13924);
#13902=SHAPE_DEFINITION_REPRESENTATION(#13911,#13925);
#13903=SHAPE_DEFINITION_REPRESENTATION(#13912,#13926);
#13904=SHAPE_DEFINITION_REPRESENTATION(#13913,#13927);
#13905=PRODUCT_DEFINITION_SHAPE('',$,#13929);
#13906=PRODUCT_DEFINITION_SHAPE('',$,#13930);
#13907=PRODUCT_DEFINITION_SHAPE('',$,#13931);
#13908=PRODUCT_DEFINITION_SHAPE('',$,#13932);
#13909=PRODUCT_DEFINITION_SHAPE($,$,#8929);
#13910=PRODUCT_DEFINITION_SHAPE('',$,#13933);
#13911=PRODUCT_DEFINITION_SHAPE('',$,#13934);
#13912=PRODUCT_DEFINITION_SHAPE('',$,#13935);
#13913=PRODUCT_DEFINITION_SHAPE('',$,#13936);
#13914=PRODUCT_DEFINITION_SHAPE($,$,#8930);
#13915=PRODUCT_DEFINITION_SHAPE($,$,#8931);
#13916=PRODUCT_DEFINITION_SHAPE($,$,#8932);
#13917=PRODUCT_DEFINITION_SHAPE($,$,#8933);
#13918=PRODUCT_DEFINITION_SHAPE($,$,#8934);
#13919=PRODUCT_DEFINITION_SHAPE($,$,#8935);
#13920=SHAPE_REPRESENTATION('',(#8959,#9379),#13884);
#13921=SHAPE_REPRESENTATION('',(#8960,#9377,#9378),#13885);
#13922=SHAPE_REPRESENTATION('',(#8961,#8963),#13886);
#13923=SHAPE_REPRESENTATION('',(#8962),#13887);
#13924=SHAPE_REPRESENTATION('',(#8964,#9376),#13888);
#13925=SHAPE_REPRESENTATION('',(#8965,#9375),#13889);
#13926=SHAPE_REPRESENTATION('',(#8966,#9374),#13890);
#13927=SHAPE_REPRESENTATION('',(#8967),#13891);
#13928=PRODUCT_DEFINITION_CONTEXT('part definition',#13954,'design');
#13929=PRODUCT_DEFINITION('SlotCrate','SlotCrate v99',#13937,#13928);
#13930=PRODUCT_DEFINITION('SlotCrate-124','SlotCrate-124',#13938,#13928);
#13931=PRODUCT_DEFINITION('Slotcar_Modul_124','Slotcar_Modul_124',#13939,
#13928);
#13932=PRODUCT_DEFINITION('Inlay_124_SM','Inlay_124_SM',#13940,#13928);
#13933=PRODUCT_DEFINITION('Tools_Modul_124','Tools_Modul_124',#13941,#13928);
#13934=PRODUCT_DEFINITION('Inlays_TM_124','Inlays_TM_124',#13942,#13928);
#13935=PRODUCT_DEFINITION('Drawers_TM_124','Drawers_TM_124',#13943,#13928);
#13936=PRODUCT_DEFINITION('SoS_TM_124','SoS_TM_124',#13944,#13928);
#13937=PRODUCT_DEFINITION_FORMATION('',$,#13956);
#13938=PRODUCT_DEFINITION_FORMATION('',$,#13957);
#13939=PRODUCT_DEFINITION_FORMATION('',$,#13958);
#13940=PRODUCT_DEFINITION_FORMATION('',$,#13959);
#13941=PRODUCT_DEFINITION_FORMATION('',$,#13960);
#13942=PRODUCT_DEFINITION_FORMATION('',$,#13961);
#13943=PRODUCT_DEFINITION_FORMATION('',$,#13962);
#13944=PRODUCT_DEFINITION_FORMATION('',$,#13963);
#13945=PRODUCT_RELATED_PRODUCT_CATEGORY('SlotCrate v99','SlotCrate v99',
(#13956));
#13946=PRODUCT_RELATED_PRODUCT_CATEGORY('SlotCrate-124','SlotCrate-124',
(#13957));
#13947=PRODUCT_RELATED_PRODUCT_CATEGORY('Slotcar_Modul_124',
'Slotcar_Modul_124',(#13958));
#13948=PRODUCT_RELATED_PRODUCT_CATEGORY('Inlay_124_SM','Inlay_124_SM',(#13959));
#13949=PRODUCT_RELATED_PRODUCT_CATEGORY('Tools_Modul_124',
'Tools_Modul_124',(#13960));
#13950=PRODUCT_RELATED_PRODUCT_CATEGORY('Inlays_TM_124','Inlays_TM_124',
(#13961));
#13951=PRODUCT_RELATED_PRODUCT_CATEGORY('Drawers_TM_124',
'Drawers_TM_124',(#13962));
#13952=PRODUCT_RELATED_PRODUCT_CATEGORY('SoS_TM_124','SoS_TM_124',(#13963));
#13953=APPLICATION_PROTOCOL_DEFINITION('international standard',
'automotive_design',2009,#13954);
#13954=APPLICATION_CONTEXT(
'Core Data for Automotive Mechanical Design Process');
#13955=PRODUCT_CONTEXT('part definition',#13954,'mechanical');
#13956=PRODUCT('SlotCrate','SlotCrate v99',$,(#13955));
#13957=PRODUCT('SlotCrate-124','SlotCrate-124',$,(#13955));
#13958=PRODUCT('Slotcar_Modul_124','Slotcar_Modul_124',$,(#13955));
#13959=PRODUCT('Inlay_124_SM','Inlay_124_SM',$,(#13955));
#13960=PRODUCT('Tools_Modul_124','Tools_Modul_124',$,(#13955));
#13961=PRODUCT('Inlays_TM_124','Inlays_TM_124',$,(#13955));
#13962=PRODUCT('Drawers_TM_124','Drawers_TM_124',$,(#13955));
#13963=PRODUCT('SoS_TM_124','SoS_TM_124',$,(#13955));
#13964=PRESENTATION_STYLE_ASSIGNMENT((#13972));
#13965=PRESENTATION_STYLE_ASSIGNMENT((#13973));
#13966=PRESENTATION_STYLE_ASSIGNMENT((#13974));
#13967=PRESENTATION_STYLE_ASSIGNMENT((#13975));
#13968=PRESENTATION_STYLE_ASSIGNMENT((#13976));
#13969=PRESENTATION_STYLE_ASSIGNMENT((#13977));
#13970=PRESENTATION_STYLE_ASSIGNMENT((#13978));
#13971=PRESENTATION_STYLE_ASSIGNMENT((#13979));
#13972=SURFACE_STYLE_USAGE(.BOTH.,#13980);
#13973=SURFACE_STYLE_USAGE(.BOTH.,#13981);
#13974=SURFACE_STYLE_USAGE(.BOTH.,#13982);
#13975=SURFACE_STYLE_USAGE(.BOTH.,#13983);
#13976=SURFACE_STYLE_USAGE(.BOTH.,#13984);
#13977=SURFACE_STYLE_USAGE(.BOTH.,#13985);
#13978=SURFACE_STYLE_USAGE(.BOTH.,#13986);
#13979=SURFACE_STYLE_USAGE(.BOTH.,#13987);
#13980=SURFACE_SIDE_STYLE('',(#13988));
#13981=SURFACE_SIDE_STYLE('',(#13989));
#13982=SURFACE_SIDE_STYLE('',(#13990));
#13983=SURFACE_SIDE_STYLE('',(#13991));
#13984=SURFACE_SIDE_STYLE('',(#13992));
#13985=SURFACE_SIDE_STYLE('',(#13993));
#13986=SURFACE_SIDE_STYLE('',(#13994));
#13987=SURFACE_SIDE_STYLE('',(#13995));
#13988=SURFACE_STYLE_FILL_AREA(#13996);
#13989=SURFACE_STYLE_FILL_AREA(#13997);
#13990=SURFACE_STYLE_FILL_AREA(#13998);
#13991=SURFACE_STYLE_FILL_AREA(#13999);
#13992=SURFACE_STYLE_FILL_AREA(#14000);
#13993=SURFACE_STYLE_FILL_AREA(#14001);
#13994=SURFACE_STYLE_FILL_AREA(#14002);
#13995=SURFACE_STYLE_FILL_AREA(#14003);
#13996=FILL_AREA_STYLE('ABS (Wei\X\DF)',(#14004));
#13997=FILL_AREA_STYLE('Kunststoff - matt (Schwarz)',(#14005));
#13998=FILL_AREA_STYLE('Kunststoff - matt (Gr\X\FCn)',(#14006));
#13999=FILL_AREA_STYLE('FR4',(#14007));
#14000=FILL_AREA_STYLE('Kunststoff - matt (Gelb)',(#14008));
#14001=FILL_AREA_STYLE('Kunststoff - matt (Rot)',(#14009));
#14002=FILL_AREA_STYLE('Pulverbeschichtung - rau (Dunkelgrau)',(#14010));
#14003=FILL_AREA_STYLE('Kunststoff - matt (Blau)',(#14011));
#14004=FILL_AREA_STYLE_COLOUR('ABS (Wei\X\DF)',#14012);
#14005=FILL_AREA_STYLE_COLOUR('Kunststoff - matt (Schwarz)',#14013);
#14006=FILL_AREA_STYLE_COLOUR('Kunststoff - matt (Gr\X\FCn)',#14014);
#14007=FILL_AREA_STYLE_COLOUR('FR4',#14015);
#14008=FILL_AREA_STYLE_COLOUR('Kunststoff - matt (Gelb)',#14016);
#14009=FILL_AREA_STYLE_COLOUR('Kunststoff - matt (Rot)',#14017);
#14010=FILL_AREA_STYLE_COLOUR('Pulverbeschichtung - rau (Dunkelgrau)',#14018);
#14011=FILL_AREA_STYLE_COLOUR('Kunststoff - matt (Blau)',#14019);
#14012=COLOUR_RGB('ABS (Wei\X\DF)',0.964705882352941,0.964705882352941,
0.952941176470588);
#14013=COLOUR_RGB('Kunststoff - matt (Schwarz)',0.0980392156862745,0.0980392156862745,
0.0980392156862745);
#14014=COLOUR_RGB('Kunststoff - matt (Gr\X\FCn)',0.266666666666667,0.588235294117647,
0.282352941176471);
#14015=COLOUR_RGB('FR4',0.266666666666667,0.466666666666667,0.4);
#14016=COLOUR_RGB('Kunststoff - matt (Gelb)',0.909803921568627,0.67843137254902,
0.137254901960784);
#14017=COLOUR_RGB('Kunststoff - matt (Rot)',0.768627450980392,0.207843137254902,
0.152941176470588);
#14018=COLOUR_RGB('Pulverbeschichtung - rau (Dunkelgrau)',0.349019607843137,
0.349019607843137,0.349019607843137);
#14019=COLOUR_RGB('Kunststoff - matt (Blau)',0.188235294117647,0.231372549019608,
0.588235294117647);
ENDSEC;
END-ISO-10303-21;
